ISO-10303-21;
HEADER;
FILE_DESCRIPTION (( 'STEP AP214' ),
    '1' );
FILE_NAME ('rocketmodel2.STEP',
    '2026-02-05T23:25:20',
    ( '' ),
    ( '' ),
    'SwSTEP 2.0',
    'SolidWorks 2024',
    '' );
FILE_SCHEMA (( 'AUTOMOTIVE_DESIGN' ));
ENDSEC;

DATA;
#1 = CARTESIAN_POINT ( 'NONE',  ( -0.002502442247226089982, 0.02396976563227930235, 0.004552089471868250685 ) ) ;
#2 = CARTESIAN_POINT ( 'NONE',  ( 0.002735359105784480275, -0.02571293746451589965, 0.04919681233140439647 ) ) ;
#3 = CARTESIAN_POINT ( 'NONE',  ( -0.04149169152544179839, -0.002277895289701739861, 0.03905362816219510452 ) ) ;
#4 = CARTESIAN_POINT ( 'NONE',  ( 0.02646927902080999789, -0.0009125939558662739997, 0.01319002578616479925 ) ) ;
#5 = CARTESIAN_POINT ( 'NONE',  ( -0.0002555035328218620131, 0.02725712597443070290, 0.007823001274397169483 ) ) ;
#6 = CARTESIAN_POINT ( 'NONE',  ( -0.02353635663509769799, -0.005181791221704729923, 0.03563765614188060121 ) ) ;
#7 = FACE_OUTER_BOUND ( 'NONE', #5162, .T. ) ;
#8 = CARTESIAN_POINT ( 'NONE',  ( -0.0005601296105389889706, 0.04967670737730099650, 0.03641852703635650029 ) ) ;
#9 = CARTESIAN_POINT ( 'NONE',  ( 0.002981556986462500017, -0.02512165982173130210, 0.04365480219972350112 ) ) ;
#10 = CARTESIAN_POINT ( 'NONE',  ( 0.005299498236045679239, -0.02351011596678909826, 0.03993136090617929734 ) ) ;
#11 = VERTEX_POINT ( 'NONE', #2206 ) ;
#12 = CARTESIAN_POINT ( 'NONE',  ( 0.002652321443635920119, -0.02395360497292610066, 0.005763435695634589774 ) ) ;
#13 = CARTESIAN_POINT ( 'NONE',  ( 0.02390704725932819852, 0.003046999222455459757, 0.009080449207841739465 ) ) ;
#14 = CARTESIAN_POINT ( 'NONE',  ( -0.003792926869404609786, 0.02381412275804219852, 0.02573758306725620199 ) ) ;
#15 = CARTESIAN_POINT ( 'NONE',  ( 0.02405870038501210090, 0.001671246245588069992, 0.005181970161226960754 ) ) ;
#16 = CARTESIAN_POINT ( 'NONE',  ( 0.02685614267441440578, 0.002077512068911942233, 0.02451102639384939927 ) ) ;
#17 = VECTOR ( 'NONE', #4985, 1.000000000000000000 ) ;
#18 = CARTESIAN_POINT ( 'NONE',  ( 0.1632247789736557542, -0.02055518108694219526, -2.517283672401797244E-18 ) ) ;
#19 = EDGE_LOOP ( 'NONE', ( #4026, #1591, #2131, #6051, #3784, #6241 ) ) ;
#20 = CARTESIAN_POINT ( 'NONE',  ( 0.04149169152544299882, -0.001267888313791839952, 0.04264535186714280002 ) ) ;
#21 = CARTESIAN_POINT ( 'NONE',  ( -3.448836701482030142E-05, 0.02512165982172390177, 0.008092821148954329816 ) ) ;
#22 = CARTESIAN_POINT ( 'NONE',  ( -0.01748184511943710190, 0.001604242380915210046, -0.002539817088975079677 ) ) ;
#23 = CARTESIAN_POINT ( 'NONE',  ( -0.000000000000000000, -0.001413534864705638617, 0.01128747736308625786 ) ) ;
#24 = B_SPLINE_SURFACE_WITH_KNOTS ( 'NONE', 3, 3, ( 
 ( #1739, #1675, #5612, #1162 ),
 ( #3142, #1707, #5215, #4212 ),
 ( #6201, #771, #5116, #2652 ),
 ( #295, #2258, #6237, #197 ),
 ( #3665, #5644, #1190, #3172 ),
 ( #229, #5150, #4662, #5676 ),
 ( #1224, #3430, #390, #1894 ),
 ( #6389, #5346, #1382, #3917 ),
 ( #2810, #901, #927, #416 ),
 ( #2417, #361, #5285, #4366 ),
 ( #4850, #4313, #6269, #4395 ),
 ( #5409, #4884, #4340, #4914 ),
 ( #2389, #2357, #3367, #444 ),
 ( #5866, #1408, #5837, #1924 ),
 ( #6299, #3887, #3303, #1805 ),
 ( #5898, #2872, #843, #5803 ),
 ( #6360, #2326, #6331, #3398 ),
 ( #5379, #2901, #1439, #2840 ),
 ( #959, #2931, #1834, #3830 ),
 ( #5317, #1863, #474, #3799 ),
 ( #2449, #5773, #3859, #1325 ),
 ( #4795, #1355, #3338, #873 ),
 ( #4822, #2481, #633, #4528 ),
 ( #991, #6064, #2576, #127 ),
 ( #2967, #1123, #3100, #5995 ),
 ( #4014, #4462, #1472, #5538 ),
 ( #504, #1604, #5477, #3562 ),
 ( #3034, #1058, #33, #2052 ),
 ( #4046, #1089, #4559, #5078 ),
 ( #3594, #3068, #1989, #1024 ),
 ( #3978, #5963, #6030, #62 ),
 ( #9, #4951, #3949, #1509 ),
 ( #5016, #3497, #1957, #3530 ),
 ( #4428, #568, #5046, #3001 ),
 ( #4983, #96, #3464, #5932 ),
 ( #2085, #5507, #5441, #537 ),
 ( #1541, #2509, #4495, #1572 ),
 ( #600, #2543, #4078, #2021 ),
 ( #5572, #1766, #5108, #4622 ),
 ( #1665, #3165, #3690, #2611 ),
 ( #253, #2219, #5142, #223 ),
 ( #189, #1284, #1153, #4722 ) ),
 .UNSPECIFIED., .F., .F., .F.,
 ( 4, 1, 1, 1, 1, 1, 1, 1, 1, 1, 1, 1, 1, 1, 1, 1, 1, 1, 1, 1, 1, 1, 1, 1, 1, 1, 1, 1, 1, 1, 1, 1, 1, 1, 1, 1, 1, 1, 1, 4 ),
 ( 4, 4 ),
 ( 0.000000000000000000, 0.008928571428571429811, 0.01785714285714290125, 0.03571428571428569843, 0.07142857142857139685, 0.1428571428571430157, 0.2857142857142860315, 0.3035714285714289917, 0.3214285714285710083, 0.3571428571428569843, 0.3928571428571430157, 0.4107142857142860315, 0.4196428571428569843, 0.4285714285714289917, 0.4523809523809519950, 0.4642857142857140240, 0.4702380952380950108, 0.4761904761904759975, 0.4940476190476190133, 0.5000000000000000000, 0.5119047619047620845, 0.5238095238095240580, 0.5297619047619049892, 0.5357142857142859205, 0.5476190476190480050, 0.5595238095238099785, 0.5714285714285709528, 0.5952380952380950108, 0.6190476190476190688, 0.6428571428571430157, 0.6666666666666670737, 0.6904761904761900215, 0.7142857142857139685, 0.8571428571428569843, 0.9285714285714290472, 0.9642857142857139685, 0.9821428571428569843, 0.9910714285714290472, 0.9955357142857139685, 1.000000000000000000 ),
 ( 0.06359817331327330403, 1.000000000000000000 ),
 .UNSPECIFIED. ) ;
#25 = CARTESIAN_POINT ( 'NONE',  ( -0.02635052431652180546, -0.002912193142223973904, 0.04554666788843349939 ) ) ;
#26 = CARTESIAN_POINT ( 'NONE',  ( -0.02670724897241140081, -0.0008686125815274600270, 0.0001482569609459749853 ) ) ;
#27 = CARTESIAN_POINT ( 'NONE',  ( 0.000000000000000000, -1.917286561201079971E-05, 3.995581544030010171E-05 ) ) ;
#28 = CARTESIAN_POINT ( 'NONE',  ( -0.02407763244488660137, -0.001377201743959490139, 0.002868015049789910276 ) ) ;
#29 = AXIS2_PLACEMENT_3D ( 'NONE', #1641, #3598, #5607 ) ;
#30 = CARTESIAN_POINT ( 'NONE',  ( -0.02351180068898000089, -0.005292019685190970171, 0.04422883793399699781 ) ) ;
#31 = CARTESIAN_POINT ( 'NONE',  ( -0.02581238217843720081, -0.002962400888772869986, 0.04416755310037610155 ) ) ;
#32 = UNCERTAINTY_MEASURE_WITH_UNIT (LENGTH_MEASURE( 1.000000000000000082E-05 ), #1946, 'distance_accuracy_value', 'NONE');
#33 = CARTESIAN_POINT ( 'NONE',  ( 0.002277895289701729886, -0.04149169152544329719, 0.03905362816219370287 ) ) ;
#34 = CARTESIAN_POINT ( 'NONE',  ( 0.02349547826829729777, -0.005364000882866959939, 0.04134574841576779680 ) ) ;
#35 = CARTESIAN_POINT ( 'NONE',  ( -0.001142854779237269984, -0.02708645928007590020, 0.01460256803023060081 ) ) ;
#36 = CARTESIAN_POINT ( 'NONE',  ( -0.04149169152544229799, -0.0003604835824018760046, -0.003879429829294019950 ) ) ;
#37 = CARTESIAN_POINT ( 'NONE',  ( 0.02585487773624740165, -0.003029067223002769767, 0.04136093640156839751 ) ) ;
#38 = CARTESIAN_POINT ( 'NONE',  ( -0.0002096629592745249938, 0.02514976271453840326, 0.05803442900929500076 ) ) ;
#39 = CARTESIAN_POINT ( 'NONE',  ( -0.02361105778318479953, -0.004831195492954969313, 0.05150662551810240158 ) ) ;
#40 = CARTESIAN_POINT ( 'NONE',  ( 0.002752846129095190032, 0.02394226820531409824, 0.006160217732937879609 ) ) ;
#41 = CARTESIAN_POINT ( 'NONE',  ( 0.07394948935830365777, -0.01364000912233499264, -1.670419351200824693E-18 ) ) ;
#42 = CARTESIAN_POINT ( 'NONE',  ( 0.004539496067766509921, -0.02368148222180870011, 0.03994436762939779922 ) ) ;
#43 = VERTEX_POINT ( 'NONE', #4190 ) ;
#44 = FACE_OUTER_BOUND ( 'NONE', #5550, .T. ) ;
#45 = CARTESIAN_POINT ( 'NONE',  ( 0.02404032104188719848, -0.001917583846095269849, 0.006696142022971190468 ) ) ;
#46 = CARTESIAN_POINT ( 'NONE',  ( -0.002519120551260029938, 0.02445258865466209963, 0.05460063490986490076 ) ) ;
#47 = CARTESIAN_POINT ( 'NONE',  ( 0.02408339887974559820, 0.001274784560109580188, 0.002063335947657490149 ) ) ;
#48 = CARTESIAN_POINT ( 'NONE',  ( 0.02705236993387989675, -0.001299719709970820159, 0.01601321970402460118 ) ) ;
#49 = CARTESIAN_POINT ( 'NONE',  ( 0.1588327224262097992, -0.02046602387686770330, -0.04093204775373540660 ) ) ;
#50 = ORIENTED_EDGE ( 'NONE', *, *, #1721, .T. ) ;
#51 = CARTESIAN_POINT ( 'NONE',  ( 0.03330667567358409908, 0.002932823928908710135, 0.03920667310099439778 ) ) ;
#52 = CARTESIAN_POINT ( 'NONE',  ( -3.538378678623969853E-05, 0.04149169152544169431, -0.006249687328745850284 ) ) ;
#53 = ORIENTED_EDGE ( 'NONE', *, *, #5171, .T. ) ;
#54 = CARTESIAN_POINT ( 'NONE',  ( 0.000000000000000000, -0.001179241726259640027, 0.04944649050623040054 ) ) ;
#55 = CARTESIAN_POINT ( 'NONE',  ( 7.752104750417979781E-06, 0.02729834969703550177, 0.005885252926493710415 ) ) ;
#56 = CARTESIAN_POINT ( 'NONE',  ( -0.02729327078315439692, 9.626055667726502460E-05, 0.006208223811194169689 ) ) ;
#57 = CARTESIAN_POINT ( 'NONE',  ( -6.890688674822020214E-05, -0.04967670737730060099, -0.01356962858967569914 ) ) ;
#58 = CARTESIAN_POINT ( 'NONE',  ( 2.588372768833214756E-05, 0.02620918816071435287, 0.005238291093869073926 ) ) ;
#59 = CARTESIAN_POINT ( 'NONE',  ( -0.02409706917175220148, -0.0009878459650988259417, -0.0001899241902213884791 ) ) ;
#60 = CARTESIAN_POINT ( 'NONE',  ( -0.02394865088784619775, -0.002696803805306369987, 0.006125385272773420722 ) ) ;
#61 = CARTESIAN_POINT ( 'NONE',  ( -0.02730263252102770044, 9.185096367410000118E-05, 0.006169254464327169479 ) ) ;
#62 = CARTESIAN_POINT ( 'NONE',  ( 0.002935752962990789781, -0.04967670737729969893, 0.02483157036816860050 ) ) ;
#63 = CARTESIAN_POINT ( 'NONE',  ( 0.005322878268150390418, 0.02350483672662560114, 0.03849035679209039662 ) ) ;
#64 = CARTESIAN_POINT ( 'NONE',  ( 0.002516348325271049961, -0.02621122068060080176, 0.05081450122343929982 ) ) ;
#65 = CARTESIAN_POINT ( 'NONE',  ( -0.04967670737730189856, 0.001872015784316490104, 0.03395040142086400148 ) ) ;
#66 = CARTESIAN_POINT ( 'NONE',  ( 0.02635052429803319898, 0.002912193139697399902, 0.04554666790650249708 ) ) ;
#67 = CARTESIAN_POINT ( 'NONE',  ( -0.001821415242275019981, 0.02692470501931150048, 0.02169182100831279839 ) ) ;
#68 = EDGE_CURVE ( 'NONE', #591, #4164, #4580, .T. ) ;
#69 = CARTESIAN_POINT ( 'NONE',  ( -0.02497179251387679835, 0.0004725492281827380092, 0.006908617809393709751 ) ) ;
#70 = VECTOR ( 'NONE', #5990, 0.9999999999999998890 ) ;
#71 = CARTESIAN_POINT ( 'NONE',  ( -0.005122283825493519939, 0.02354938716509679883, 0.03420923656222159964 ) ) ;
#72 = CARTESIAN_POINT ( 'NONE',  ( 0.0004817771452915797304, 0.0003404228950179930967, 0.0006808457900359865186 ) ) ;
#73 = CARTESIAN_POINT ( 'NONE',  ( 0.002897407066365870112, -0.02394081285601309950, 0.01580814973662599682 ) ) ;
#74 = ORIENTED_EDGE ( 'NONE', *, *, #2470, .F. ) ;
#75 = CARTESIAN_POINT ( 'NONE',  ( 0.4570000000000000173, 0.000000000000000000, 0.000000000000000000 ) ) ;
#76 = CARTESIAN_POINT ( 'NONE',  ( 0.02368176531222030215, 0.004537724555712400500, 0.03994435862167509954 ) ) ;
#77 = PRODUCT ( 'bodytube', 'bodytube', '', ( #867 ) ) ;
#78 = CARTESIAN_POINT ( 'NONE',  ( 0.0005093191750137619940, 0.02431433876535839950, 0.05893093314516530123 ) ) ;
#79 = CARTESIAN_POINT ( 'NONE',  ( 0.02402073420489360053, 0.001953673722041790028, 0.0001249053047553620027 ) ) ;
#80 = CARTESIAN_POINT ( 'NONE',  ( 0.02702728172558699349, 0.001399368806205780963, 0.01745689645599349943 ) ) ;
#81 = CARTESIAN_POINT ( 'NONE',  ( 0.1543273542709824309, 0.02031583516610298984, 0.000000000000000000 ) ) ;
#82 = ORIENTED_EDGE ( 'NONE', *, *, #6137, .T. ) ;
#83 = CARTESIAN_POINT ( 'NONE',  ( 0.03330667567358380071, 0.002960458266613399773, 0.03364425825554769739 ) ) ;
#84 = EDGE_CURVE ( 'NONE', #2664, #4733, #3861, .T. ) ;
#85 = CARTESIAN_POINT ( 'NONE',  ( -3.735075217872200397E-05, 0.03330667567358280151, 0.0009387196546795249699 ) ) ;
#86 = ORIENTED_EDGE ( 'NONE', *, *, #3318, .F. ) ;
#87 = CARTESIAN_POINT ( 'NONE',  ( -0.01748184511945730102, 0.002574701410000180060, 0.02931712262610879777 ) ) ;
#88 = CARTESIAN_POINT ( 'NONE',  ( 0.000000000000000000, -6.156564818772120040E-05, 0.0003405266876401209634 ) ) ;
#89 = CARTESIAN_POINT ( 'NONE',  ( -0.02728830161330759313, -4.860720474103647957E-05, 0.006294174026215500727 ) ) ;
#90 = CARTESIAN_POINT ( 'NONE',  ( 0.1639999999999998959, 0.000000000000000000, 0.000000000000000000 ) ) ;
#91 = CARTESIAN_POINT ( 'NONE',  ( 0.000000000000000000, 0.000000000000000000, 0.000000000000000000 ) ) ;
#92 = CARTESIAN_POINT ( 'NONE',  ( 0.04967670737730060099, -2.689257481611769771E-05, -0.01386707384036130024 ) ) ;
#93 = CARTESIAN_POINT ( 'NONE',  ( -0.02395188575719540275, -0.002667842388990889976, 0.005889346204993350584 ) ) ;
#94 = CARTESIAN_POINT ( 'NONE',  ( -0.02612677073401779848, 0.002302207790267830033, 0.05268894168867849920 ) ) ;
#95 = UNCERTAINTY_MEASURE_WITH_UNIT (LENGTH_MEASURE( 1.000000000000000082E-05 ), #4577, 'distance_accuracy_value', 'NONE');
#96 = CARTESIAN_POINT ( 'NONE',  ( 0.001871927727091259822, -0.03330667567358819997, 0.01598871263838009746 ) ) ;
#97 = CARTESIAN_POINT ( 'NONE',  ( -0.001856740203276720062, 0.02403730378431439760, 0.05973253361632009650 ) ) ;
#98 = CARTESIAN_POINT ( 'NONE',  ( -0.0001580944741964899981, -0.02728206142072930190, 0.006661121239980109451 ) ) ;
#99 = CARTESIAN_POINT ( 'NONE',  ( -0.04967670737730069813, -0.001712458349813959953, 0.03424198695874380166 ) ) ;
#100 = CARTESIAN_POINT ( 'NONE',  ( 0.02718965183674259753, -0.0006416775674134369851, 0.01037704043510519897 ) ) ;
#101 = CARTESIAN_POINT ( 'NONE',  ( -0.002416589801704280022, 0.02675242480604600112, 0.02873429000681010023 ) ) ;
#102 = CARTESIAN_POINT ( 'NONE',  ( -0.02370494738002570240, 0.004418978991672280372, 0.03472043498979909826 ) ) ;
#103 = CARTESIAN_POINT ( 'NONE',  ( 0.004642559232241589770, 0.02364930119817169885, 0.05322101650698179975 ) ) ;
#104 = CARTESIAN_POINT ( 'NONE',  ( 0.01210347882708783310, -0.003797319272488452763, 0.007594638544976900323 ) ) ;
#105 = CARTESIAN_POINT ( 'NONE',  ( -0.0004423154642538400520, -0.02497436814167470001, 0.006689434174112500638 ) ) ;
#106 = ORIENTED_EDGE ( 'NONE', *, *, #1495, .F. ) ;
#107 = CARTESIAN_POINT ( 'NONE',  ( -0.04967670737727229724, 0.001923791876105660024, 0.001599139545538199973 ) ) ;
#108 = EDGE_CURVE ( 'NONE', #2529, #3476, #676, .T. ) ;
#109 = CARTESIAN_POINT ( 'NONE',  ( 0.02385012103104360015, 0.003561750669337100314, 0.02290307331279469935 ) ) ;
#110 = CARTESIAN_POINT ( 'NONE',  ( -0.002816959546198859968, 0.02445886533450659928, 0.05287006155555309950 ) ) ;
#111 = CARTESIAN_POINT ( 'NONE',  ( 0.02663081383448030054, -5.308059419205310447E-05, 0.006156752860355489687 ) ) ;
#112 = AXIS2_PLACEMENT_3D ( 'NONE', #4206, #1184, #5606 ) ;
#113 = CARTESIAN_POINT ( 'NONE',  ( 0.02674031484190850932, -0.002473925912906573335, 0.02871982356916370077 ) ) ;
#114 = CARTESIAN_POINT ( 'NONE',  ( -0.02622276767918509804, 0.001044551587032009924, 0.02664193151867880194 ) ) ;
#115 = ORIENTED_EDGE ( 'NONE', *, *, #1824, .F. ) ;
#116 = CARTESIAN_POINT ( 'NONE',  ( 0.02512165982172630263, 0.001873703726606489820, 0.02318394777448189864 ) ) ;
#117 = CARTESIAN_POINT ( 'NONE',  ( -0.005033007161330109794, -0.02356878993324350302, 0.03134894218917180092 ) ) ;
#118 = ORIENTED_EDGE ( 'NONE', *, *, #6014, .F. ) ;
#119 = CARTESIAN_POINT ( 'NONE',  ( -0.01748184511946310193, 0.002273154261733660239, 0.004600499192013819856 ) ) ;
#120 = CARTESIAN_POINT ( 'NONE',  ( -3.363617849357469888E-05, 0.02729834969703550177, 0.006178816599161260706 ) ) ;
#121 = CARTESIAN_POINT ( 'NONE',  ( 0.02739608168831374896, 0.0007858136224169980479, 0.0001031901936001249922 ) ) ;
#122 = CARTESIAN_POINT ( 'NONE',  ( -0.02670745055776639967, -0.0008715373375061639949, 0.0001281655449302656149 ) ) ;
#123 = CARTESIAN_POINT ( 'NONE',  ( 2.118096437330713286E-05, 0.02562242205498498765, 0.003636494140315908730 ) ) ;
#124 = CARTESIAN_POINT ( 'NONE',  ( -0.02402528898701354956, -0.001896192461877875025, -0.0003380546380991199967 ) ) ;
#125 = CARTESIAN_POINT ( 'NONE',  ( 0.02054999999999999882, 0.000000000000000000, 0.07343700320369959955 ) ) ;
#126 = CARTESIAN_POINT ( 'NONE',  ( -0.02631768055733689840, -0.002850188846415700143, 0.04691864177058140128 ) ) ;
#127 = CARTESIAN_POINT ( 'NONE',  ( 0.001208486282665689835, -0.04967670737730119773, 0.03548552656566000135 ) ) ;
#128 = CARTESIAN_POINT ( 'NONE',  ( 0.005166156863783909724, 0.02353984007271069795, 0.04849086613480770025 ) ) ;
#129 = CARTESIAN_POINT ( 'NONE',  ( -0.001514986226315349991, -0.02585755948958860101, 0.05583340755484159784 ) ) ;
#130 = CARTESIAN_POINT ( 'NONE',  ( -0.04967670737730029568, -0.0003586059067325040347, -0.01106837121146690001 ) ) ;
#131 = CARTESIAN_POINT ( 'NONE',  ( 0.02694912039870590165, -0.001740086547135600127, 0.02024778399014470071 ) ) ;
#132 = CARTESIAN_POINT ( 'NONE',  ( 0.02729982896176980089, 3.331159113581039986E-05, 0.006175217704935669939 ) ) ;
#133 = CARTESIAN_POINT ( 'NONE',  ( -0.02392294147731440293, -0.003039806944596999943, 0.01722815337533059946 ) ) ;
#134 = CARTESIAN_POINT ( 'NONE',  ( 0.004655095815421149592, 0.02364622467042000117, 0.02564456829632520002 ) ) ;
#135 = CARTESIAN_POINT ( 'NONE',  ( 0.01210347882708783310, -0.003797319272488451462, -4.650374892393538109E-19 ) ) ;
#136 = CARTESIAN_POINT ( 'NONE',  ( -0.0004528482440856899721, -0.02497348243179380034, 0.006766211552116339900 ) ) ;
#137 = EDGE_LOOP ( 'NONE', ( #1657, #5855, #3816, #4475, #4231, #1691, #485, #1077, #1459, #2695, #5694, #50 ) ) ;
#138 = CARTESIAN_POINT ( 'NONE',  ( -0.02512165982172650039, 0.003044401677081239998, 0.04286488461257779992 ) ) ;
#139 = CARTESIAN_POINT ( 'NONE',  ( 0.02497714799337640013, -0.0004156651888773090419, 0.006500863556223560220 ) ) ;
#140 = CARTESIAN_POINT ( 'NONE',  ( -0.0006869795848527510780, 0.02495041950915390105, 0.008921468517286951228 ) ) ;
#141 = CARTESIAN_POINT ( 'NONE',  ( 0.02729901964376309914, 3.365531440005120232E-05, 0.006178365052853880025 ) ) ;
#142 = CARTESIAN_POINT ( 'NONE',  ( 0.02498363212536918940, 0.0003059995612635758129, 0.006112483046039464928 ) ) ;
#143 = CARTESIAN_POINT ( 'NONE',  ( 0.02664886743402910749, 0.002691913913184786240, 0.03295499045022510370 ) ) ;
#144 = CARTESIAN_POINT ( 'NONE',  ( -0.02622276767917649729, 0.002688423929526989782, 0.002799014053830500229 ) ) ;
#145 = ORIENTED_EDGE ( 'NONE', *, *, #6055, .T. ) ;
#146 = CARTESIAN_POINT ( 'NONE',  ( 0.02512165982172520282, 0.0001660630876374830035, 0.009039133715373260172 ) ) ;
#147 = CARTESIAN_POINT ( 'NONE',  ( -0.002703933825768499964, -0.02394783383557759840, 0.005761784500687880742 ) ) ;
#148 = EDGE_LOOP ( 'NONE', ( #5560, #4970, #118 ) ) ;
#149 = EDGE_CURVE ( 'NONE', #4004, #1485, #6188, .T. ) ;
#150 = CARTESIAN_POINT ( 'NONE',  ( -0.008740922559727880292, 0.001055388723655059906, 0.04193737101876830048 ) ) ;
#151 = CARTESIAN_POINT ( 'NONE',  ( 0.002238936440581716907, -0.001080638208088324651, -0.002161276416176649302 ) ) ;
#152 = CARTESIAN_POINT ( 'NONE',  ( 0.02502297777466215220, 0.0005116653165570760314, 1.538270500667460061E-05 ) ) ;
#153 = CARTESIAN_POINT ( 'NONE',  ( -0.01748184511945580222, 2.654219042188049969E-07, -0.01542219715494340046 ) ) ;
#154 = ADVANCED_BREP_SHAPE_REPRESENTATION ( '', ( #827, #5181 ), #1755 ) ;
#155 = CARTESIAN_POINT ( 'NONE',  ( -0.02395360403516120021, -0.002652329914335920056, 0.005763504183016090153 ) ) ;
#156 = DIRECTION ( 'NONE',  ( 1.000000000000000000, 0.000000000000000000, 0.000000000000000000 ) ) ;
#157 = CARTESIAN_POINT ( 'NONE',  ( -0.02523653217506360152, -0.0004502472222234709894, 0.05788735085374070027 ) ) ;
#158 = CARTESIAN_POINT ( 'NONE',  ( -0.000000000000000000, 0.0006346387205543748246, 0.004522956613658931681 ) ) ;
#159 = CARTESIAN_POINT ( 'NONE',  ( -0.005181791489890779680, 0.02353635657453029967, 0.03563765428754649828 ) ) ;
#160 = CARTESIAN_POINT ( 'NONE',  ( -2.337748516130670138E-05, 0.02730296596584709870, 0.006102006287700069594 ) ) ;
#161 = CARTESIAN_POINT ( 'NONE',  ( -9.229105691677270127E-05, -0.02730260008944110015, 0.006172320656903300222 ) ) ;
#162 = CARTESIAN_POINT ( 'NONE',  ( 0.000000000000000000, -3.969449905343920169E-05, 0.0001854444370563000004 ) ) ;
#163 = CARTESIAN_POINT ( 'NONE',  ( 0.02559209457557199904, 0.0009425753482198299992, 0.05708688432029779963 ) ) ;
#164 = CARTESIAN_POINT ( 'NONE',  ( -0.01748184511945580222, 4.259430471048920061E-05, -0.01512691097449180011 ) ) ;
#165 = CARTESIAN_POINT ( 'NONE',  ( -0.02368176188746220004, -0.004537722273405280296, 0.03994435841105829776 ) ) ;
#166 = CARTESIAN_POINT ( 'NONE',  ( -0.0008119827850199760454, 0.02409108341499340000, 0.06024994909339689841 ) ) ;
#167 = CARTESIAN_POINT ( 'NONE',  ( 0.0004817771452915797304, -0.0003404228950179932593, -4.168978087402608854E-20 ) ) ;
#168 = CARTESIAN_POINT ( 'NONE',  ( 0.004242029090353970425, -0.02373744725481929940, 0.03235581582287200275 ) ) ;
#169 = ORIENTED_EDGE ( 'NONE', *, *, #2169, .T. ) ;
#170 = CARTESIAN_POINT ( 'NONE',  ( -0.04149169152543489419, 0.003042728238616519958, 0.02854883648352909975 ) ) ;
#171 = CARTESIAN_POINT ( 'NONE',  ( 0.02395851004348460017, 0.002752738838600869969, 0.01438806968755060138 ) ) ;
#172 = AXIS2_PLACEMENT_3D ( 'NONE', #3652, #2078, #6058 ) ;
#173 = CARTESIAN_POINT ( 'NONE',  ( -0.0004210098860163080312, 0.02497254219697580060, 0.006926551456080579962 ) ) ;
#174 = CARTESIAN_POINT ( 'NONE',  ( 0.02668970576742960010, -0.0008359662860869599473, 0.0005445840716260779823 ) ) ;
#175 =( NAMED_UNIT ( * ) SI_UNIT ( $, .STERADIAN. ) SOLID_ANGLE_UNIT ( ) );
#176 = CARTESIAN_POINT ( 'NONE',  ( 2.827751929175869978E-05, 0.02731468076792820110, 0.005725352261985739918 ) ) ;
#177 = ORIENTED_EDGE ( 'NONE', *, *, #2743, .T. ) ;
#178 = CARTESIAN_POINT ( 'NONE',  ( -0.02730257154696320160, 7.109778811805409491E-05, 0.006027880401050280008 ) ) ;
#179 = CARTESIAN_POINT ( 'NONE',  ( -0.003977283951280800520, -0.02376985114751449871, 0.01757704411031619715 ) ) ;
#180 = EDGE_LOOP ( 'NONE', ( #6220, #2142, #4571, #4416, #299, #5498, #5187 ) ) ;
#181 = CARTESIAN_POINT ( 'NONE',  ( -0.008740922559727930599, -0.0003895547544786409850, -0.004928409507698939228 ) ) ;
#182 = CARTESIAN_POINT ( 'NONE',  ( 0.002238936440581716907, 0.001080638208088324868, 0.000000000000000000 ) ) ;
#183 = CARTESIAN_POINT ( 'NONE',  ( 0.02670724897241140081, 0.0008686125815274650143, 0.0001482569609459789969 ) ) ;
#184 = CARTESIAN_POINT ( 'NONE',  ( 0.03476061682374229772, -4.909192938359540021E-05, -0.0006515030308086429628 ) ) ;
#185 = ADVANCED_FACE ( 'NONE', ( #6118 ), #2604, .F. ) ;
#186 = CARTESIAN_POINT ( 'NONE',  ( -0.02738045525122780044, 0.0008135431883318789683, 9.781384623711429790E-05 ) ) ;
#187 = CARTESIAN_POINT ( 'NONE',  ( -0.04967670737730060099, -3.518045293304499773E-05, -0.01342557219210769974 ) ) ;
#188 = CARTESIAN_POINT ( 'NONE',  ( -0.02661571732741110224, -6.549466945872760499E-07, 0.006534408609130809391 ) ) ;
#189 = CARTESIAN_POINT ( 'NONE',  ( 3.448836701482380475E-05, -0.02512165982173130210, 0.008092821148947779500 ) ) ;
#190 = CARTESIAN_POINT ( 'NONE',  ( 0.002335098198243259777, 0.02398926385710459935, 0.05926714115672779976 ) ) ;
#191 = DIRECTION ( 'NONE',  ( 1.000000000000000078E-15, 0.000000000000000000, 1.000000000000000000 ) ) ;
#192 = FILL_AREA_STYLE_COLOUR ( '', #4615 ) ;
#193 = CARTESIAN_POINT ( 'NONE',  ( 0.003031675076888589847, 0.02643382603621819912, 0.04136164100145389710 ) ) ;
#194 = CARTESIAN_POINT ( 'NONE',  ( 0.02677533842686309964, -0.002366861741817940026, 0.02730853787833640092 ) ) ;
#195 = DIRECTION ( 'NONE',  ( 0.000000000000000000, 0.000000000000000000, 1.000000000000000000 ) ) ;
#196 = CARTESIAN_POINT ( 'NONE',  ( -0.02391063018269510079, -0.003089867361626299699, 0.05665803790294290238 ) ) ;
#197 = CARTESIAN_POINT ( 'NONE',  ( -0.0002153322155579719891, -0.04967670737730039976, -0.01252326239111050017 ) ) ;
#198 = CARTESIAN_POINT ( 'NONE',  ( 0.1621912153200378293, -0.02054251265073871874, -2.515732236417118371E-18 ) ) ;
#199 = CARTESIAN_POINT ( 'NONE',  ( 0.003282796511817320014, -0.02454571184839300299, 0.03808638807874469706 ) ) ;
#200 = VERTEX_POINT ( 'NONE', #2346 ) ;
#201 = CARTESIAN_POINT ( 'NONE',  ( -0.001240413215274825632, -0.02414865791162161893, -4.167402100491157668E-19 ) ) ;
#202 = CARTESIAN_POINT ( 'NONE',  ( 0.02468612552794989881, -0.002677890049736149705, 0.02725081547639339810 ) ) ;
#203 = CARTESIAN_POINT ( 'NONE',  ( 0.001390459297154770114, 0.02637731935856589896, 0.01741941927390509848 ) ) ;
#204 = CARTESIAN_POINT ( 'NONE',  ( 0.02737553442589139852, -0.0007517243771283580031, 0.0005406109349491799955 ) ) ;
#205 = CARTESIAN_POINT ( 'NONE',  ( -0.02729839739665314985, -3.460151092796910497E-05, 0.006185642976533210075 ) ) ;
#206 = CARTESIAN_POINT ( 'NONE',  ( -0.02622276767918449783, -0.002597718836681669856, 0.02074413975344630012 ) ) ;
#207 = CARTESIAN_POINT ( 'NONE',  ( 0.002818156347424900093, 0.03330667567358400194, 0.04242868205622350036 ) ) ;
#208 = CARTESIAN_POINT ( 'NONE',  ( 0.04221725481721219642, 3.542347416917629758E-05, -0.006885385405064389959 ) ) ;
#209 = CARTESIAN_POINT ( 'NONE',  ( 0.04967670737731640085, 0.001868412592617950006, 0.001598896181240010020 ) ) ;
#210 =( BOUNDED_CURVE ( )  B_SPLINE_CURVE ( 2, ( #125, #4076, #1436 ),
 .UNSPECIFIED., .F., .T. ) 
 B_SPLINE_CURVE_WITH_KNOTS ( ( 3, 3 ),
 ( -0.5899789668299220136, 0.000000000000000000 ),
 .UNSPECIFIED. ) 
 CURVE ( )  GEOMETRIC_REPRESENTATION_ITEM ( )  RATIONAL_B_SPLINE_CURVE ( ( 1.000000000000000000, 0.9568051998584570228, 1.000000000000000000 ) ) 
 REPRESENTATION_ITEM ( '' )  );
#211 = DIRECTION ( 'NONE',  ( 0.000000000000000000, 0.000000000000000000, 1.000000000000000000 ) ) ;
#212 = CARTESIAN_POINT ( 'NONE',  ( 0.001395657394341859965, 0.02406368072860910062, 0.05940968558637049757 ) ) ;
#213 = ORIENTED_EDGE ( 'NONE', *, *, #6314, .T. ) ;
#214 = CARTESIAN_POINT ( 'NONE',  ( -0.02622276767919280022, -0.001893974726229130092, -0.007608216331322290027 ) ) ;
#215 = CARTESIAN_POINT ( 'NONE',  ( 0.04967670737729639602, 0.002728655842888099998, 0.01158843768467090161 ) ) ;
#216 = CARTESIAN_POINT ( 'NONE',  ( 0.02402303517297550012, -0.001924520999621039900, -0.0002883810629961439890 ) ) ;
#217 = B_SPLINE_CURVE_WITH_KNOTS ( 'NONE', 4,
 ( #3395, #5406, #4881, #2323, #4911, #5895, #898, #441, #2928, #924, #387, #4310, #1469, #5376, #2414, #4337, #6296, #1435, #1831, #3461, #4392, #2354, #3827, #3914, #5800, #1352, #3856, #5833, #3364, #5343, #3526, #4011, #5504, #3621, #5992, #4588, #5569, #1505 ),
 .UNSPECIFIED., .F., .F.,
 ( 5, 1, 1, 1, 1, 1, 1, 1, 1, 1, 1, 1, 1, 1, 1, 1, 1, 1, 1, 1, 1, 1, 1, 1, 1, 1, 1, 1, 1, 1, 1, 1, 1, 1, 5 ),
 ( 0.000000000000000000, 0.0002151748282479247769, 0.0004303496564958495538, 0.001197433867946453125, 0.001816684267350273697, 0.002648237424389112728, 0.003888298548714792021, 0.006009048239828076142, 0.009690402207698818951, 0.01626605809241634532, 0.02843013126682419900, 0.05028021559581110494, 0.08339066922638539714, 0.1452989323063062221, 0.2072069278057969421, 0.2691152892298330213, 0.3310232124410635857, 0.3929313455989270620, 0.5167475752337479245, 0.5786557072941594937, 0.6405637779947344068, 0.7024719602864770707, 0.7643800862177958511, 0.7953341109051116353, 0.8262881355924274196, 0.8572421933737847111, 0.8881962511551420025, 0.9191503033889321106, 0.9346273295058271646, 0.9501043556227221076, 0.9625782667170414975, 0.9750521778113609983, 0.9875260889056804992, 0.9937630444528402496, 1.000000000000000000 ),
 .UNSPECIFIED. ) ;
#218 = CARTESIAN_POINT ( 'NONE',  ( -0.02480661489336370013, 3.220503574706669807E-05, 0.05843673269110059854 ) ) ;
#219 = PLANE ( 'NONE',  #2434 ) ;
#220 = CARTESIAN_POINT ( 'NONE',  ( -0.02500683499350930122, 0.0001903376027732070030, 0.002484564259691230195 ) ) ;
#221 = CARTESIAN_POINT ( 'NONE',  ( -0.02729834969703559891, -1.278025071374149994E-05, 0.006030887249564840548 ) ) ;
#222 = CARTESIAN_POINT ( 'NONE',  ( -0.02712918904601540129, -0.0009257794722413510051, 0.01321880454830570012 ) ) ;
#223 = CARTESIAN_POINT ( 'NONE',  ( 3.753749295206309719E-05, -0.04967670737730049690, -0.01340884686763799995 ) ) ;
#224 = CARTESIAN_POINT ( 'NONE',  ( 0.002666069389255889752, -0.02666035125514350235, 0.03248613574040850466 ) ) ;
#225 = DIRECTION ( 'NONE',  ( -1.000000000000000000, 0.000000000000000000, -0.000000000000000000 ) ) ;
#226 = CARTESIAN_POINT ( 'NONE',  ( 0.02641509168311999972, 0.002971108076834539681, 0.04277518989140149941 ) ) ;
#227 = CARTESIAN_POINT ( 'NONE',  ( 0.001896192461877875025, -0.02402528898701354956, -0.0003380546380991165272 ) ) ;
#228 = CARTESIAN_POINT ( 'NONE',  ( -0.02471539580705920183, -0.002507816145561169840, 0.02585951312716969902 ) ) ;
#229 = CARTESIAN_POINT ( 'NONE',  ( -0.0008904916611158420663, -0.02512165982173149986, 0.01408091294462160067 ) ) ;
#230 = CARTESIAN_POINT ( 'NONE',  ( 0.09945114647226292737, 0.01639538578179808651, 4.015711343693010132E-18 ) ) ;
#231 = CARTESIAN_POINT ( 'NONE',  ( -0.003169999935083929726, -0.02458327560254789865, 0.03431829481264000309 ) ) ;
#232 = ORIENTED_EDGE ( 'NONE', *, *, #6232, .T. ) ;
#233 = CARTESIAN_POINT ( 'NONE',  ( -0.02512165982172720122, 0.002412253166350959970, 0.05285809916575120310 ) ) ;
#234 = CARTESIAN_POINT ( 'NONE',  ( 0.02443370595096770043, 0.002123204312286450235, 0.05622554679387969934 ) ) ;
#235 = CARTESIAN_POINT ( 'NONE',  ( -0.002962400767047939937, 0.02581238158492649842, 0.04416755275000629893 ) ) ;
#236 = CARTESIAN_POINT ( 'NONE',  ( 0.02498320985297029784, 0.0003041419717108110048, 0.006105234018345200540 ) ) ;
#237 = CARTESIAN_POINT ( 'NONE',  ( 1.327723033156299964E-05, -0.03475780225712400001, -0.0005041724184803829389 ) ) ;
#238 = CARTESIAN_POINT ( 'NONE',  ( -0.02622276767918359924, 0.0001881407253121979953, -0.02173660031674629761 ) ) ;
#239 = CARTESIAN_POINT ( 'NONE',  ( 0.001924122861800920022, 0.04149169152541189870, 0.008762233856224901224 ) ) ;
#240 = ORIENTED_EDGE ( 'NONE', *, *, #5935, .T. ) ;
#241 = CARTESIAN_POINT ( 'NONE',  ( -0.003977283951280800520, -0.02376985114751449871, 0.01757704411031619715 ) ) ;
#242 = CARTESIAN_POINT ( 'NONE',  ( 0.02410025257573567350, 0.0005515499599953901759, 0.06033436696511410013 ) ) ;
#243 = CARTESIAN_POINT ( 'NONE',  ( 0.005173968277014749824, -0.02353813586441659902, 0.04755980413182189781 ) ) ;
#244 = CARTESIAN_POINT ( 'NONE',  ( 0.004558948733311939984, 0.02367783578520209903, 0.03851145686445090616 ) ) ;
#245 = ORIENTED_EDGE ( 'NONE', *, *, #1696, .T. ) ;
#246 = CARTESIAN_POINT ( 'NONE',  ( -0.008740922559728010396, -0.0008663707710017931043, -0.001268174798825099986 ) ) ;
#247 = CARTESIAN_POINT ( 'NONE',  ( 0.04967670737730060099, 3.583149667195240236E-05, -0.01342094156759589957 ) ) ;
#248 = CARTESIAN_POINT ( 'NONE',  ( 0.04967670737729969893, -9.394354683881470005E-05, -0.01339680408724269918 ) ) ;
#249 = DIRECTION ( 'NONE',  ( -0.1392259272825760175, 1.491738932146290402E-15, -0.9902606430492463252 ) ) ;
#250 = CARTESIAN_POINT ( 'NONE',  ( -0.02665734716130640017, 0.0003863164740154310115, 0.003764124782934090158 ) ) ;
#251 = CARTESIAN_POINT ( 'NONE',  ( 0.1378007682912846255, -0.01947862412482722141, -2.385443468626407055E-18 ) ) ;
#252 = CARTESIAN_POINT ( 'NONE',  ( 0.0008744620934847659394, -0.02670765214312134997, 0.0001080741289152694056 ) ) ;
#253 = CARTESIAN_POINT ( 'NONE',  ( 3.742855073386420160E-05, -0.02512165982173130210, 0.008113751710884289578 ) ) ;
#254 = DIRECTION ( 'NONE',  ( -1.000000000000000000, 0.000000000000000000, 1.000000000000000078E-15 ) ) ;
#255 = CARTESIAN_POINT ( 'NONE',  ( 0.02494384536677880099, -1.151866342497600030E-05, 6.768925697731020787E-15 ) ) ;
#256 = CARTESIAN_POINT ( 'NONE',  ( 0.0006416608415887799536, 0.02718959485659130232, 0.01037697577710879927 ) ) ;
#257 = CARTESIAN_POINT ( 'NONE',  ( 0.02697045933425229816, 0.001639702660437129941, 0.01981083878400579854 ) ) ;
#258 = CARTESIAN_POINT ( 'NONE',  ( 0.002352930150469789879, -0.02398490362452060029, 0.003344674424668129826 ) ) ;
#259 = CARTESIAN_POINT ( 'NONE',  ( -0.02445006768911829956, 0.002878052525219550010, 0.05285869663856929829 ) ) ;
#260 = DIRECTION ( 'NONE',  ( 0.000000000000000000, 0.000000000000000000, 1.000000000000000000 ) ) ;
#261 = CARTESIAN_POINT ( 'NONE',  ( 0.1639999999999998959, -0.02056046467050398271, -2.517930724771494389E-18 ) ) ;
#262 = CARTESIAN_POINT ( 'NONE',  ( 0.1639999999999998959, 0.02056046467050397231, 0.04112092934100796543 ) ) ;
#263 = CARTESIAN_POINT ( 'NONE',  ( 4.611134480102764750E-05, 6.054612536567706730E-05, 0.0001210922507313541753 ) ) ;
#264 = CARTESIAN_POINT ( 'NONE',  ( -0.002996349185902439857, -0.02462316014264399888, 0.03149253346358420191 ) ) ;
#265 = ORIENTED_EDGE ( 'NONE', *, *, #1843, .F. ) ;
#266 = CARTESIAN_POINT ( 'NONE',  ( -0.04149169152545889583, 0.002816417327995840002, 0.03527137135320469741 ) ) ;
#267 = CARTESIAN_POINT ( 'NONE',  ( 0.02445160430944409713, -0.003078077470213129961, 0.05122275539603880073 ) ) ;
#268 = CARTESIAN_POINT ( 'NONE',  ( 0.002926274138433339854, 0.02594187273730590160, 0.03716440440326400363 ) ) ;
#269 = CARTESIAN_POINT ( 'NONE',  ( -0.02350805789310349975, 0.005308658044898590007, 0.04563206777036340339 ) ) ;
#270 = CARTESIAN_POINT ( 'NONE',  ( 0.000000000000000000, -0.02054999999999999882, 0.07343700320369959955 ) ) ;
#271 = UNCERTAINTY_MEASURE_WITH_UNIT (LENGTH_MEASURE( 1.000000000000000082E-05 ), #4755, 'distance_accuracy_value', 'NONE');
#272 = CARTESIAN_POINT ( 'NONE',  ( -0.002178361158252240058, 0.02400144028553990311, 0.001936023713559180100 ) ) ;
#273 = CARTESIAN_POINT ( 'NONE',  ( 0.002409679725432159730, 0.03330667567358330111, 0.04570040707105119809 ) ) ;
#274 = CARTESIAN_POINT ( 'NONE',  ( 0.02729834969703550177, 3.460742916362399992E-05, 0.006185726919998699516 ) ) ;
#275 = DIRECTION ( 'NONE',  ( 1.483213802836040350E-15, 0.1392259272825760175, -0.9902606430492463252 ) ) ;
#276 = DIRECTION ( 'NONE',  ( -1.000000000000000000, -0.000000000000000000, -0.000000000000000000 ) ) ;
#277 = CARTESIAN_POINT ( 'NONE',  ( 0.02368882000643699956, -0.004433333442912820374, 0.02279533796724320105 ) ) ;
#278 = CARTESIAN_POINT ( 'NONE',  ( 0.001811155897796769927, 0.02404855162058459894, 0.005872797973552840688 ) ) ;
#279 = EDGE_LOOP ( 'NONE', ( #106, #3123, #5680, #2008, #5153, #1776 ) ) ;
#280 = CARTESIAN_POINT ( 'NONE',  ( -0.0001045116482664194162, -0.02729263309801274393, 0.006267565573265689374 ) ) ;
#281 = CARTESIAN_POINT ( 'NONE',  ( 0.04967670737730079528, 0.001712458349813959953, 0.03424198695874380166 ) ) ;
#282 = FACE_OUTER_BOUND ( 'NONE', #1165, .T. ) ;
#283 = ADVANCED_FACE ( 'NONE', ( #6319 ), #5305, .T. ) ;
#284 = CARTESIAN_POINT ( 'NONE',  ( -0.02735187849815710198, 0.0004708161702599900121, 0.002553834801974070104 ) ) ;
#285 = CARTESIAN_POINT ( 'NONE',  ( 3.348511806106455999E-06, -8.298471112651620399E-06, -1.016269608592558159E-21 ) ) ;
#286 = CARTESIAN_POINT ( 'NONE',  ( -6.859172403305049875E-06, -0.02663293325692750110, 0.006175853502980759718 ) ) ;
#287 = CARTESIAN_POINT ( 'NONE',  ( -0.000000000000000000, 0.002908779059057622299, 0.03963810428340509839 ) ) ;
#288 = EDGE_CURVE ( 'NONE', #6109, #5006, #2975, .T. ) ;
#289 =( LENGTH_UNIT ( ) NAMED_UNIT ( * ) SI_UNIT ( $, .METRE. ) );
#290 = CARTESIAN_POINT ( 'NONE',  ( 0.001740086158147940119, 0.02694911916103919988, 0.02024778258037349815 ) ) ;
#291 = CARTESIAN_POINT ( 'NONE',  ( -0.02659560959635780611, 2.762436788240757988E-05, 0.005748043379142525958 ) ) ;
#292 = CARTESIAN_POINT ( 'NONE',  ( 0.001761836528680379987, -0.02405220115619769936, 0.005888612706965470206 ) ) ;
#293 = CARTESIAN_POINT ( 'NONE',  ( -0.02475041764405659997, -0.002298144461961790230, 0.02350862881518329950 ) ) ;
#294 = EDGE_CURVE ( 'NONE', #1175, #5529, #3314, .T. ) ;
#295 = CARTESIAN_POINT ( 'NONE',  ( -0.0002176085172533940009, -0.02512165982173130210, 0.008980559352765260517 ) ) ;
#296 = CARTESIAN_POINT ( 'NONE',  ( -0.02392586565654969757, 0.002942760797923549710, 0.05858275325661769367 ) ) ;
#297 = CARTESIAN_POINT ( 'NONE',  ( 0.1621912153200378293, 0.02054251265073870833, 0.04108502530147743748 ) ) ;
#298 = CARTESIAN_POINT ( 'NONE',  ( -0.002563196358564819987, -0.02470735683744140071, 0.02583644041832200075 ) ) ;
#299 = ORIENTED_EDGE ( 'NONE', *, *, #2514, .F. ) ;
#300 = CARTESIAN_POINT ( 'NONE',  ( -0.02512165982172690284, 0.0005481116969203180022, 0.05799276350477799991 ) ) ;
#301 = CARTESIAN_POINT ( 'NONE',  ( 0.02445885526221320064, 0.002817092375587620240, 0.05287012014877290333 ) ) ;
#302 = CARTESIAN_POINT ( 'NONE',  ( 0.0002320199911639570097, 0.02658667249678139943, 0.007801521051832960296 ) ) ;
#303 = CARTESIAN_POINT ( 'NONE',  ( -0.001922369494257510081, -0.02403599862903817164, 0.005855932712916061579 ) ) ;
#304 = CARTESIAN_POINT ( 'NONE',  ( 0.000000000000000000, 0.02054999999999999882, 0.07343700320369959955 ) ) ;
#305 = CARTESIAN_POINT ( 'NONE',  ( -0.0009852760972046540385, 0.02409717447100915080, -0.0002100787117830955073 ) ) ;
#306 = CARTESIAN_POINT ( 'NONE',  ( 0.001882834654983030166, 0.02512165982172400239, 0.05542623583643640356 ) ) ;
#307 = CARTESIAN_POINT ( 'NONE',  ( -0.005356665480071809600, -0.02349716054094909759, 0.03991805067240959681 ) ) ;
#308 = CARTESIAN_POINT ( 'NONE',  ( 0.02371955718671690111, 0.004265864243240939831, 0.02140384614592499846 ) ) ;
#309 = CARTESIAN_POINT ( 'NONE',  ( 0.02394659914712020041, -0.002714850363578050034, 0.005850319659874759527 ) ) ;
#310 = CARTESIAN_POINT ( 'NONE',  ( 0.003151765325258599950, 0.02390254399951429951, 0.05664471521011610333 ) ) ;
#311 = ORIENTED_EDGE ( 'NONE', *, *, #5416, .T. ) ;
#312 = CARTESIAN_POINT ( 'NONE',  ( -0.001142854779237255673, -0.02708645928007576489, 0.01460256803023060081 ) ) ;
#313 = CARTESIAN_POINT ( 'NONE',  ( 0.01210347882708783310, 0.003797319272488451462, -0.007594638544976901190 ) ) ;
#314 = CARTESIAN_POINT ( 'NONE',  ( 0.03330667567358409908, -0.002579771726724760031, 0.04454780323681879761 ) ) ;
#315 = PLANE ( 'NONE',  #3267 ) ;
#316 = CARTESIAN_POINT ( 'NONE',  ( -0.02733624864533650001, 0.0003024555478583570186, 0.003761715473119410080 ) ) ;
#317 = CARTESIAN_POINT ( 'NONE',  ( 8.991404271427899295E-05, 0.04967670737730060099, -0.01342090596433279971 ) ) ;
#318 = FACE_OUTER_BOUND ( 'NONE', #3613, .T. ) ;
#319 = CARTESIAN_POINT ( 'NONE',  ( -0.000000000000000000, -0.002924395860766535512, 0.03079445758766055988 ) ) ;
#320 =( GEOMETRIC_REPRESENTATION_CONTEXT ( 3 ) GLOBAL_UNCERTAINTY_ASSIGNED_CONTEXT ( ( #5476 ) ) GLOBAL_UNIT_ASSIGNED_CONTEXT ( ( #289, #3762, #3691 ) ) REPRESENTATION_CONTEXT ( 'NONE', 'WORKASPACE' ) );
#321 = CARTESIAN_POINT ( 'NONE',  ( 0.02446730543952005399, -0.0005724932093984406263, 4.065758146820642109E-19 ) ) ;
#322 = CARTESIAN_POINT ( 'NONE',  ( 0.001095434310976929919, 0.02563448781856320080, 0.05687698360516740131 ) ) ;
#323 = CARTESIAN_POINT ( 'NONE',  ( 0.02728766202495010174, 8.202823102661901315E-05, 0.006533644457101660252 ) ) ;
#324 = CARTESIAN_POINT ( 'NONE',  ( 0.0001036876196782918463, 0.0001089463074955813760, 0.0002178926149911628333 ) ) ;
#325 = CARTESIAN_POINT ( 'NONE',  ( -6.382996126376529785E-05, -0.02731348223698329761, 0.005474232370043409859 ) ) ;
#326 = CARTESIAN_POINT ( 'NONE',  ( -0.02457477961580349993, -0.003181421056771140121, 0.03573369400680690561 ) ) ;
#327 = CIRCLE ( 'NONE', #5707, 0.02054999999999999882 ) ;
#328 = CARTESIAN_POINT ( 'NONE',  ( -2.841210771721439863E-05, -0.02698934594255347069, 0.005892879341580874002 ) ) ;
#329 = CARTESIAN_POINT ( 'NONE',  ( -0.02377728074325270030, 0.003933918027212269554, 0.01710286598933109803 ) ) ;
#330 = CARTESIAN_POINT ( 'NONE',  ( 0.1429219362925316372, -0.01977994956041832439, 0.03955989912083663490 ) ) ;
#331 = B_SPLINE_CURVE_WITH_KNOTS ( 'NONE', 3,
 ( #5781, #5748, #1841, #1715, #6306, #2755, #3244, #4737, #368 ),
 .UNSPECIFIED., .F., .F.,
 ( 4, 2, 1, 1, 1, 4 ),
 ( 0.001211345273696100028, 0.001211915471556509810, 0.008831778982233789294, 0.01645164249291110325, 0.03169136951426559934, 0.04622122677576580296 ),
 .UNSPECIFIED. ) ;
#332 = CARTESIAN_POINT ( 'NONE',  ( -0.002734179709545999856, -0.02444785668579800217, 0.05372628850552209345 ) ) ;
#333 = CARTESIAN_POINT ( 'NONE',  ( -0.03330667567358500114, 0.001512998203191629962, 0.04928693742896100155 ) ) ;
#334 = CARTESIAN_POINT ( 'NONE',  ( 0.02497883124374379940, 0.0003556650461687020171, 0.006460796401615739350 ) ) ;
#335 = CARTESIAN_POINT ( 'NONE',  ( 0.0006200241337843059516, 0.02494909740819939784, 0.05802911018855600594 ) ) ;
#336 = CARTESIAN_POINT ( 'NONE',  ( -0.02360556861066850226, 0.004857922000957189818, 0.02849565284696079989 ) ) ;
#337 = CARTESIAN_POINT ( 'NONE',  ( 0.000000000000000000, 0.02409999999999999989, 0.06175378874876469998 ) ) ;
#338 = CARTESIAN_POINT ( 'NONE',  ( -0.0002983383147920279908, 0.02498555181975360001, 0.006081590676871380559 ) ) ;
#339 = CARTESIAN_POINT ( 'NONE',  ( 0.002996090467752079989, 0.03330667567358220477, 0.03286194105162299622 ) ) ;
#340 = CARTESIAN_POINT ( 'NONE',  ( -0.04967670737730060099, 8.991404271426979079E-05, -0.01342090596433279971 ) ) ;
#341 = CARTESIAN_POINT ( 'NONE',  ( 0.001990130493155129691, -0.02401771286421749974, 0.0004186619959044889983 ) ) ;
#342 = CARTESIAN_POINT ( 'NONE',  ( 0.02353331909238770212, 0.005195638545376060104, 0.04708468042319480240 ) ) ;
#343 = CARTESIAN_POINT ( 'NONE',  ( 0.004192486977713409842, 0.02374330455396519990, 0.05139692881874599606 ) ) ;
#344 = ORIENTED_EDGE ( 'NONE', *, *, #5416, .F. ) ;
#345 = CARTESIAN_POINT ( 'NONE',  ( 0.002915139093509004978, -0.02635040355277176727, 0.04554775637709839592 ) ) ;
#346 = EDGE_CURVE ( 'NONE', #2063, #4713, #5040, .T. ) ;
#347 = CARTESIAN_POINT ( 'NONE',  ( 0.08669250358634569831, -0.01509096685871385950, -0.03018193371742772593 ) ) ;
#348 = CARTESIAN_POINT ( 'NONE',  ( 0.03330667567358390480, -0.002182490694093629831, 0.04699347880202630473 ) ) ;
#349 = CARTESIAN_POINT ( 'NONE',  ( 0.02731468076792820110, -2.827751929175690069E-05, 0.005725352261985739918 ) ) ;
#350 = ADVANCED_FACE ( 'NONE', ( #3094 ), #1621, .T. ) ;
#351 = CARTESIAN_POINT ( 'NONE',  ( 0.02596745950297559349, -2.429795166702130143E-05, 0.004723126396461711785 ) ) ;
#352 = CARTESIAN_POINT ( 'NONE',  ( -0.02402193843834110262, -0.001938162445346465002, 0.000000000000000000 ) ) ;
#353 = CARTESIAN_POINT ( 'NONE',  ( -0.02695910502819250099, -0.001685159536883199883, 0.02028114175951669859 ) ) ;
#354 = CARTESIAN_POINT ( 'NONE',  ( -0.000000000000000000, -0.002848278315046947826, 0.04062642797586583226 ) ) ;
#355 = APPLICATION_PROTOCOL_DEFINITION ( 'draft international standard', 'automotive_design', 1998, #5907 ) ;
#356 = FACE_OUTER_BOUND ( 'NONE', #1497, .T. ) ;
#357 = CARTESIAN_POINT ( 'NONE',  ( -0.0002096629592745249938, 0.02514976271453840326, 0.05803442900929500076 ) ) ;
#358 = CARTESIAN_POINT ( 'NONE',  ( -0.02530438510248632367, 1.741152579619756964E-05, 0.002248336329238440415 ) ) ;
#359 = CARTESIAN_POINT ( 'NONE',  ( -0.0003863164740153930102, -0.02665734716130689977, 0.003764124782934839993 ) ) ;
#360 = CARTESIAN_POINT ( 'NONE',  ( -0.02487335348302180046, 0.001431258419339360034, 0.01453108200807300132 ) ) ;
#361 = CARTESIAN_POINT ( 'NONE',  ( -0.003043567689573839930, -0.03330667567358760323, 0.03570685531309029936 ) ) ;
#362 = CARTESIAN_POINT ( 'NONE',  ( 0.02409998171710217227, -0.0005870552128966389669, 0.06034388110708210212 ) ) ;
#363 = CARTESIAN_POINT ( 'NONE',  ( 0.002970964674170969901, -0.02582150603821919965, 0.04370543598826229920 ) ) ;
#364 = EDGE_CURVE ( 'NONE', #4263, #200, #987, .T. ) ;
#365 = CARTESIAN_POINT ( 'NONE',  ( -0.04149169152544279759, -0.001708011961370709984, 0.04142150017854449862 ) ) ;
#366 = CARTESIAN_POINT ( 'NONE',  ( 0.02455708784955989987, 0.003244866542701009895, 0.03714535004953570252 ) ) ;
#367 = CARTESIAN_POINT ( 'NONE',  ( -0.002949422592719280062, 0.02589583779919400058, 0.03997817886598439840 ) ) ;
#368 = CARTESIAN_POINT ( 'NONE',  ( 2.811596773668859935E-05, 0.02730791774704624877, 0.005732431120066770400 ) ) ;
#369 = CARTESIAN_POINT ( 'NONE',  ( -0.02054999999999999882, 2.516649172247810738E-18, 0.000000000000000000 ) ) ;
#370 = CARTESIAN_POINT ( 'NONE',  ( -0.001192841245474959844, 0.02512165982172400239, 0.05701653014125730029 ) ) ;
#371 = DIRECTION ( 'NONE',  ( 0.000000000000000000, 0.000000000000000000, -1.000000000000000000 ) ) ;
#372 = CARTESIAN_POINT ( 'NONE',  ( 0.02350771530622599789, 0.005310115611891179886, 0.04279712700126529767 ) ) ;
#373 = CARTESIAN_POINT ( 'NONE',  ( 0.02390761684844409929, -0.003040536819904630234, 0.008581743190296049068 ) ) ;
#374 = CARTESIAN_POINT ( 'NONE',  ( 0.0007400229887409280095, 0.02494732256889880054, 0.008897119113878311503 ) ) ;
#375 = CARTESIAN_POINT ( 'NONE',  ( 0.001955066358727928100, -0.02689041011669066755, 0.02310218723325629941 ) ) ;
#376 = CARTESIAN_POINT ( 'NONE',  ( 0.1186122119539707587, -0.01810906441835612168, -2.217720777549305070E-18 ) ) ;
#377 = DIRECTION ( 'NONE',  ( -9.855578351601869830E-15, 0.1398622170786279761, 0.9901709752531887565 ) ) ;
#378 = CARTESIAN_POINT ( 'NONE',  ( -0.001976638928455119824, 0.02401883403998210029, 0.0003099483849464979577 ) ) ;
#379 = VECTOR ( 'NONE', #5176, 1.000000000000000000 ) ;
#380 = CARTESIAN_POINT ( 'NONE',  ( 0.02401148678394350242, 0.002065051487404109733, 0.001022367487964769873 ) ) ;
#381 = CARTESIAN_POINT ( 'NONE',  ( -0.0007828974840935159878, 0.02739583383793885163, 0.0001232932073400017895 ) ) ;
#382 = CARTESIAN_POINT ( 'NONE',  ( -0.000000000000000000, -0.002775913777883665546, 0.04167258407423381911 ) ) ;
#383 = SHAPE_DEFINITION_REPRESENTATION ( #2026, #3272 ) ;
#384 = CARTESIAN_POINT ( 'NONE',  ( -0.02408503160912020200, 0.001278342991057050031, 0.001854221280783590036 ) ) ;
#385 = EDGE_CURVE ( 'NONE', #1175, #2211, #5449, .T. ) ;
#386 = CARTESIAN_POINT ( 'NONE',  ( -0.002951795796672939971, 0.02638263172851080043, 0.04416459102890870486 ) ) ;
#387 = CARTESIAN_POINT ( 'NONE',  ( 0.002238936440581716907, 0.001080638208088324868, 0.000000000000000000 ) ) ;
#388 = CARTESIAN_POINT ( 'NONE',  ( 0.0002546124672674520339, -0.02498712383967650191, 0.005752624695552900451 ) ) ;
#389 = CARTESIAN_POINT ( 'NONE',  ( -0.02650027821821170082, 0.0007456635598467359523, 0.01178214465241980008 ) ) ;
#390 = CARTESIAN_POINT ( 'NONE',  ( -0.001924122861800869931, -0.04149169152541439670, 0.008762233856222720677 ) ) ;
#391 = CARTESIAN_POINT ( 'NONE',  ( 0.02729839739665199799, 3.460151092782065059E-05, 0.006185642976533210075 ) ) ;
#392 = CARTESIAN_POINT ( 'NONE',  ( -0.002931999660936280335, -0.02594163477231849896, 0.03716598063535680313 ) ) ;
#393 = CARTESIAN_POINT ( 'NONE',  ( -0.02512165982172680223, -0.002981556986462470093, 0.04365480219972740078 ) ) ;
#394 = CARTESIAN_POINT ( 'NONE',  ( 0.02603321684563400171, -0.002719430957984519948, 0.03294378999169030042 ) ) ;
#395 = CARTESIAN_POINT ( 'NONE',  ( -0.001628629862642540010, 0.02632455720649160003, 0.02027573861851819995 ) ) ;
#396 = CARTESIAN_POINT ( 'NONE',  ( -0.02349971695453369896, 0.005345421434886430193, 0.03944216707736820232 ) ) ;
#397 = CARTESIAN_POINT ( 'NONE',  ( -0.004015264449024320489, 0.02376327930420249826, 0.01855928187010379843 ) ) ;
#398 = CARTESIAN_POINT ( 'NONE',  ( -0.0005472087747356410743, 0.03330667567358289866, 0.05076515381958729423 ) ) ;
#399 = CARTESIAN_POINT ( 'NONE',  ( -0.004345144317867440271, -0.02371611427987310033, 0.04984102924921349903 ) ) ;
#400 = CARTESIAN_POINT ( 'NONE',  ( 0.001712458349813959953, -0.04967670737730069813, 0.03424198695874380166 ) ) ;
#401 = CARTESIAN_POINT ( 'NONE',  ( 0.02382398486522159867, -0.003731257516684900136, 0.02429378053093420031 ) ) ;
#402 = CARTESIAN_POINT ( 'NONE',  ( 0.002894552588771130263, 0.02464395220222670088, 0.03007875532893149878 ) ) ;
#403 = CARTESIAN_POINT ( 'NONE',  ( 0.002666069389255881945, -0.02666035125514336704, 0.03248613574040850466 ) ) ;
#404 = CARTESIAN_POINT ( 'NONE',  ( 0.09945114647226292737, -0.01639538578179808651, -2.007855671846505066E-18 ) ) ;
#405 = CARTESIAN_POINT ( 'NONE',  ( 0.04149169152544309597, 0.001975571031771069901, 0.04045235607457790122 ) ) ;
#406 = CARTESIAN_POINT ( 'NONE',  ( -0.002652321443635760091, 0.02395360497292610066, 0.005763435695634620132 ) ) ;
#407 = CARTESIAN_POINT ( 'NONE',  ( -0.02395844704177440068, -0.002608273320193870044, 0.005407341021271110278 ) ) ;
#408 = CARTESIAN_POINT ( 'NONE',  ( -0.0005761369836743369596, 0.02668709043691469898, 0.002157398562398350154 ) ) ;
#409 = CARTESIAN_POINT ( 'NONE',  ( 0.000000000000000000, -0.002046914554259906573, 0.04680279587179803080 ) ) ;
#410 = CARTESIAN_POINT ( 'NONE',  ( 0.2737214806687627289, 0.03369473093953262444, 0.1143176645085613174 ) ) ;
#411 = LINE ( 'NONE', #2866, #4516 ) ;
#412 = CARTESIAN_POINT ( 'NONE',  ( -0.001938162438590989916, 0.02402193843888615274, 0.000000000000000000 ) ) ;
#413 = CARTESIAN_POINT ( 'NONE',  ( -0.002802146681435949919, 0.04967670737730129488, 0.02746641082889179908 ) ) ;
#414 = CARTESIAN_POINT ( 'NONE',  ( -0.0003021021965064339568, -0.02665078791275559897, 0.004368227363576650257 ) ) ;
#415 = CARTESIAN_POINT ( 'NONE',  ( -0.02599212274744149703, 0.002824508914894720193, 0.03482182537526999633 ) ) ;
#416 = CARTESIAN_POINT ( 'NONE',  ( -0.002994831192286709874, -0.04967670737729369679, 0.01854478443794159784 ) ) ;
#417 = CARTESIAN_POINT ( 'NONE',  ( 0.003931670908114399607, 0.02377726153226539935, 0.01710313294416600238 ) ) ;
#418 = CARTESIAN_POINT ( 'NONE',  ( -0.0001027373184634339980, -0.02660673622574850211, 0.006855220410492499777 ) ) ;
#419 = SHAPE_DEFINITION_REPRESENTATION ( #5512, #4107 ) ;
#420 = CARTESIAN_POINT ( 'NONE',  ( -0.02512165982172680223, -3.742855073386569916E-05, 0.008113751710888230870 ) ) ;
#421 = VECTOR ( 'NONE', #1870, 1.000000000000000000 ) ;
#422 = CARTESIAN_POINT ( 'NONE',  ( 0.02601467503000550255, 0.002739642610039660312, 0.03435648061870020392 ) ) ;
#423 = CARTESIAN_POINT ( 'NONE',  ( 0.002007789058317400229, 0.02687961131723020161, 0.02307199690321069807 ) ) ;
#424 = CARTESIAN_POINT ( 'NONE',  ( -0.02393376104307750121, -0.002878046068545430172, 0.05859542999806670316 ) ) ;
#425 = CARTESIAN_POINT ( 'NONE',  ( -0.02402002429093630029, 0.001961742402361309895, 1.308303121145060230E-19 ) ) ;
#426 = CARTESIAN_POINT ( 'NONE',  ( -0.001203063499229560128, 0.04149169152544229799, 0.04266245947162630031 ) ) ;
#427 = CARTESIAN_POINT ( 'NONE',  ( 0.002754177954445209946, -0.02394213777296480203, 0.006598252809869250418 ) ) ;
#428 = CARTESIAN_POINT ( 'NONE',  ( -9.394354683881170494E-05, -0.04967670737729969893, -0.01339680408724269918 ) ) ;
#429 = CARTESIAN_POINT ( 'NONE',  ( 0.02404856654590760076, -0.001810957204751529942, 0.005871270010981349992 ) ) ;
#430 = CARTESIAN_POINT ( 'NONE',  ( -0.004537725946723220050, 0.02368176629130909830, 0.03994435873066660286 ) ) ;
#431 = CARTESIAN_POINT ( 'NONE',  ( 0.002768005796295214694, -0.02661464743505146530, 0.03436173085662500015 ) ) ;
#432 = CARTESIAN_POINT ( 'NONE',  ( 0.006914616367353527970, 0.002506122140752170720, -0.005012244281504340572 ) ) ;
#433 = CARTESIAN_POINT ( 'NONE',  ( 0.04967670737730119773, 0.001208486282665689835, 0.03548552656566000135 ) ) ;
#434 = CARTESIAN_POINT ( 'NONE',  ( 0.004386437377692680058, -0.02369783996507270063, 0.02282550045453430113 ) ) ;
#435 = CARTESIAN_POINT ( 'NONE',  ( 0.02401883403998210029, 0.001976638928455109849, 0.0003099483849464539933 ) ) ;
#436 = CARTESIAN_POINT ( 'NONE',  ( -0.0007799813457701620803, 0.02739558598756410002, 0.0001433962210790380048 ) ) ;
#437 = CARTESIAN_POINT ( 'NONE',  ( -0.000000000000000000, 0.0004742431219850623569, 0.05021970368732155826 ) ) ;
#438 = CARTESIAN_POINT ( 'NONE',  ( -0.02728985401338460473, 0.0001184135356158262745, 0.006369560177985030165 ) ) ;
#439 = CARTESIAN_POINT ( 'NONE',  ( 0.02409999999999999989, 0.000000000000000000, 0.06175378874876469998 ) ) ;
#440 = FACE_OUTER_BOUND ( 'NONE', #3321, .T. ) ;
#441 = CARTESIAN_POINT ( 'NONE',  ( 0.0004817771452915797304, 0.0003404228950179932593, 0.000000000000000000 ) ) ;
#442 = CARTESIAN_POINT ( 'NONE',  ( -0.0005223165024405710191, -0.02501661339230205200, 5.159528130830879689E-05 ) ) ;
#443 = CARTESIAN_POINT ( 'NONE',  ( -0.02573183095216599950, -0.002798660715906759779, 0.04829201271712589560 ) ) ;
#444 = CARTESIAN_POINT ( 'NONE',  ( -0.002575290905111700043, -0.04967670737730519454, 0.03023284672936920117 ) ) ;
#445 = CARTESIAN_POINT ( 'NONE',  ( 0.02386525953564819919, -0.003356687521671850374, 0.01141967577752809986 ) ) ;
#446 = CARTESIAN_POINT ( 'NONE',  ( -0.001903702975743260016, 0.02402469385819819975, -0.0002775641919952690222 ) ) ;
#447 = CARTESIAN_POINT ( 'NONE',  ( 0.002153345719634719956, -0.02620065355578550179, 0.02591325890998499859 ) ) ;
#448 = CARTESIAN_POINT ( 'NONE',  ( -0.04967670737731640085, -0.001868412592617920082, 0.001598896181240010020 ) ) ;
#449 = CARTESIAN_POINT ( 'NONE',  ( 0.02578569425531439946, 0.002930406022816120070, 0.04555205435234569583 ) ) ;
#450 = CARTESIAN_POINT ( 'NONE',  ( 0.001876614439124289855, 0.02691438737894909922, 0.02165980388999079811 ) ) ;
#451 = CARTESIAN_POINT ( 'NONE',  ( -0.02404856654590760076, 0.001810957204751529942, 0.005871270010981349992 ) ) ;
#452 = CARTESIAN_POINT ( 'NONE',  ( -0.004803838021783040160, 0.02361643867921700210, 0.02851064374961450112 ) ) ;
#453 = CARTESIAN_POINT ( 'NONE',  ( -0.002795932762882159892, 0.02512165982172400239, 0.04902433484312839623 ) ) ;
#454 = CARTESIAN_POINT ( 'NONE',  ( -0.004398783960354120739, -0.02370869308229819894, 0.03424618445514579501 ) ) ;
#455 = CARTESIAN_POINT ( 'NONE',  ( 0.002935752962990789781, -0.04967670737729969893, 0.02483157036816860050 ) ) ;
#456 = CARTESIAN_POINT ( 'NONE',  ( 0.02369722158845979920, -0.004448871703478220196, 0.04843281168771870066 ) ) ;
#457 = CARTESIAN_POINT ( 'NONE',  ( 0.0009204406782504790177, 0.02492964621511179965, 0.01030400566313000033 ) ) ;
#458 = CARTESIAN_POINT ( 'NONE',  ( 3.411192540161960419E-05, -0.02729864526323479840, 0.006181940286381540361 ) ) ;
#459 = CARTESIAN_POINT ( 'NONE',  ( -0.002984139172151693744, -0.02633734421734677811, 0.04552449086031221809 ) ) ;
#460 = CARTESIAN_POINT ( 'NONE',  ( 0.1429219362925316372, 0.01977994956041832092, -0.03955989912083663490 ) ) ;
#461 = CARTESIAN_POINT ( 'NONE',  ( 0.04149169152544299882, 0.0009368541757573900725, 0.04312501753893949880 ) ) ;
#462 = CARTESIAN_POINT ( 'NONE',  ( -0.002960011148417510292, 0.02512165982172400239, 0.04083447965363710269 ) ) ;
#463 = CARTESIAN_POINT ( 'NONE',  ( 0.02662509485685704905, -4.814936518581636312E-05, 0.006186775697869478612 ) ) ;
#464 = DIRECTION ( 'NONE',  ( 0.000000000000000000, 0.000000000000000000, 1.000000000000000000 ) ) ;
#465 = CARTESIAN_POINT ( 'NONE',  ( -3.415093684462280351E-05, 0.03475780225712390287, -0.0003559796631354869806 ) ) ;
#466 = ADVANCED_FACE ( 'NONE', ( #5532 ), #4136, .F. ) ;
#467 = CARTESIAN_POINT ( 'NONE',  ( -0.02602812347347991523, 0.001958573735941514238, 0.05434318953000469993 ) ) ;
#468 = FACE_OUTER_BOUND ( 'NONE', #3055, .T. ) ;
#469 = MECHANICAL_DESIGN_GEOMETRIC_PRESENTATION_REPRESENTATION (  '', ( #4718 ), #5238 ) ;
#470 = CARTESIAN_POINT ( 'NONE',  ( -0.008740922559727901109, -4.027685729707070029E-05, -0.007472282430138990628 ) ) ;
#471 = CARTESIAN_POINT ( 'NONE',  ( -0.001449443473609510029, 0.04967670737730119773, 0.03496845202896579907 ) ) ;
#472 = FACE_OUTER_BOUND ( 'NONE', #180, .T. ) ;
#473 = CARTESIAN_POINT ( 'NONE',  ( -0.02582749622103730144, 0.003034191689637690155, 0.04275383552395949777 ) ) ;
#474 = CARTESIAN_POINT ( 'NONE',  ( -0.0005318081265415719678, -0.04149169152544509437, 0.04366578062640680269 ) ) ;
#475 = CARTESIAN_POINT ( 'NONE',  ( 0.02394742031884800060, -0.002707594902953869894, 0.005791292549965520141 ) ) ;
#476 = CARTESIAN_POINT ( 'NONE',  ( 0.0005195640261177610856, 0.02501654631110260263, 7.173554567547410228E-05 ) ) ;
#477 = CARTESIAN_POINT ( 'NONE',  ( 0.0008290619121573340094, -0.02506490571086680136, 0.05768346868425450191 ) ) ;
#478 = CARTESIAN_POINT ( 'NONE',  ( -0.02512165982172690284, -0.002960011148417459985, 0.04083447965363450061 ) ) ;
#479 = CARTESIAN_POINT ( 'NONE',  ( 0.02629363825109199901, 0.001767317855847230128, 0.02168613383760020080 ) ) ;
#480 = CARTESIAN_POINT ( 'NONE',  ( -0.002608148072686009792, 0.02668349011938409704, 0.03154842807120160353 ) ) ;
#481 = CARTESIAN_POINT ( 'NONE',  ( -0.02391656127994319994, 0.003092273572965299755, 0.01719486972245809833 ) ) ;
#482 = CARTESIAN_POINT ( 'NONE',  ( -0.003746033157882030108, 0.02380722280077389799, 0.01571251764176979926 ) ) ;
#483 = CARTESIAN_POINT ( 'NONE',  ( -0.001712458349813940003, 0.04967670737730079528, 0.03424198695874380166 ) ) ;
#484 = CARTESIAN_POINT ( 'NONE',  ( -0.003363046923242849970, -0.02387959655586209887, 0.02003293392251809940 ) ) ;
#485 = ORIENTED_EDGE ( 'NONE', *, *, #5373, .F. ) ;
#486 = CARTESIAN_POINT ( 'NONE',  ( 0.0001619348072018340185, -0.04967670737730009445, -0.01251463545584600122 ) ) ;
#487 = CARTESIAN_POINT ( 'NONE',  ( 0.02404801381942000063, -0.001818516192256250039, 0.005916859557944460606 ) ) ;
#488 = CARTESIAN_POINT ( 'NONE',  ( 0.001095301685725640030, 0.02491124795235229866, 0.01171185230850390127 ) ) ;
#489 = CARTESIAN_POINT ( 'NONE',  ( 0.02405390359206090178, 0.001738334253175870042, 0.005710144703290340358 ) ) ;
#490 = CARTESIAN_POINT ( 'NONE',  ( 0.02698337177418640848, -0.001598288157284280878, 0.01883556542192679761 ) ) ;
#491 = CARTESIAN_POINT ( 'NONE',  ( 0.1606410331029352323, -0.02051151099262209579, -0.04102302198524419158 ) ) ;
#492 = ORIENTED_EDGE ( 'NONE', *, *, #4694, .T. ) ;
#493 = CARTESIAN_POINT ( 'NONE',  ( 0.03330667567358400194, 0.001440055002394699871, 0.04932500027779190138 ) ) ;
#494 = CARTESIAN_POINT ( 'NONE',  ( -0.002960458266613449647, 0.03330667567358289866, 0.03364425825554839822 ) ) ;
#495 =( NAMED_UNIT ( * ) PLANE_ANGLE_UNIT ( ) SI_UNIT ( $, .RADIAN. ) );
#496 = FACE_OUTER_BOUND ( 'NONE', #3929, .T. ) ;
#497 = CARTESIAN_POINT ( 'NONE',  ( 0.04967670737729969893, -9.394354683881470005E-05, -0.01339680408724269918 ) ) ;
#498 = CARTESIAN_POINT ( 'NONE',  ( -0.02586623577880433830, 0.001521555119487889374, 0.05585406740364149553 ) ) ;
#499 = CARTESIAN_POINT ( 'NONE',  ( -0.02670785372847634884, -0.0008773868494635720392, 8.798271289884699610E-05 ) ) ;
#500 = CARTESIAN_POINT ( 'NONE',  ( 0.04967670737730079528, -2.714385538309639986E-05, 0.009395364255390750013 ) ) ;
#501 = FACE_OUTER_BOUND ( 'NONE', #4746, .T. ) ;
#502 = CARTESIAN_POINT ( 'NONE',  ( -0.02366039916450679917, -0.004585836190941010651, 0.05323446686546470102 ) ) ;
#503 = CARTESIAN_POINT ( 'NONE',  ( -0.02629360484654279934, -0.001767327735527820035, 0.02168612092387829995 ) ) ;
#504 = CARTESIAN_POINT ( 'NONE',  ( 0.001968021418861170060, -0.02512165982173160048, 0.05481420764441459481 ) ) ;
#505 = CARTESIAN_POINT ( 'NONE',  ( 0.02364622467145490251, -0.004655095810394829954, 0.02564456829601220039 ) ) ;
#506 = CARTESIAN_POINT ( 'NONE',  ( -0.0001719098618286139910, -0.02727944703256879669, 0.006763319372968159236 ) ) ;
#507 = CARTESIAN_POINT ( 'NONE',  ( -0.03330667567358520237, -0.001871927727091259822, 0.01598871263838269954 ) ) ;
#508 = CARTESIAN_POINT ( 'NONE',  ( 0.02606454801848500161, -0.002631850354762720317, 0.03153471636875319895 ) ) ;
#509 = CARTESIAN_POINT ( 'NONE',  ( 0.002302009369897960178, 0.02612672389535640113, 0.05268873309178390141 ) ) ;
#510 = CARTESIAN_POINT ( 'NONE',  ( -0.02364934496904290070, 0.004642515555994920079, 0.05322122782082389786 ) ) ;
#511 = CARTESIAN_POINT ( 'NONE',  ( 0.004314946825340680407, 0.02371067814206069893, 0.02137150184418520199 ) ) ;
#512 = CARTESIAN_POINT ( 'NONE',  ( 0.06122476143659144610, 0.01203583586195126204, 2.947929572680307605E-18 ) ) ;
#513 = CARTESIAN_POINT ( 'NONE',  ( 0.002991786811364480127, -0.02391376566300380119, 0.008608274960128970213 ) ) ;
#514 = EDGE_LOOP ( 'NONE', ( #3453, #549 ) ) ;
#515 = CARTESIAN_POINT ( 'NONE',  ( 3.753749295206309719E-05, -0.04967670737730049690, -0.01340884686763799995 ) ) ;
#516 = CARTESIAN_POINT ( 'NONE',  ( 0.02395188575719540275, 0.002667842388990830128, 0.005889346204992890015 ) ) ;
#517 = CARTESIAN_POINT ( 'NONE',  ( 0.003302386702928249932, 0.02454705292024770072, 0.03714012874570929434 ) ) ;
#518 = CARTESIAN_POINT ( 'NONE',  ( 0.02395360403516130082, 0.002652329914335689771, 0.005763504183015659942 ) ) ;
#519 = CARTESIAN_POINT ( 'NONE',  ( 0.02697045933425219408, 0.001639702660437120834, 0.01981083878400579854 ) ) ;
#520 = MECHANICAL_DESIGN_GEOMETRIC_PRESENTATION_REPRESENTATION (  '', ( #3113 ), #4456 ) ;
#521 = CARTESIAN_POINT ( 'NONE',  ( 0.1637415884084692519, -0.02056046466939306233, -2.517930724635445927E-18 ) ) ;
#522 = ORIENTED_EDGE ( 'NONE', *, *, #3980, .F. ) ;
#523 = CARTESIAN_POINT ( 'NONE',  ( 0.04149169152544229799, 0.001708011961370700009, 0.04142150017854490107 ) ) ;
#524 = CARTESIAN_POINT ( 'NONE',  ( -0.0008413029347685820275, 0.02512165982172350279, 0.01416669152224370003 ) ) ;
#525 = EDGE_CURVE ( 'NONE', #2719, #4713, #2605, .T. ) ;
#526 = CARTESIAN_POINT ( 'NONE',  ( -0.02622276767918509804, 0.0008605064496224800125, -0.01663026472918810103 ) ) ;
#527 = CARTESIAN_POINT ( 'NONE',  ( 0.04967670737730139896, 0.0009426204872616650689, 0.03594950436496809759 ) ) ;
#528 = B_SPLINE_SURFACE_WITH_KNOTS ( 'NONE', 3, 3, ( 
 ( #5728, #4199, #2314, #4299 ),
 ( #1279, #2797, #1244, #248 ),
 ( #2246, #4810, #3356, #4234 ),
 ( #4266, #5697, #6257, #5821 ),
 ( #6223, #6286, #758, #1822 ),
 ( #5236, #3819, #3257, #1313 ),
 ( #1760, #3224, #2214, #6190 ),
 ( #792, #2736, #1372, #5793 ),
 ( #2345, #3290, #1728, #5203 ),
 ( #1851, #1343, #6318, #721 ),
 ( #3848, #1791, #3717, #3754 ),
 ( #2766, #4716, #3324, #4749 ),
 ( #5304, #314, #2280, #3787 ),
 ( #5760, #861, #2828, #5273 ),
 ( #4782, #348, #1912, #4000 ),
 ( #5884, #2920, #1530, #4903 ),
 ( #5984, #3877, #1011, #4417 ),
 ( #2009, #5398, #20, #5333 ),
 ( #3385, #2860, #3937, #1944 ),
 ( #3906, #4356, #5364, #4971 ),
 ( #6377, #6410, #5853, #6349 ),
 ( #1427, #1397, #3416, #916 ),
 ( #947, #1460, #461, #2888 ),
 ( #4838, #889, #4869, #433 ),
 ( #2375, #493, #2468, #2437 ),
 ( #5920, #3451, #523, #5429 ),
 ( #2406, #1881, #405, #5463 ),
 ( #4382, #4447, #978, #1493 ),
 ( #3484, #2952, #4938, #1979 ),
 ( #3968, #5952, #2987, #2498 ),
 ( #4484, #51, #5004, #3580 ),
 ( #1043, #684, #3021, #2665 ),
 ( #5066, #83, #2139, #2107 ),
 ( #6052, #3089, #4098, #5561 ),
 ( #116, #589, #2072, #209 ),
 ( #1173, #4131, #4515, #6119 ),
 ( #557, #2174, #621, #4581 ),
 ( #146, #2599, #2041, #1110 ),
 ( #4160, #3646, #4548, #6085 ),
 ( #4035, #3056, #2530, #6151 ),
 ( #6016, #4066, #1560, #5097 ),
 ( #3551, #1592, #3614, #5527 ) ),
 .UNSPECIFIED., .F., .F., .F.,
 ( 4, 1, 1, 1, 1, 1, 1, 1, 1, 1, 1, 1, 1, 1, 1, 1, 1, 1, 1, 1, 1, 1, 1, 1, 1, 1, 1, 1, 1, 1, 1, 1, 1, 1, 1, 1, 1, 1, 1, 4 ),
 ( 4, 4 ),
 ( 0.000000000000000000, 0.008928571428571429811, 0.01785714285714290125, 0.03571428571428569843, 0.07142857142857139685, 0.1428571428571430157, 0.2857142857142860315, 0.3035714285714289917, 0.3214285714285710083, 0.3571428571428569843, 0.3928571428571430157, 0.4107142857142860315, 0.4196428571428569843, 0.4285714285714289917, 0.4523809523809519950, 0.4642857142857140240, 0.4702380952380950108, 0.4761904761904759975, 0.4940476190476190133, 0.5000000000000000000, 0.5119047619047620845, 0.5238095238095240580, 0.5297619047619049892, 0.5357142857142859205, 0.5476190476190480050, 0.5595238095238099785, 0.5714285714285709528, 0.5952380952380950108, 0.6190476190476190688, 0.6428571428571430157, 0.6666666666666670737, 0.6904761904761900215, 0.7142857142857139685, 0.8571428571428569843, 0.9285714285714290472, 0.9642857142857139685, 0.9821428571428569843, 0.9910714285714290472, 0.9955357142857139685, 1.000000000000000000 ),
 ( 0.06359817331304110088, 1.000000000000000000 ),
 .UNSPECIFIED. ) ;
#529 = CARTESIAN_POINT ( 'NONE',  ( -0.02695910502819239690, -0.001685159536883190775, 0.02028114175951669859 ) ) ;
#530 = CARTESIAN_POINT ( 'NONE',  ( -0.02405212563208575238, -0.001762892465329400941, 0.005896236215990200563 ) ) ;
#531 = CARTESIAN_POINT ( 'NONE',  ( 2.429795166703368505E-05, 0.02596745950297559002, 0.004723126396461748214 ) ) ;
#532 = EDGE_CURVE ( 'NONE', #980, #11, #4682, .T. ) ;
#533 = CARTESIAN_POINT ( 'NONE',  ( -0.02398490362452060029, -0.002352930150469779904, 0.003344674424668009696 ) ) ;
#534 = AXIS2_PLACEMENT_3D ( 'NONE', #1667, #3795, #5640 ) ;
#535 = CARTESIAN_POINT ( 'NONE',  ( -0.0007798187591258240979, -0.02737777076049650177, 0.0003393759012199209515 ) ) ;
#536 = CARTESIAN_POINT ( 'NONE',  ( -0.02663589366652299728, 0.002750175173328510067, 0.03294954937802419687 ) ) ;
#537 = CARTESIAN_POINT ( 'NONE',  ( 0.0008349623323015230693, -0.04967670737729629887, -0.007411838175165389592 ) ) ;
#538 = CARTESIAN_POINT ( 'NONE',  ( 0.02375499797268430108, -0.004063972786256630013, 0.01852540040745329769 ) ) ;
#539 = CARTESIAN_POINT ( 'NONE',  ( 0.002305839245542140072, -0.02615521824796690140, 0.05226619805385040313 ) ) ;
#540 = FACE_OUTER_BOUND ( 'NONE', #1521, .T. ) ;
#541 = CARTESIAN_POINT ( 'NONE',  ( 0.02613791023293820029, 0.002239113750029740179, 0.05270000082362719801 ) ) ;
#542 = CARTESIAN_POINT ( 'NONE',  ( -0.001893875279070579955, 0.02603722687386770054, 0.05435614080161910167 ) ) ;
#543 = CARTESIAN_POINT ( 'NONE',  ( -0.02404853677103310078, 0.001811353375426429883, 0.005874328999241930360 ) ) ;
#544 = CARTESIAN_POINT ( 'NONE',  ( 0.004433333405516000358, 0.02368882001326819836, 0.02279533797157690111 ) ) ;
#545 = PRODUCT_RELATED_PRODUCT_CATEGORY ( 'part', '', ( #3127 ) ) ;
#546 = CARTESIAN_POINT ( 'NONE',  ( 0.002238936440581716907, 0.001080638208088324434, 0.002161276416176649735 ) ) ;
#547 = ADVANCED_FACE ( 'NONE', ( #282 ), #528, .F. ) ;
#548 = CARTESIAN_POINT ( 'NONE',  ( 0.002750354709640989628, -0.02395832638527260056, 0.01438806919755129983 ) ) ;
#549 = ORIENTED_EDGE ( 'NONE', *, *, #1800, .F. ) ;
#550 = CARTESIAN_POINT ( 'NONE',  ( -0.04149169152544169431, 9.476813844368689173E-05, -0.006228555854280000241 ) ) ;
#551 = CARTESIAN_POINT ( 'NONE',  ( 0.02496228782435280097, -0.0005840287103783459903, 0.007728003759975900569 ) ) ;
#552 = CARTESIAN_POINT ( 'NONE',  ( -0.003244865088570450008, 0.02455708887092310222, 0.03714535363965189990 ) ) ;
#553 = CARTESIAN_POINT ( 'NONE',  ( 0.02541576037513671241, -1.889696269317412008E-05, 0.002807456665490567875 ) ) ;
#554 = CARTESIAN_POINT ( 'NONE',  ( 0.02654681448487081555, 0.002886039276008337678, 0.03717348957360389755 ) ) ;
#555 = CARTESIAN_POINT ( 'NONE',  ( -0.02730659869093710057, 2.828101394241709841E-05, 0.005732420953128899814 ) ) ;
#556 = VERTEX_POINT ( 'NONE', #1078 ) ;
#557 = CARTESIAN_POINT ( 'NONE',  ( 0.02512165982172520282, 0.0003639715790485350210, 0.01049642400483660060 ) ) ;
#558 = CARTESIAN_POINT ( 'NONE',  ( 0.003604506865178470042, -0.02382907021258010016, 0.01428887826512729997 ) ) ;
#559 = ORIENTED_EDGE ( 'NONE', *, *, #4387, .F. ) ;
#560 = CARTESIAN_POINT ( 'NONE',  ( 0.000000000000000000, 0.002689541644414190132, 0.02573827367871130145 ) ) ;
#561 = CARTESIAN_POINT ( 'NONE',  ( -3.460742916362229908E-05, 0.02729834969703550177, 0.006185726919998659618 ) ) ;
#562 = CARTESIAN_POINT ( 'NONE',  ( -0.02559210139346954765, -0.0009425912774505037627, 0.05708685067063602042 ) ) ;
#563 = CARTESIAN_POINT ( 'NONE',  ( -9.077854432678369697E-05, -0.04221866210052149793, -0.006889324062620460522 ) ) ;
#564 = DIRECTION ( 'NONE',  ( 0.000000000000000000, 0.000000000000000000, -1.000000000000000000 ) ) ;
#565 = DIRECTION ( 'NONE',  ( 0.000000000000000000, 0.000000000000000000, 1.000000000000000000 ) ) ;
#566 = CARTESIAN_POINT ( 'NONE',  ( -0.02371955764939270156, -0.004265862231161410799, 0.02140385881040639954 ) ) ;
#567 = CARTESIAN_POINT ( 'NONE',  ( -0.02662512843816839878, 4.815663866620379627E-05, 0.006186777000074820433 ) ) ;
#568 = CARTESIAN_POINT ( 'NONE',  ( 0.002730303972218079810, -0.03330667567358720077, 0.02597481397782649970 ) ) ;
#569 = CARTESIAN_POINT ( 'NONE',  ( 0.004642559232241589770, 0.02364930119817169885, 0.05322101650698179975 ) ) ;
#570 = CARTESIAN_POINT ( 'NONE',  ( 0.0004705699979817739892, 0.02666426674329500091, 0.003160808989588100026 ) ) ;
#571 = CARTESIAN_POINT ( 'NONE',  ( 0.002915139093508999774, -0.02635040355277190258, 0.04554775637709839592 ) ) ;
#572 = CARTESIAN_POINT ( 'NONE',  ( -0.04967670737730169733, 0.001504424157930730208, 0.03496762915002270267 ) ) ;
#573 = CARTESIAN_POINT ( 'NONE',  ( 0.02730261219899659739, -9.206982539355560271E-05, 0.006170782889808879880 ) ) ;
#574 = CARTESIAN_POINT ( 'NONE',  ( -0.002239026471880050089, 0.02613798592922900177, 0.05270001026085130436 ) ) ;
#575 = CARTESIAN_POINT ( 'NONE',  ( -0.02367258009616199713, 0.004585061750121239947, 0.03945821202595359983 ) ) ;
#576 = AXIS2_PLACEMENT_3D ( 'NONE', #2412, #1799, #5798 ) ;
#577 = CARTESIAN_POINT ( 'NONE',  ( 0.002335098198243259777, 0.02398926385710459935, 0.05926714115672779976 ) ) ;
#578 = CARTESIAN_POINT ( 'NONE',  ( 0.07394948935830365777, -0.01364000912233499611, 0.02728001824466997488 ) ) ;
#579 = CARTESIAN_POINT ( 'NONE',  ( -0.0003731211705455260192, -0.02498049870189229804, 0.006193516590805349560 ) ) ;
#580 = VERTEX_POINT ( 'NONE', #3518 ) ;
#581 = CARTESIAN_POINT ( 'NONE',  ( -0.02512165982172680223, 9.620890453887880078E-05, 0.008107995930071901225 ) ) ;
#582 = CARTESIAN_POINT ( 'NONE',  ( 0.02386834615988360150, 0.003438519144338379914, 0.02148525529586020263 ) ) ;
#583 = PRODUCT_DEFINITION_SHAPE ( 'NONE', 'NONE',  #6419 ) ;
#584 = CARTESIAN_POINT ( 'NONE',  ( -0.001687998454832909849, 0.02483941183509959932, 0.01738783411171759830 ) ) ;
#585 = CARTESIAN_POINT ( 'NONE',  ( 0.02730590515353429823, 9.779232824969038686E-06, 0.006002978719489919859 ) ) ;
#586 = CARTESIAN_POINT ( 'NONE',  ( 0.02677533842686300597, -0.002366861741817933521, 0.02730853787833640092 ) ) ;
#587 = CARTESIAN_POINT ( 'NONE',  ( 0.1621912153200378293, 0.02054251265073871874, 0.000000000000000000 ) ) ;
#588 = ORIENTED_EDGE ( 'NONE', *, *, #5548, .T. ) ;
#589 = CARTESIAN_POINT ( 'NONE',  ( 0.03330667567358420317, 0.001871927727091219924, 0.01598871263838359813 ) ) ;
#590 = CARTESIAN_POINT ( 'NONE',  ( -0.004462862639206389807, -0.02368374221372050031, 0.05415138280858380199 ) ) ;
#591 = VERTEX_POINT ( 'NONE', #1627 ) ;
#592 = CARTESIAN_POINT ( 'NONE',  ( -0.01748184511945580222, 0.003073205658116229776, 0.02339630170648039978 ) ) ;
#593 = CARTESIAN_POINT ( 'NONE',  ( 7.272623546626330163E-06, 0.03475780225712390287, -0.0006500660213635449727 ) ) ;
#594 = CARTESIAN_POINT ( 'NONE',  ( 0.02730712299637160292, -9.316952606695959511E-05, 0.006174370305230250135 ) ) ;
#595 = CARTESIAN_POINT ( 'NONE',  ( -2.851662606458499691E-05, -0.02345393969811690113, 0.009107929585226699418 ) ) ;
#596 = DIRECTION ( 'NONE',  ( -1.343344959473480077E-13, 1.000000000000000000, 0.000000000000000000 ) ) ;
#597 = CARTESIAN_POINT ( 'NONE',  ( 0.000000000000000000, 0.000000000000000000, 0.000000000000000000 ) ) ;
#598 = CARTESIAN_POINT ( 'NONE',  ( -0.02355178795738190056, -0.005111404611350070341, 0.04850830620937629512 ) ) ;
#599 = CARTESIAN_POINT ( 'NONE',  ( -0.02633738779635019789, 0.002972852358164699942, 0.04552169113646229587 ) ) ;
#600 = CARTESIAN_POINT ( 'NONE',  ( 0.0001660630876374830035, -0.02512165982173130210, 0.009039133715367918959 ) ) ;
#601 = CARTESIAN_POINT ( 'NONE',  ( -0.005111414558066830482, 0.02355178980587949861, 0.04850831447267309887 ) ) ;
#602 = CARTESIAN_POINT ( 'NONE',  ( 0.0003021046919885959610, 0.02665091865046550004, 0.004368391265486489677 ) ) ;
#603 = CARTESIAN_POINT ( 'NONE',  ( 6.504340161463399890E-05, -0.02660354854256479981, 0.006999277542440990492 ) ) ;
#604 = CARTESIAN_POINT ( 'NONE',  ( -0.04967670737730099650, -0.0005601296105390069684, 0.03641852703635650029 ) ) ;
#605 = CARTESIAN_POINT ( 'NONE',  ( 0.02630470536655380234, -0.002911335432740700183, 0.04689722377102219925 ) ) ;
#606 = CARTESIAN_POINT ( 'NONE',  ( -0.002478570768810499890, 0.02620098773823870131, 0.05110756517909750135 ) ) ;
#607 = CARTESIAN_POINT ( 'NONE',  ( -0.02398267657425370153, 0.002466026304266160079, 0.05823919214678130452 ) ) ;
#608 = CARTESIAN_POINT ( 'NONE',  ( -0.001856740203276720062, 0.02403730378431439760, 0.05973253361632009650 ) ) ;
#609 = CARTESIAN_POINT ( 'NONE',  ( 0.001290098280607729266, -0.0007140993512418974867, -8.745194847715912688E-20 ) ) ;
#610 = CARTESIAN_POINT ( 'NONE',  ( 0.004128475915642779853, -0.02375774588383590055, 0.03046326961191589758 ) ) ;
#611 = VERTEX_POINT ( 'NONE', #5035 ) ;
#612 = CARTESIAN_POINT ( 'NONE',  ( -0.002701478161198439792, -0.02394811090137519832, 0.005742451886731779996 ) ) ;
#613 = ADVANCED_FACE ( 'NONE', ( #4643 ), #1514, .F. ) ;
#614 = CARTESIAN_POINT ( 'NONE',  ( 0.02369386200772709977, 0.004468338867568349276, 0.04704186532327180037 ) ) ;
#615 = CARTESIAN_POINT ( 'NONE',  ( -0.001374818958687829950, 0.02487852506798059887, 0.01456007970624600099 ) ) ;
#616 = CARTESIAN_POINT ( 'NONE',  ( 0.02499698889655170217, 5.611757836883239859E-05, 0.004294793766621569919 ) ) ;
#617 = CARTESIAN_POINT ( 'NONE',  ( -0.02395349758143670155, -0.002653291091475649868, 0.005771300684615870112 ) ) ;
#618 = CARTESIAN_POINT ( 'NONE',  ( 0.02658049076245070849, 0.002831780894366415884, 0.03576780249818199697 ) ) ;
#619 = DIRECTION ( 'NONE',  ( 4.114164378965559632E-05, -0.7521500358548259824, -0.6589918981830880096 ) ) ;
#620 = ORIENTED_EDGE ( 'NONE', *, *, #4480, .F. ) ;
#621 = CARTESIAN_POINT ( 'NONE',  ( 0.04149169152544179839, 0.0003604835824018760046, -0.003879429829293559815 ) ) ;
#622 = CARTESIAN_POINT ( 'NONE',  ( -0.002763585452571690020, -0.02394102517841690050, 0.006248776118045089485 ) ) ;
#623 = STYLED_ITEM ( 'NONE', ( #981 ), #5099 ) ;
#624 = ORIENTED_EDGE ( 'NONE', *, *, #3354, .F. ) ;
#625 = CARTESIAN_POINT ( 'NONE',  ( -0.008740922559727909782, 0.002576817894520119778, 0.03696056506535740083 ) ) ;
#626 = CARTESIAN_POINT ( 'NONE',  ( 0.001290098280607729266, 0.0007140993512418974867, -0.001428198702483794756 ) ) ;
#627 = CARTESIAN_POINT ( 'NONE',  ( -0.02712918904601529721, -0.0009257794722413405968, 0.01321880454830570012 ) ) ;
#628 = CARTESIAN_POINT ( 'NONE',  ( 0.000000000000000000, 0.000000000000000000, 0.000000000000000000 ) ) ;
#629 = FACE_BOUND ( 'NONE', #4037, .T. ) ;
#630 = CARTESIAN_POINT ( 'NONE',  ( -0.02405216124763630281, -0.001762391213365420038, 0.005892492652039079890 ) ) ;
#631 = DIRECTION ( 'NONE',  ( 0.000000000000000000, 0.1460550870211599628, 0.9892764586076236988 ) ) ;
#632 = CARTESIAN_POINT ( 'NONE',  ( -0.02654680589134720062, -0.002886039465481259839, 0.03717347899231979863 ) ) ;
#633 = CARTESIAN_POINT ( 'NONE',  ( 0.0009368541757573900725, -0.04149169152544499722, 0.04312501753893770162 ) ) ;
#634 = CARTESIAN_POINT ( 'NONE',  ( 0.005364000979328790650, 0.02349547821492379771, 0.04134574822544949402 ) ) ;
#635 = SHAPE_REPRESENTATION_RELATIONSHIP ( 'NONE' , 'NONE' ,  #4107, #3004 ) ;
#636 = CARTESIAN_POINT ( 'NONE',  ( 0.001786259326107299912, -0.02599880170533450108, 0.05473827921998030560 ) ) ;
#637 = CARTESIAN_POINT ( 'NONE',  ( 0.000000000000000000, -6.098987242249010045E-05, 0.0003364272128793809893 ) ) ;
#638 = B_SPLINE_SURFACE_WITH_KNOTS ( 'NONE', 3, 3, ( 
 ( #2239, #1304, #6182, #1815, #854, #1720, #4804, #5196, #4741, #5295, #2759, #1688, #5229, #5752, #3282, #4226, #5721, #4323, #1272, #5690, #3678, #241, #3811, #783, #2207, #5657, #3745, #4773, #1204, #307, #3710, #3186, #2271, #4258, #2821, #6215, #714, #1236, #1336, #3216, #6249, #1784, #3780, #2696, #5264, #817, #2306, #4290, #5163, #6279, #3316, #5814, #2400, #4926, #3928, #969, #10, #4962, #5910, #3378, #3898, #3870, #910, #6371, #2368, #4861, #5877, #5943, #6400, #3475, #1391, #882, #513, #1968, #427, #2490, #3442, #4350 ),
 ( #2853, #1934, #4376, #4408, #6343, #1002, #5390, #6310, #1419, #1450, #1845, #2942, #1904, #3959, #1484, #3841, #5452, #1364, #2978, #3348, #3409, #4832, #484, #4896, #5420, #939, #2913, #454, #2427, #5327, #2882, #5358, #2459, #399, #4438, #1872, #5846, #5487, #5088, #1133, #1520, #1164, #1583, #5549, #4506, #1100, #4056, #3012, #2062, #5518, #3144, #4601, #644, #2621, #4474, #2032, #42, #1034, #1068, #5118, #168, #610, #4025, #2587, #4995, #3571, #2130, #73, #548, #6005, #1617, #2521, #671, #4570, #5026, #1551, #6108, #4122 ),
 ( #3636, #3047, #3507, #3541, #1647, #579, #2554, #3080, #4539, #105, #5057, #136, #6042, #2096, #5614, #4088, #6074, #3990, #3604, #3110, #5583, #2000, #5974, #1328, #298, #6172, #264, #231, #3700, #2718, #5152, #1227, #2750, #4633, #3307, #2197, #332, #5288, #4180, #5647, #6204, #1192, #1742, #2654, #5679, #1709, #4249, #2686, #1775, #4698, #739, #6240, #3207, #3239, #5743, #5186, #3174, #199, #4150, #2228, #4215, #4664, #2161, #3771, #6140, #2297, #5219, #1677, #704, #2261, #3804, #1295, #4282, #3667, #5711, #6272, #3733, #1262 ),
 ( #774, #1808, #3273, #4732, #5254, #806, #2780, #5776, #4764, #1897, #875, #3890, #418, #5805, #4853, #1865, #5936, #962, #3433, #1442, #846, #4824, #2812, #1837, #3862, #1476, #5412, #3402, #392, #5382, #1357, #4369, #2934, #2843, #3341, #2360, #4398, #5320, #3467, #930, #1384, #3832, #2452, #4917, #477, #6363, #4342, #2392, #5869, #6333, #4431, #2, #5839, #1960, #363, #2874, #3369, #3952, #5349, #903, #1411, #2904, #4887, #447, #2420, #6392, #1927, #3920, #2329, #4797, #5901, #4316, #6301, #2483, #603, #2579, #4018, #1640 ),
 ( #3982, #3072, #161, #4081, #3103, #5444, #2055, #2614, #98, #506, #2024, #4464, #4986, #5480, #4954, #5081, #5998, #5541, #4594, #35, #4562, #1125, #1992, #1544, #3534, #4499, #5048, #1512, #5574, #2121, #3500, #4114, #2512, #4049, #6101, #6033, #994, #2546, #129, #2089, #5510, #3038, #2970, #5019, #3005, #5966, #1027, #636, #4532, #539, #64, #1061, #6067, #571, #1575, #3564, #1093, #1608, #3597, #2772, #224, #2645, #1666, #3262, #3660, #4657, #4689, #4143, #4625, #2220, #3724, #1702, #1185, #4756, #6164, #2710, #3137, #3692 ) ),
 .UNSPECIFIED., .F., .F., .F.,
 ( 4, 1, 4 ),
 ( 4, 2, 1, 1, 1, 1, 1, 1, 1, 1, 1, 1, 1, 1, 1, 1, 1, 1, 1, 1, 1, 1, 1, 1, 1, 1, 1, 1, 1, 1, 1, 1, 1, 1, 1, 1, 1, 1, 1, 1, 1, 1, 1, 1, 1, 1, 1, 1, 1, 1, 1, 1, 1, 1, 1, 1, 1, 1, 1, 1, 1, 1, 1, 1, 1, 1, 1, 1, 1, 1, 1, 1, 1, 1, 4 ),
 ( 0.000000000000000000, 0.5714285714285709528, 1.000000000000000000 ),
 ( -0.0004632816516957349862, 0.000000000000000000, 0.004469548000576300563, 0.008939096001152601126, 0.01787819200230520225, 0.03575638400461040450, 0.05363457600691560329, 0.06257367200806819574, 0.06704322000864450237, 0.06927799400893260018, 0.07039538100907670459, 0.07151276800922080901, 0.1430255360184420066, 0.2860510720368830140, 0.4290766080553250483, 0.5721021440737660280, 0.7151276800922080623, 0.8581532161106490975, 1.001178752129090022, 1.144204288147530058, 1.430255360184420121, 1.716306432221300193, 2.002357504258180043, 2.288408576295060115, 2.574459648331949957, 2.860510720368830029, 3.146561792405709657, 3.432612864442599943, 3.718663936479480014, 4.004715008516360086, 4.290766080553249928, 4.433791616571689964, 4.576817152590130000, 4.719842688608570036, 4.862868224627010072, 5.005893760645450108, 5.148919296663899914, 5.291944832682339950, 5.434970368700779986, 5.577995904719220022, 5.721021440737660058, 5.864046976756100094, 6.007072512774540129, 6.150098048792989935, 6.293123584811429971, 6.436149120829870007, 6.579174656848310043, 6.722200192866750079, 6.865225728885190115, 7.055926443576450602, 7.246627158267700430, 7.437327872958960029, 7.628028587650219627, 7.818729302341470344, 8.009430017032730831, 8.200130731723978883, 8.390831446415239370, 8.581532161106489198, 8.772232875797749685, 8.962933590489001290, 9.153634305180260000, 9.439685377217140072, 9.725736449254020144, 10.01178752129090022, 10.29783859332779983, 10.44086412934620078, 10.58388966536470122, 10.72691520138310040, 10.86994073740159905, 11.01296627342000001, 11.15599180943840096, 11.29901734545690140, 11.37053011346610099, 11.40628649747069900, 11.44204288147530058 ),
 .UNSPECIFIED. ) ;
#639 = CARTESIAN_POINT ( 'NONE',  ( 0.02674031484190860300, -0.002473925912906579840, 0.02871982356916370077 ) ) ;
#640 = CARTESIAN_POINT ( 'NONE',  ( 0.000000000000000000, 2.282713501383800041E-05, 3.995581544029990520E-05 ) ) ;
#641 = CARTESIAN_POINT ( 'NONE',  ( -0.02400820345382879972, -0.002280551642428229990, 0.01013539897427090039 ) ) ;
#642 = CARTESIAN_POINT ( 'NONE',  ( 0.002802988568675990159, 0.02393647229744570032, 0.006573493965615229834 ) ) ;
#643 = CARTESIAN_POINT ( 'NONE',  ( 0.006914616367353527970, -0.002506122140752171153, 0.005012244281504340572 ) ) ;
#644 = CARTESIAN_POINT ( 'NONE',  ( 0.004449188099333070169, -0.02369739536099529920, 0.04751231855883719657 ) ) ;
#645 = ORIENTED_EDGE ( 'NONE', *, *, #4948, .F. ) ;
#646 = CARTESIAN_POINT ( 'NONE',  ( -0.04967670737730259939, 0.002760735975640769835, 0.01133832123019509926 ) ) ;
#647 = CARTESIAN_POINT ( 'NONE',  ( 0.02458371074887670191, -0.003165448999927340107, 0.03431805521777940571 ) ) ;
#648 = CARTESIAN_POINT ( 'NONE',  ( 0.003165448949882979958, 0.02458371087666839927, 0.03431805528167750086 ) ) ;
#649 = CARTESIAN_POINT ( 'NONE',  ( 0.02663166207624050041, -7.415793322120260050E-05, 0.006004372473281009877 ) ) ;
#650 = CARTESIAN_POINT ( 'NONE',  ( 0.002653291091475609969, -0.02395349758143670155, 0.005771300684615570005 ) ) ;
#651 = ORIENTED_EDGE ( 'NONE', *, *, #1696, .F. ) ;
#652 = CARTESIAN_POINT ( 'NONE',  ( -0.03476061682374229772, 4.909192938359109728E-05, -0.0006515030308086439386 ) ) ;
#653 = EDGE_CURVE ( 'NONE', #1485, #4004, #3380, .T. ) ;
#654 = CARTESIAN_POINT ( 'NONE',  ( -0.003794786700847849886, -0.02379950012124919939, 0.01568141045269819817 ) ) ;
#655 = ORIENTED_EDGE ( 'NONE', *, *, #2767, .T. ) ;
#656 = CARTESIAN_POINT ( 'NONE',  ( -0.02622276767917999796, 0.002989341877178209803, 0.008641193682890419697 ) ) ;
#657 = CARTESIAN_POINT ( 'NONE',  ( 0.0001036876196782918463, 0.0001089463074955814438, 0.000000000000000000 ) ) ;
#658 = CARTESIAN_POINT ( 'NONE',  ( 0.02739632953868850057, 0.0007887297607404129959, 8.308717986066790310E-05 ) ) ;
#659 = CARTESIAN_POINT ( 'NONE',  ( -0.02663309369323900097, 9.872904318283189952E-05, 0.005827208723200790440 ) ) ;
#660 = CARTESIAN_POINT ( 'NONE',  ( -0.03475780225712390287, -3.415093684462920030E-05, -0.0003559796631354919679 ) ) ;
#661 = CARTESIAN_POINT ( 'NONE',  ( -0.02653582821974689865, -0.0005125391198835330120, 0.01039803521005910024 ) ) ;
#662 = CARTESIAN_POINT ( 'NONE',  ( -0.000000000000000000, 0.001195447670574682677, 0.009264648899069354016 ) ) ;
#663 = CARTESIAN_POINT ( 'NONE',  ( -0.004585725538310460141, 0.02366037490854809924, 0.05323435765765779926 ) ) ;
#664 = CARTESIAN_POINT ( 'NONE',  ( -0.04967670737730259939, 0.002760735975640769835, 0.01133832123019509926 ) ) ;
#665 = CARTESIAN_POINT ( 'NONE',  ( 3.348511806106455999E-06, 8.298471112651617011E-06, 1.659694222530324080E-05 ) ) ;
#666 = CARTESIAN_POINT ( 'NONE',  ( 0.02640178569905550152, -0.003030615749774770006, 0.04275286217817119566 ) ) ;
#667 = LINE ( 'NONE', #5609, #3639 ) ;
#668 = CARTESIAN_POINT ( 'NONE',  ( -0.02370198677698219861, 0.004423761998310590457, 0.04890366610712749973 ) ) ;
#669 = CARTESIAN_POINT ( 'NONE',  ( -2.836169837905944564E-05, -0.02725220819092739541, 0.005779524768930489019 ) ) ;
#670 = CARTESIAN_POINT ( 'NONE',  ( 0.1378007682912846255, 0.01947862412482721101, 0.03895724824965444283 ) ) ;
#671 = CARTESIAN_POINT ( 'NONE',  ( 0.002114439399963790028, -0.02402361856132290141, 0.008722852596080320209 ) ) ;
#672 = ORIENTED_EDGE ( 'NONE', *, *, #5548, .F. ) ;
#673 = FACE_OUTER_BOUND ( 'NONE', #5068, .T. ) ;
#674 = CARTESIAN_POINT ( 'NONE',  ( 0.02497921696921040144, -0.0003874430544239230068, 0.006295539465369029940 ) ) ;
#675 = PRESENTATION_LAYER_ASSIGNMENT (  '', '', ( #2646 ) ) ;
#676 = B_SPLINE_CURVE_WITH_KNOTS ( 'NONE', 3,
 ( #1654, #4707, #4097, #4642 ),
 .UNSPECIFIED., .F., .F.,
 ( 4, 4 ),
 ( 0.03422264407286700061, 0.03529414878554520268 ),
 .UNSPECIFIED. ) ;
#677 = CARTESIAN_POINT ( 'NONE',  ( 3.559139493988110382E-05, 0.02661771086211670023, 0.006370417062919820142 ) ) ;
#678 = CARTESIAN_POINT ( 'NONE',  ( 0.02735458916658809955, -0.0004988391526284129997, 0.002352691836234769868 ) ) ;
#679 = APPLICATION_CONTEXT ( 'automotive_design' ) ;
#680 = CARTESIAN_POINT ( 'NONE',  ( 3.454756741844509503E-05, -0.03475780225712390287, -0.0003531595144271639777 ) ) ;
#681 = CARTESIAN_POINT ( 'NONE',  ( -0.02622276767918499743, -0.001764074684180639901, 0.02507603582780200055 ) ) ;
#682 = CARTESIAN_POINT ( 'NONE',  ( 0.002814682857649449931, 0.04967670737731679637, 0.02811403963872950024 ) ) ;
#683 = ORIENTED_EDGE ( 'NONE', *, *, #1952, .T. ) ;
#684 = CARTESIAN_POINT ( 'NONE',  ( 0.03330667567358370357, 0.002982518029619960105, 0.03646585431390620552 ) ) ;
#685 = CARTESIAN_POINT ( 'NONE',  ( -0.003040533750160549775, -0.02390761723029470251, 0.008581744198243340671 ) ) ;
#686 = CARTESIAN_POINT ( 'NONE',  ( 0.003612716917872940171, 0.02384241264066070190, 0.02287307100337840002 ) ) ;
#687 = EDGE_LOOP ( 'NONE', ( #3772, #3048, #2601, #5233 ) ) ;
#688 = CARTESIAN_POINT ( 'NONE',  ( -0.01748184511946559994, -0.001895873853770429964, 7.566600244388930574E-05 ) ) ;
#689 = CARTESIAN_POINT ( 'NONE',  ( 0.04967670737730129488, 0.002802146681435979843, 0.02746641082889179908 ) ) ;
#690 = PRODUCT ( '2026-01-16-00-35-45-445.step', '2026-01-16-00-35-45-445.step', '', ( #1828 ) ) ;
#691 = CARTESIAN_POINT ( 'NONE',  ( 0.02501505576527299907, 0.0002171376231087639999, 0.002083284196990759993 ) ) ;
#692 = DIRECTION ( 'NONE',  ( 1.000000000000000000, 0.000000000000000000, 0.000000000000000000 ) ) ;
#693 = CARTESIAN_POINT ( 'NONE',  ( -0.02662529841422379973, 4.867866867064080030E-05, 0.006183142363047049866 ) ) ;
#694 = CARTESIAN_POINT ( 'NONE',  ( 0.001290098280607729266, -0.0007140993512418974867, -8.745194847715912688E-20 ) ) ;
#695 = CARTESIAN_POINT ( 'NONE',  ( 0.001924520999621039900, 0.02402303517297550012, -0.0002883810629961480005 ) ) ;
#696 = CARTESIAN_POINT ( 'NONE',  ( -0.000000000000000000, 0.002673216480991136637, 0.02570661260510244059 ) ) ;
#697 =( LENGTH_UNIT ( ) NAMED_UNIT ( * ) SI_UNIT ( $, .METRE. ) );
#698 = CARTESIAN_POINT ( 'NONE',  ( 0.0001184101347968260039, 0.02728984244818160113, 0.006369547051680540632 ) ) ;
#699 = CARTESIAN_POINT ( 'NONE',  ( 0.02680987723817409782, 0.002236571760079400159, 0.02638847418469129902 ) ) ;
#700 = CARTESIAN_POINT ( 'NONE',  ( 0.002203303667547870052, -0.02399911114538540169, 0.002137259500155830241 ) ) ;
#701 = CARTESIAN_POINT ( 'NONE',  ( -0.02454038909210510058, -0.003297694890948719634, 0.03855658102218029876 ) ) ;
#702 = CARTESIAN_POINT ( 'NONE',  ( -2.828339077277200033E-05, -0.02730659893060220084, 0.005732395045064270396 ) ) ;
#703 = CARTESIAN_POINT ( 'NONE',  ( 0.1096666310221343366, -0.01735134774780398501, 0.03470269549560795613 ) ) ;
#704 = CARTESIAN_POINT ( 'NONE',  ( 0.001374824557473939808, -0.02487850955375960071, 0.01456005120764559957 ) ) ;
#705 = ORIENTED_EDGE ( 'NONE', *, *, #5631, .F. ) ;
#706 = CARTESIAN_POINT ( 'NONE',  ( -0.03330667567358490400, -5.979468666163570423E-05, 0.05095909797376309974 ) ) ;
#707 = CARTESIAN_POINT ( 'NONE',  ( 0.02457476974484959845, 0.003181426225836810409, 0.03573367848580500522 ) ) ;
#708 = CARTESIAN_POINT ( 'NONE',  ( 0.002859935711132029646, 0.02571989201882320109, 0.04827597486841510299 ) ) ;
#709 = CARTESIAN_POINT ( 'NONE',  ( 0.02498712894309269850, 0.0002546086648993929483, 0.005752636726278690174 ) ) ;
#710 = CARTESIAN_POINT ( 'NONE',  ( 0.02409999999999998949, -0.02409999999999998949, 0.06175378874876467222 ) ) ;
#711 = CARTESIAN_POINT ( 'NONE',  ( 0.02409999999999999989, 0.000000000000000000, 0.06175378874876469998 ) ) ;
#712 = CARTESIAN_POINT ( 'NONE',  ( 0.001924795585548400110, 0.02512165982172189990, 0.02308841854817820019 ) ) ;
#713 = VERTEX_POINT ( 'NONE', #2729 ) ;
#714 = CARTESIAN_POINT ( 'NONE',  ( -0.004462862639206389807, -0.02368374221372050031, 0.05415138280858380199 ) ) ;
#715 = CARTESIAN_POINT ( 'NONE',  ( 0.002293399508924199876, -0.02399643887978780005, 0.05930466432459969434 ) ) ;
#716 = CARTESIAN_POINT ( 'NONE',  ( 0.001917588763273020110, 0.02404031823776840021, 0.006696127436269909590 ) ) ;
#717 = B_SPLINE_CURVE_WITH_KNOTS ( 'NONE', 3,
 ( #2957, #4419, #1170, #3151 ),
 .UNSPECIFIED., .F., .F.,
 ( 4, 4 ),
 ( 0.000000000000000000, 1.000003042521229846 ),
 .UNSPECIFIED. ) ;
#718 = VERTEX_POINT ( 'NONE', #4708 ) ;
#719 = CARTESIAN_POINT ( 'NONE',  ( -0.02622276767918369986, -6.300000000001080127E-05, -0.02263439935737400141 ) ) ;
#720 = CARTESIAN_POINT ( 'NONE',  ( 0.0001860759479822949409, -0.0001673536066665146809, -2.049490587299123433E-20 ) ) ;
#721 = CARTESIAN_POINT ( 'NONE',  ( 0.04967670737729299596, -0.003041894251109150248, 0.02139080718404419781 ) ) ;
#722 = CARTESIAN_POINT ( 'NONE',  ( -0.0003059996618246359971, 0.02498363223202874212, 0.006112483033749545845 ) ) ;
#723 = CIRCLE ( 'NONE', #3533, 0.02054999999999999882 ) ;
#724 = CARTESIAN_POINT ( 'NONE',  ( -0.02663081359834830117, 5.308059594788599675E-05, 0.006156752556630610239 ) ) ;
#725 = CARTESIAN_POINT ( 'NONE',  ( -0.03475780225712390287, 7.272623546619099890E-06, -0.0006500660213635419370 ) ) ;
#726 = CARTESIAN_POINT ( 'NONE',  ( -0.001003722023054755882, -0.02409649484081315129, -0.0002153148712781199968 ) ) ;
#727 = CARTESIAN_POINT ( 'NONE',  ( -0.000000000000000000, 0.002375209277184626034, 0.04518838835802371084 ) ) ;
#728 = EDGE_CURVE ( 'NONE', #713, #4100, #4191, .T. ) ;
#729 =( NAMED_UNIT ( * ) PLANE_ANGLE_UNIT ( ) SI_UNIT ( $, .RADIAN. ) );
#730 = CARTESIAN_POINT ( 'NONE',  ( 0.002890354222697680102, 0.02656711578437529961, 0.03576411284235329890 ) ) ;
#731 = CARTESIAN_POINT ( 'NONE',  ( 0.000000000000000000, 5.505714157152949195E-21, 1.101142831430590290E-20 ) ) ;
#732 = CARTESIAN_POINT ( 'NONE',  ( -0.02541576074376917030, 1.889662360124525416E-05, 0.002807456057250826750 ) ) ;
#733 = CARTESIAN_POINT ( 'NONE',  ( 0.001903702975743260016, -0.02402469385819819975, -0.0002775641919952679922 ) ) ;
#734 = B_SPLINE_CURVE_WITH_KNOTS ( 'NONE', 3,
 ( #5687, #4188, #2596, #3644, #650 ),
 .UNSPECIFIED., .F., .F.,
 ( 4, 1, 4 ),
 ( 1.022349328259422031E-05, 0.4285714285706370696, 1.000000000000000000 ),
 .UNSPECIFIED. ) ;
#735 = CARTESIAN_POINT ( 'NONE',  ( -0.02447170443727949771, -0.003312048863953310097, 0.04696731519053769927 ) ) ;
#736 = CARTESIAN_POINT ( 'NONE',  ( -2.350895012421350700E-05, -0.02587081913328352981, 0.004454409732533607010 ) ) ;
#737 = CARTESIAN_POINT ( 'NONE',  ( 0.02352122587618209887, -0.005250112750221080059, 0.04706182638179749744 ) ) ;
#738 = CARTESIAN_POINT ( 'NONE',  ( 0.1637415884084692519, 0.02056046466939306233, 5.035861449270891854E-18 ) ) ;
#739 = CARTESIAN_POINT ( 'NONE',  ( 0.003049383985465780288, -0.02446143108131899890, 0.05093088948795070070 ) ) ;
#740 = VERTEX_POINT ( 'NONE', #3250 ) ;
#741 = CARTESIAN_POINT ( 'NONE',  ( -0.04149169152544389394, 0.001875612101935259955, 0.04110902730123730531 ) ) ;
#742 = CARTESIAN_POINT ( 'NONE',  ( 0.02459343390065960033, 0.003108080557025610143, 0.03432228121844230206 ) ) ;
#743 = CARTESIAN_POINT ( 'NONE',  ( 1.318636473735870062E-05, 0.02662068773079090053, 0.006209198815686250289 ) ) ;
#744 = CARTESIAN_POINT ( 'NONE',  ( -0.0004588397413151440929, -0.02538203370340685536, 0.006088619915201209064 ) ) ;
#745 = CARTESIAN_POINT ( 'NONE',  ( -0.02409999999999999296, 0.000000000000000000, 0.06813473812597234391 ) ) ;
#746 = ADVANCED_FACE ( 'NONE', ( #4675 ), #638, .T. ) ;
#747 = CARTESIAN_POINT ( 'NONE',  ( -0.02730709549286489818, 7.586485377425329884E-06, 0.005878761584609789974 ) ) ;
#748 = CARTESIAN_POINT ( 'NONE',  ( 0.0001291364003217779970, 0.03330667567358280151, 0.001181181810272680013 ) ) ;
#749 = VERTEX_POINT ( 'NONE', #5702 ) ;
#750 = CARTESIAN_POINT ( 'NONE',  ( -0.03476061682374229772, 9.164304593929239898E-05, -0.0003577421609080830051 ) ) ;
#751 = CARTESIAN_POINT ( 'NONE',  ( 0.02369801349677069791, 0.004383921485384779937, 0.02282533488591769952 ) ) ;
#752 = CARTESIAN_POINT ( 'NONE',  ( 0.02354938770706299991, 0.005122281313958610208, 0.03420923613556840076 ) ) ;
#753 = PRODUCT_RELATED_PRODUCT_CATEGORY ( 'part', '', ( #4116 ) ) ;
#754 = CARTESIAN_POINT ( 'NONE',  ( 0.001825933951835269960, 0.02404745158216639936, 0.005975962052039960476 ) ) ;
#755 = VERTEX_POINT ( 'NONE', #798 ) ;
#756 = CARTESIAN_POINT ( 'NONE',  ( -0.01748184511945420280, -0.003017103881229600288, 0.01304103530897129937 ) ) ;
#757 = CARTESIAN_POINT ( 'NONE',  ( 4.611134480102764750E-05, -6.054612536567708763E-05, -0.0001210922507313541753 ) ) ;
#758 = CARTESIAN_POINT ( 'NONE',  ( 0.04149169152544439354, -0.0004136010311976320289, -0.003902260175356879902 ) ) ;
#759 = EDGE_CURVE ( 'NONE', #2311, #5037, #1888, .T. ) ;
#760 = CARTESIAN_POINT ( 'NONE',  ( -0.02732842417445369848, 0.0002182145407451770104, 0.004366093003006370037 ) ) ;
#761 = CARTESIAN_POINT ( 'NONE',  ( 0.1606410331029352323, -0.02051151099262209926, -2.511935628279040402E-18 ) ) ;
#762 = CARTESIAN_POINT ( 'NONE',  ( -0.001544413289957489999, -0.02406860416752080317, 0.003863597505621080026 ) ) ;
#763 = CARTESIAN_POINT ( 'NONE',  ( 0.000000000000000000, 0.002861308372163294013, 0.04050463072586631130 ) ) ;
#764 =( NAMED_UNIT ( * ) PLANE_ANGLE_UNIT ( ) SI_UNIT ( $, .RADIAN. ) );
#765 = CARTESIAN_POINT ( 'NONE',  ( 0.02054999999999999882, 0.02054999999999999882, 0.07343700320369954404 ) ) ;
#766 = FACE_OUTER_BOUND ( 'NONE', #1228, .T. ) ;
#767 = CARTESIAN_POINT ( 'NONE',  ( -0.02644090964587867895, 2.706870322097532959E-05, 0.005598653514151973043 ) ) ;
#768 = CARTESIAN_POINT ( 'NONE',  ( -0.008740922559727901109, 2.212849916059599726E-05, -0.007617299124638649346 ) ) ;
#769 = CARTESIAN_POINT ( 'NONE',  ( -0.02463242663192349857, -0.002939367209107280124, 0.03150002488289559838 ) ) ;
#770 = EDGE_CURVE ( 'NONE', #5529, #6283, #4922, .T. ) ;
#771 = CARTESIAN_POINT ( 'NONE',  ( -0.0001291364003217730096, -0.03330667567358770037, 0.001181181810268320002 ) ) ;
#772 = CARTESIAN_POINT ( 'NONE',  ( -0.02394226820965329738, 0.002752846097685749879, 0.006160217734538459521 ) ) ;
#773 = CARTESIAN_POINT ( 'NONE',  ( 0.1543273542709824309, 0.02031583516610298984, 4.975944501634652762E-18 ) ) ;
#774 = CARTESIAN_POINT ( 'NONE',  ( -6.646357125307310136E-06, -0.02662896567651269752, 0.006170570179622600002 ) ) ;
#775 = EDGE_LOOP ( 'NONE', ( #4446, #2794, #2162, #624 ) ) ;
#776 = CARTESIAN_POINT ( 'NONE',  ( -0.04149169152544349842, -0.0009368541757574019987, 0.04312501753893899920 ) ) ;
#777 = CARTESIAN_POINT ( 'NONE',  ( 0.02662068886538130133, -1.318643121832620089E-05, 0.006209200337025749979 ) ) ;
#778 = CARTESIAN_POINT ( 'NONE',  ( 0.001647549895126890034, 0.02540963927075959999, 0.05593326474105059926 ) ) ;
#779 = CARTESIAN_POINT ( 'NONE',  ( 2.851662606458789715E-05, 0.02345393969811690113, 0.009107929585226699418 ) ) ;
#780 = CARTESIAN_POINT ( 'NONE',  ( 3.583149667195550589E-05, -0.04967670737730060099, -0.01342094156759589957 ) ) ;
#781 = CARTESIAN_POINT ( 'NONE',  ( -0.002648723920131960171, 0.02395400324358180205, 0.005734348965514220013 ) ) ;
#782 = CARTESIAN_POINT ( 'NONE',  ( 0.002761206190879290229, 0.03330667567358260028, 0.02565863985374220238 ) ) ;
#783 = CARTESIAN_POINT ( 'NONE',  ( -0.004435811244572050553, -0.02368865063715249950, 0.02279508847212539935 ) ) ;
#784 = CARTESIAN_POINT ( 'NONE',  ( 0.02382095773449269954, 0.003676080841255490155, 0.05690594312655140180 ) ) ;
#785 = CIRCLE ( 'NONE', #4404, 0.01874999999999999931 ) ;
#786 = CARTESIAN_POINT ( 'NONE',  ( 0.02352482702126090092, -0.005233885923424040111, 0.03563370837041919537 ) ) ;
#787 = AXIS2_PLACEMENT_3D ( 'NONE', #826, #2315, #3849 ) ;
#788 = CARTESIAN_POINT ( 'NONE',  ( 0.001811353374133300000, 0.02404853677179160168, 0.005874329003163080223 ) ) ;
#789 = ORIENTED_EDGE ( 'NONE', *, *, #4929, .T. ) ;
#790 = CARTESIAN_POINT ( 'NONE',  ( 0.000000000000000000, -0.001899702956073210042, 0.01544334986059730033 ) ) ;
#791 = CARTESIAN_POINT ( 'NONE',  ( 0.1378007682912846255, 0.01947862412482722141, 0.000000000000000000 ) ) ;
#792 = CARTESIAN_POINT ( 'NONE',  ( 0.02512165982172540057, -0.002761450477331459877, 0.03281880737046369984 ) ) ;
#793 = CARTESIAN_POINT ( 'NONE',  ( 0.03476061682374229772, -2.781637110574469853E-05, -0.0007983834657589320219 ) ) ;
#794 = CARTESIAN_POINT ( 'NONE',  ( -0.02669331373965670023, 0.0008922555712694810485, 0.0001423194678066200107 ) ) ;
#795 = CARTESIAN_POINT ( 'NONE',  ( -0.001753537979893419552, 0.02403683836461200166, -5.921987065748579297E-19 ) ) ;
#796 = CARTESIAN_POINT ( 'NONE',  ( -9.316952606695910722E-05, -0.02730712299637160292, 0.006174370305230239726 ) ) ;
#797 = CARTESIAN_POINT ( 'NONE',  ( -0.000000000000000000, 0.001310944548963384167, 0.04907932904834631099 ) ) ;
#798 = CARTESIAN_POINT ( 'NONE',  ( 0.000000000000000000, -6.156564818772120040E-05, 0.0003405266876401209634 ) ) ;
#799 = CARTESIAN_POINT ( 'NONE',  ( 0.001959158856476829903, 0.02602795032120470281, 0.05434316489960150376 ) ) ;
#800 = CARTESIAN_POINT ( 'NONE',  ( -0.02635729430178214081, 2.667218010173617911E-05, 0.005481044289953520415 ) ) ;
#801 = CARTESIAN_POINT ( 'NONE',  ( 9.778185335118459772E-06, -0.02730590147202919746, 0.006002974516530330124 ) ) ;
#802 = CARTESIAN_POINT ( 'NONE',  ( -0.02496427387707849874, -0.0005317106355432859839, 0.007750015677755959717 ) ) ;
#803 = CARTESIAN_POINT ( 'NONE',  ( -1.889662360124192702E-05, -0.02541576074376918765, 0.002807456057250840194 ) ) ;
#804 = CARTESIAN_POINT ( 'NONE',  ( 2.689257481612079785E-05, 0.04967670737730060099, -0.01386707384036130024 ) ) ;
#805 = CARTESIAN_POINT ( 'NONE',  ( 0.1512480240308354262, 0.02019165774830737267, 0.04038331549661476616 ) ) ;
#806 = CARTESIAN_POINT ( 'NONE',  ( -2.137917226394079958E-05, -0.02662014732018670032, 0.006268528737128770123 ) ) ;
#807 = CONTEXT_DEPENDENT_SHAPE_REPRESENTATION ( #1796, #3074 ) ;
#808 = ORIENTED_EDGE ( 'NONE', *, *, #4183, .F. ) ;
#809 = CARTESIAN_POINT ( 'NONE',  ( -0.02512165982172699999, -0.001192841245474970035, 0.05701653014125469821 ) ) ;
#810 = CARTESIAN_POINT ( 'NONE',  ( 0.02658673756942400018, -0.0002320246586735179902, 0.007801609420418949802 ) ) ;
#811 = VECTOR ( 'NONE', #3234, 1.000000000000000000 ) ;
#812 = CARTESIAN_POINT ( 'NONE',  ( 0.002754087837115649917, 0.02569101345242449930, 0.04963331539992259928 ) ) ;
#813 = CARTESIAN_POINT ( 'NONE',  ( -0.02377728074325270030, 0.003933918027212269554, 0.01710286598933109803 ) ) ;
#814 = CARTESIAN_POINT ( 'NONE',  ( 3.518045293304200262E-05, -0.04967670737730060099, -0.01342557219210769974 ) ) ;
#815 = CARTESIAN_POINT ( 'NONE',  ( -0.0009929857008871660617, 0.02409685857323839997, -0.0001496151470979690016 ) ) ;
#816 = CARTESIAN_POINT ( 'NONE',  ( 9.538431293400679884E-05, 0.03330667567358270437, 0.0009397476971108880035 ) ) ;
#817 = CARTESIAN_POINT ( 'NONE',  ( 0.003082795220631800309, -0.02390512639769119818, 0.05817506478247640167 ) ) ;
#818 = CARTESIAN_POINT ( 'NONE',  ( 0.02345393969811690113, 3.439714485967259997E-05, 0.009553984477418229690 ) ) ;
#819 = EDGE_CURVE ( 'NONE', #1485, #4263, #4274, .T. ) ;
#820 = CARTESIAN_POINT ( 'NONE',  ( 0.02373277107103720016, -0.004191776534085800247, 0.01994818945776979935 ) ) ;
#821 = CARTESIAN_POINT ( 'NONE',  ( 0.002330970709626340245, 0.02400331644365299999, 0.01011147264785130021 ) ) ;
#822 = ORIENTED_EDGE ( 'NONE', *, *, #3735, .F. ) ;
#823 = CARTESIAN_POINT ( 'NONE',  ( -0.002830094353929593545, -0.02660120631114806442, 0.03435820674281499926 ) ) ;
#824 = CARTESIAN_POINT ( 'NONE',  ( 0.1378007682912846255, -0.01947862412482722141, -2.385443468626407055E-18 ) ) ;
#825 = CARTESIAN_POINT ( 'NONE',  ( -0.02622276767918369986, 6.274553938621750407E-05, -0.02263436375411089982 ) ) ;
#826 = CARTESIAN_POINT ( 'NONE',  ( 0.000000000000000000, 0.000000000000000000, 0.07343700320369959955 ) ) ;
#827 = MANIFOLD_SOLID_BREP ( 'Revolve1', #3485 ) ;
#828 = CARTESIAN_POINT ( 'NONE',  ( 0.02399212372141610108, 0.002278131210121990199, 0.002740966859489730317 ) ) ;
#829 = SHAPE_REPRESENTATION ( 'rocketmodel2', ( #3417, #4972, #5909, #5389 ), #5072 ) ;
#830 = CARTESIAN_POINT ( 'NONE',  ( 4.968802868430950118E-05, 0.02730257154696320160, 0.005881921061296270167 ) ) ;
#831 = CARTESIAN_POINT ( 'NONE',  ( -0.002442990193292509955, -0.02397726976084710304, 0.003732162450717730305 ) ) ;
#832 = B_SPLINE_CURVE_WITH_KNOTS ( 'NONE', 3,
 ( #3535, #4500, #5968, #3501, #2056, #2547, #4019, #664, #2647, #6068, #5511, #6034, #5999, #3039, #4050, #65, #572, #4082, #2025, #3983, #4626, #604, #5020, #1126, #4533, #99, #1993, #5575, #1545, #4115, #3565, #5112, #1513, #5481, #4595, #5542, #130, #3138, #1094, #1028, #3073, #1062 ),
 .UNSPECIFIED., .F., .F.,
 ( 4, 1, 1, 1, 1, 1, 1, 1, 1, 1, 1, 1, 1, 1, 1, 1, 1, 1, 1, 1, 1, 1, 1, 1, 1, 1, 1, 1, 1, 1, 1, 1, 1, 1, 1, 1, 1, 1, 1, 4 ),
 ( 0.000000000000000000, 0.008928571428571429811, 0.01785714285714290125, 0.03571428571428569843, 0.07142857142857139685, 0.1428571428571430157, 0.2857142857142860315, 0.3035714285714289917, 0.3214285714285710083, 0.3571428571428569843, 0.3928571428571430157, 0.4107142857142860315, 0.4196428571428569843, 0.4285714285714289917, 0.4523809523809519950, 0.4642857142857140240, 0.4702380952380950108, 0.4761904761904759975, 0.4940476190476190133, 0.5000000000000000000, 0.5119047619047620845, 0.5238095238095240580, 0.5297619047619049892, 0.5357142857142859205, 0.5476190476190480050, 0.5595238095238099785, 0.5714285714285709528, 0.5952380952380950108, 0.6190476190476190688, 0.6428571428571430157, 0.6666666666666670737, 0.6904761904761900215, 0.7142857142857139685, 0.8571428571428569843, 0.9285714285714290472, 0.9642857142857139685, 0.9821428571428569843, 0.9910714285714290472, 0.9955357142857139685, 1.000000000000000000 ),
 .UNSPECIFIED. ) ;
#833 = CARTESIAN_POINT ( 'NONE',  ( -0.000000000000000000, 0.001420466654586434322, 0.04883926481922620799 ) ) ;
#834 = EDGE_CURVE ( 'NONE', #5006, #713, #3231, .T. ) ;
#835 = AXIS2_PLACEMENT_3D ( 'NONE', #6263, #1734, #4240 ) ;
#836 = PRODUCT_CONTEXT ( 'NONE', #3128, 'mechanical' ) ;
#837 = CARTESIAN_POINT ( 'NONE',  ( 0.02730930028360860004, -2.827965636514680230E-05, 0.005730053777633819893 ) ) ;
#838 = CARTESIAN_POINT ( 'NONE',  ( 0.002944690839433749749, 0.02653334235184630005, 0.03716844561198980046 ) ) ;
#839 = CARTESIAN_POINT ( 'NONE',  ( -0.02719243303645829668, 2.841662251024610340E-05, 0.005820754396371511166 ) ) ;
#840 = CARTESIAN_POINT ( 'NONE',  ( 0.001069877217901959825, -0.02409353563390350186, 0.0004538952780009169953 ) ) ;
#841 = CARTESIAN_POINT ( 'NONE',  ( -0.02438279867905049705, 0.001669037259063609925, 0.05763917785935379623 ) ) ;
#842 = VECTOR ( 'NONE', #3346, 1.000000000000000000 ) ;
#843 = CARTESIAN_POINT ( 'NONE',  ( -0.001875612101935290096, -0.04149169152544539968, 0.04110902730123600080 ) ) ;
#844 = CARTESIAN_POINT ( 'NONE',  ( -0.02351251708950280114, 0.005289071358393609285, 0.03706261216616900389 ) ) ;
#845 = CARTESIAN_POINT ( 'NONE',  ( -0.02668333220027491529, -0.002612217121059144925, 0.03154833971235109641 ) ) ;
#846 = CARTESIAN_POINT ( 'NONE',  ( -0.001236238775883339962, -0.02640807684775699909, 0.01600885396825400125 ) ) ;
#847 = CARTESIAN_POINT ( 'NONE',  ( -0.03330667567358500114, -0.001440055002394710062, 0.04932500027779090218 ) ) ;
#848 = CARTESIAN_POINT ( 'NONE',  ( 0.02438280422185699903, -0.001669244000627040153, 0.05763912190406499797 ) ) ;
#849 = CARTESIAN_POINT ( 'NONE',  ( 0.0001466097591597669968, 0.02728554823658959835, 0.006574937263416450427 ) ) ;
#850 = DIRECTION ( 'NONE',  ( -4.658274186605339316E-05, 0.7521489355498118812, -0.6589931536680280200 ) ) ;
#851 = CARTESIAN_POINT ( 'NONE',  ( -0.004707228249301539415, 0.02363589288968409932, 0.02708881226961320013 ) ) ;
#852 = PRODUCT_DEFINITION_CONTEXT ( 'detailed design', #2790, 'design' ) ;
#853 = CARTESIAN_POINT ( 'NONE',  ( 0.001875612101935259955, 0.04149169152544289474, 0.04110902730123810328 ) ) ;
#854 = CARTESIAN_POINT ( 'NONE',  ( -0.002707594991698460130, -0.02394742030817680056, 0.005791292511717859894 ) ) ;
#855 = CARTESIAN_POINT ( 'NONE',  ( 0.02390704725932819852, 0.003046999222455459757, 0.009080449207841739465 ) ) ;
#856 = CARTESIAN_POINT ( 'NONE',  ( 0.02350741468421879699, 0.005311445906582169287, 0.04136437263675999537 ) ) ;
#857 = CARTESIAN_POINT ( 'NONE',  ( -0.001808383215922729995, 0.02404875326122149840, 0.006248207623043699512 ) ) ;
#858 = CARTESIAN_POINT ( 'NONE',  ( 0.0006918752241427348617, -0.02541321613097422688, 0.05751139911275233996 ) ) ;
#859 = ADVANCED_FACE ( 'NONE', ( #5143 ), #5967, .T. ) ;
#860 = CARTESIAN_POINT ( 'NONE',  ( 0.03838076630220227381, 0.008708065292970721544, -0.01741613058594143962 ) ) ;
#861 = CARTESIAN_POINT ( 'NONE',  ( 0.03330667567358420317, -0.002409679725432159730, 0.04570040707105049727 ) ) ;
#862 = FACE_OUTER_BOUND ( 'NONE', #5594, .T. ) ;
#863 = CARTESIAN_POINT ( 'NONE',  ( -0.02399911114538540169, -0.002203303667547860077, 0.002137259500155750010 ) ) ;
#864 = CARTESIAN_POINT ( 'NONE',  ( 0.001011720692025570119, 0.02409616096027840035, -0.0001550371192773560176 ) ) ;
#865 = B_SPLINE_CURVE_WITH_KNOTS ( 'NONE', 3,
 ( #3212, #303, #2333, #744, #5716, #4320, #1300, #3837 ),
 .UNSPECIFIED., .F., .F.,
 ( 4, 2, 2, 4 ),
 ( 0.000000000000000000, 0.5000000000000000000, 0.7500000000000000000, 1.000000000000000000 ),
 .UNSPECIFIED. ) ;
#866 = CARTESIAN_POINT ( 'NONE',  ( -0.000000000000000000, -0.001946038689187120328, 0.04721895741638357930 ) ) ;
#867 = PRODUCT_CONTEXT ( 'NONE', #2251, 'mechanical' ) ;
#868 = CARTESIAN_POINT ( 'NONE',  ( -0.02409638354730155030, 0.001006388246044930077, -0.0001952222872785809918 ) ) ;
#869 = CARTESIAN_POINT ( 'NONE',  ( -0.002971108428716370212, 0.02641509157841030048, 0.04277519001736889565 ) ) ;
#870 = CARTESIAN_POINT ( 'NONE',  ( 0.001872015784316490104, 0.04967670737730189856, 0.03395040142086400148 ) ) ;
#871 = CARTESIAN_POINT ( 'NONE',  ( 0.001300414733882279987, -0.02408198417609189873, 0.002264453473323789923 ) ) ;
#872 = CARTESIAN_POINT ( 'NONE',  ( -0.02635502300789900262, -0.001484672974286030140, 0.01886406225127969932 ) ) ;
#873 = CARTESIAN_POINT ( 'NONE',  ( 0.0005601296105389899464, -0.04967670737730099650, 0.03641852703635650029 ) ) ;
#874 = CARTESIAN_POINT ( 'NONE',  ( 0.02392583792954849908, -0.002943062022538809989, 0.05858264636919829904 ) ) ;
#875 = CARTESIAN_POINT ( 'NONE',  ( -9.721586594238979852E-05, -0.02660753181462520087, 0.006814964122274900019 ) ) ;
#876 = CARTESIAN_POINT ( 'NONE',  ( -0.02512165982172680223, -0.0001660630876374840064, 0.009039133715371868924 ) ) ;
#877 = CARTESIAN_POINT ( 'NONE',  ( 0.02619000695011700075, -0.002206945344344389895, 0.02589003432326390103 ) ) ;
#878 = CARTESIAN_POINT ( 'NONE',  ( -0.0001769014708467240020, 0.02658912906042419991, 0.007822842721182330858 ) ) ;
#879 = CARTESIAN_POINT ( 'NONE',  ( -0.02351251708950280114, 0.005289071358393609285, 0.03706261216616900389 ) ) ;
#880 = CARTESIAN_POINT ( 'NONE',  ( -0.002853591243998839736, 0.02393058032466750112, 0.007426414494082720155 ) ) ;
#881 = CARTESIAN_POINT ( 'NONE',  ( -0.001968021418861160086, 0.02512165982172420015, 0.05481420764442120064 ) ) ;
#882 = CARTESIAN_POINT ( 'NONE',  ( 0.003152035082869240196, -0.02389316055571320124, 0.01002461071941570039 ) ) ;
#883 = EDGE_LOOP ( 'NONE', ( #265, #3677, #2733, #2033 ) ) ;
#884 = CARTESIAN_POINT ( 'NONE',  ( 0.02410017440771678593, 6.497159355967507306E-11, 0.06034095068590199229 ) ) ;
#885 = CARTESIAN_POINT ( 'NONE',  ( 0.02373059668927030019, 0.004210962300538009795, 0.05509551586109950189 ) ) ;
#886 = CARTESIAN_POINT ( 'NONE',  ( 0.002308185023816599658, 0.02474994082855149977, 0.02300800864981599955 ) ) ;
#887 = CARTESIAN_POINT ( 'NONE',  ( 0.0007584558504479320222, -0.02716260413780515609, 0.01180765944113739904 ) ) ;
#888 = CARTESIAN_POINT ( 'NONE',  ( 0.07394948935830365777, 0.01364000912233499264, -0.02728001824466997488 ) ) ;
#889 = CARTESIAN_POINT ( 'NONE',  ( 0.03330667567358390480, 0.001198264028911089985, 0.04983959723529020336 ) ) ;
#890 = CARTESIAN_POINT ( 'NONE',  ( -0.002642501196860349861, 0.02395469091472689910, 0.005684040048392530013 ) ) ;
#891 = ORIENTED_EDGE ( 'NONE', *, *, #3986, .F. ) ;
#892 = CARTESIAN_POINT ( 'NONE',  ( 0.02397745090982320026, 0.002427700509542199750, 0.003948382025789429900 ) ) ;
#893 = CARTESIAN_POINT ( 'NONE',  ( -0.008740922559727960089, 6.831353179287109976E-05, -0.007300005913718520152 ) ) ;
#894 = CARTESIAN_POINT ( 'NONE',  ( -0.000000000000000000, -0.002676596405637843897, 0.02585304272138101711 ) ) ;
#895 = APPLICATION_PROTOCOL_DEFINITION ( 'draft international standard', 'automotive_design', 1998, #2581 ) ;
#896 = CARTESIAN_POINT ( 'NONE',  ( 0.000000000000000000, 0.02409999999999999296, 0.06813473812597234391 ) ) ;
#897 = CARTESIAN_POINT ( 'NONE',  ( -4.860720474241170193E-05, 0.02728830161331289791, 0.006294174026221100414 ) ) ;
#898 = CARTESIAN_POINT ( 'NONE',  ( 0.0003076671304868352792, 0.0002431335355522660862, 0.000000000000000000 ) ) ;
#899 = CARTESIAN_POINT ( 'NONE',  ( 0.001530703045169620009, -0.02406822796299079928, 0.004075182225005119681 ) ) ;
#900 = CARTESIAN_POINT ( 'NONE',  ( -0.02594154749625950107, 0.002932008963936559749, 0.03716583000965659883 ) ) ;
#901 = CARTESIAN_POINT ( 'NONE',  ( -0.002996090467752040090, -0.03330667567358720077, 0.03286194105161859697 ) ) ;
#902 = CARTESIAN_POINT ( 'NONE',  ( 0.002727511033724349873, 0.02394516186920849984, 0.005953624322288679493 ) ) ;
#903 = CARTESIAN_POINT ( 'NONE',  ( 0.002740887987457900181, -0.02601460391980759887, 0.03435648319670420170 ) ) ;
#904 = CARTESIAN_POINT ( 'NONE',  ( -0.04149169152545909706, -0.001870188592133189978, 0.008794131317337779488 ) ) ;
#905 = CARTESIAN_POINT ( 'NONE',  ( 0.02625289484698530018, -0.001956301969375980228, 0.02306596808296169920 ) ) ;
#906 = CARTESIAN_POINT ( 'NONE',  ( -0.002661035715292870037, 0.02604521008560269774, 0.03294931842401529337 ) ) ;
#907 = CARTESIAN_POINT ( 'NONE',  ( -0.02351050901681680030, -0.005297744966153589488, 0.03993143094001660315 ) ) ;
#908 = CARTESIAN_POINT ( 'NONE',  ( 0.4570000000000000173, 0.000000000000000000, 0.000000000000000000 ) ) ;
#909 = CARTESIAN_POINT ( 'NONE',  ( -0.002798062127871299952, 0.03330667567358270437, 0.04183838003581890480 ) ) ;
#910 = CARTESIAN_POINT ( 'NONE',  ( 0.004784779721512860164, -0.02362042165244669992, 0.02819434339982650195 ) ) ;
#911 = CARTESIAN_POINT ( 'NONE',  ( -0.02403599862914922863, 0.001922369493272973410, 0.005855932705165326629 ) ) ;
#912 = CARTESIAN_POINT ( 'NONE',  ( 0.02367131665731999832, -0.004591703281621009429, 0.03993112164368509825 ) ) ;
#913 = CARTESIAN_POINT ( 'NONE',  ( 0.0003560282000844199935, 0.02498459499869210010, 0.006097292678166909598 ) ) ;
#914 = CARTESIAN_POINT ( 'NONE',  ( 0.0009257844281373467810, -0.02712919995093235684, 0.01321881671849939495 ) ) ;
#915 = CARTESIAN_POINT ( 'NONE',  ( 0.09945114647226292737, -0.01639538578179808304, -0.03279077156359616607 ) ) ;
#916 = CARTESIAN_POINT ( 'NONE',  ( 0.04967670737730099650, 0.0005601296105389870191, 0.03641852703635650029 ) ) ;
#917 = CARTESIAN_POINT ( 'NONE',  ( -0.002729454860782250247, 0.04149169152543749628, 0.01878155754559319990 ) ) ;
#918 = FACE_OUTER_BOUND ( 'NONE', #775, .T. ) ;
#919 = CARTESIAN_POINT ( 'NONE',  ( -1.151866342497669995E-05, -0.02494384536677880099, 6.768648141974860017E-15 ) ) ;
#920 = CARTESIAN_POINT ( 'NONE',  ( 0.000000000000000000, -0.001409836306991947520, 0.04887171075663741815 ) ) ;
#921 = CARTESIAN_POINT ( 'NONE',  ( -0.3573725708739492468, 0.03369473093953263138, 0.1143176645085613036 ) ) ;
#922 = CARTESIAN_POINT ( 'NONE',  ( -0.02409616096027840035, 0.001011720692025560144, -0.0001550371192773620079 ) ) ;
#923 = CARTESIAN_POINT ( 'NONE',  ( -0.002239026471880050089, 0.02613798592922900177, 0.05270001026085130436 ) ) ;
#924 = CARTESIAN_POINT ( 'NONE',  ( 0.001290098280607729266, 0.0007140993512418974867, 0.000000000000000000 ) ) ;
#925 = CARTESIAN_POINT ( 'NONE',  ( 0.0002782410947821679892, -0.02498619045792389859, 0.005929512910305200640 ) ) ;
#926 = CARTESIAN_POINT ( 'NONE',  ( -0.02661772075952709843, 3.559215791255330069E-05, 0.006370430549822000271 ) ) ;
#927 = CARTESIAN_POINT ( 'NONE',  ( -0.002995456139939030055, -0.04149169152543739914, 0.02570336298603679778 ) ) ;
#928 = CARTESIAN_POINT ( 'NONE',  ( 0.02350805630587339892, -0.005308673357994410022, 0.04563209351827610116 ) ) ;
#929 = CARTESIAN_POINT ( 'NONE',  ( -0.0002924052432912069809, 0.02498488302475699793, 0.006028612721117159942 ) ) ;
#930 = CARTESIAN_POINT ( 'NONE',  ( -0.001281986334753189944, -0.02525281674739009857, 0.05689968764445049731 ) ) ;
#931 = CARTESIAN_POINT ( 'NONE',  ( -0.04149169152543819711, -0.0008371063913712499744, -0.0002188473049625730036 ) ) ;
#932 = AXIS2_PLACEMENT_3D ( 'NONE', #2609, #156, #4358 ) ;
#933 = CARTESIAN_POINT ( 'NONE',  ( 0.02561906071246290023, 0.002316585256521220409, 0.05273334201991190101 ) ) ;
#934 = CARTESIAN_POINT ( 'NONE',  ( -0.001767319666312240026, 0.02629363609692999745, 0.02168615125261580054 ) ) ;
#935 = CARTESIAN_POINT ( 'NONE',  ( -0.02371955764939270156, -0.004265862231161410799, 0.02140385881040639954 ) ) ;
#936 = CARTESIAN_POINT ( 'NONE',  ( -0.002991786202458679780, 0.02391376572933089778, 0.008608276140091018422 ) ) ;
#937 = B_SPLINE_CURVE_WITH_KNOTS ( 'NONE', 3,
 ( #2818, #4829, #3278, #4220 ),
 .UNSPECIFIED., .F., .F.,
 ( 4, 4 ),
 ( -0.04592556792791269854, -0.04592166956555329693 ),
 .UNSPECIFIED. ) ;
#938 = CARTESIAN_POINT ( 'NONE',  ( 0.0005247730781380299803, 0.04967670737730160019, 0.03650194262433899967 ) ) ;
#939 = CARTESIAN_POINT ( 'NONE',  ( -0.004057654976291080046, -0.02377028134909450058, 0.02855755518730000025 ) ) ;
#940 = CARTESIAN_POINT ( 'NONE',  ( -0.0005247730781380290045, -0.04967670737730149610, 0.03650194262433899967 ) ) ;
#941 = CARTESIAN_POINT ( 'NONE',  ( 0.02404837656155230097, -0.001813487488093249974, 0.005890551381034210207 ) ) ;
#942 = EDGE_CURVE ( 'NONE', #1202, #556, #4816, .T. ) ;
#943 = CARTESIAN_POINT ( 'NONE',  ( 0.0003558193827821009951, 0.02498460250593860163, 0.006095757365220039366 ) ) ;
#944 = CARTESIAN_POINT ( 'NONE',  ( 3.331159113593510344E-05, -0.02729982896176980089, 0.006175217704936550311 ) ) ;
#945 = CARTESIAN_POINT ( 'NONE',  ( 0.002962862902745421519, -0.02639354963529766396, 0.04370324819222139862 ) ) ;
#946 = CARTESIAN_POINT ( 'NONE',  ( 0.1474045838693498756, -0.02001452565399520003, -0.04002905130799040007 ) ) ;
#947 = CARTESIAN_POINT ( 'NONE',  ( 0.02512165982172550119, 0.0009254182300861139073, 0.05747610003386940253 ) ) ;
#948 = B_SPLINE_CURVE_WITH_KNOTS ( 'NONE', 3,
 ( #1794, #3790, #1854, #2348 ),
 .UNSPECIFIED., .F., .F.,
 ( 4, 4 ),
 ( -0.04537352248412519773, 0.5349218813842639975 ),
 .UNSPECIFIED. ) ;
#949 = CARTESIAN_POINT ( 'NONE',  ( 0.005200801766368830063, -0.02353217592670820216, 0.03611394967967550274 ) ) ;
#950 = FILL_AREA_STYLE ('',( #4940 ) ) ;
#951 = CARTESIAN_POINT ( 'NONE',  ( -0.01748184511945550038, 0.0001890110476633290095, -0.01408184671097760000 ) ) ;
#952 = CARTESIAN_POINT ( 'NONE',  ( 0.04967670737730599945, -0.002404526638431349599, 0.03138504530125099667 ) ) ;
#953 = CARTESIAN_POINT ( 'NONE',  ( -0.02679835583276110600, 0.002293176206774353784, 0.02636710274083179859 ) ) ;
#954 = CARTESIAN_POINT ( 'NONE',  ( -0.02409999999999999989, 0.000000000000000000, 0.06175378874876469998 ) ) ;
#955 = CARTESIAN_POINT ( 'NONE',  ( -0.001893875279070579955, 0.02603722687386770054, 0.05435614080161910167 ) ) ;
#956 = CARTESIAN_POINT ( 'NONE',  ( -0.0003586059067324990474, 0.04967670737730019853, -0.01106837121146690001 ) ) ;
#957 = CARTESIAN_POINT ( 'NONE',  ( -0.02361600836256160310, -0.004806903134415760163, 0.02851021048056959911 ) ) ;
#958 = CARTESIAN_POINT ( 'NONE',  ( -0.02561905986905440094, -0.002316585963073069989, 0.05273333823168469686 ) ) ;
#959 = CARTESIAN_POINT ( 'NONE',  ( -0.0009484447689679119170, -0.02512165982173149986, 0.05754937537718679552 ) ) ;
#960 = CARTESIAN_POINT ( 'NONE',  ( 0.002802988568675990159, 0.02393647229744570032, 0.006573493965615229834 ) ) ;
#961 = CARTESIAN_POINT ( 'NONE',  ( -0.0002064802429058279812, 0.02498993435585799769, 0.005401441364327370237 ) ) ;
#962 = CARTESIAN_POINT ( 'NONE',  ( -0.0007429634884761979891, -0.02649958209321330235, 0.01178187886096069940 ) ) ;
#963 = CARTESIAN_POINT ( 'NONE',  ( -0.02512165982172710060, -0.001968021418861170060, 0.05481420764441849447 ) ) ;
#964 = CARTESIAN_POINT ( 'NONE',  ( 0.02493222246121539962, 0.0005664250585227040020, 0.05809953144143990139 ) ) ;
#965 = CARTESIAN_POINT ( 'NONE',  ( -0.001021848627492999949, 0.02644625770466150008, 0.01462710303696889910 ) ) ;
#966 = CARTESIAN_POINT ( 'NONE',  ( -0.02404645073901939822, 0.001839114114730330037, 0.006078801122355490319 ) ) ;
#967 = LINE ( 'NONE', #2398, #421 ) ;
#968 = CARTESIAN_POINT ( 'NONE',  ( -0.0009254182300861119558, 0.02512165982172410300, 0.05747610003387070010 ) ) ;
#969 = CARTESIAN_POINT ( 'NONE',  ( 0.005314742575125170482, -0.02350666835964489859, 0.04184206587721869819 ) ) ;
#970 = ORIENTED_EDGE ( 'NONE', *, *, #2743, .F. ) ;
#971 = CARTESIAN_POINT ( 'NONE',  ( -0.002814682857649410033, -0.04967670737731679637, 0.02811403963872950024 ) ) ;
#972 = CARTESIAN_POINT ( 'NONE',  ( 0.02366806703819400101, -0.004605260973616720141, 0.04418615951146469961 ) ) ;
#973 = CARTESIAN_POINT ( 'NONE',  ( -0.004340735142403549969, 0.02371938842239449882, 0.03425052709256370259 ) ) ;
#974 = CARTESIAN_POINT ( 'NONE',  ( 3.365276917893569582E-05, -0.02729902624416789825, 0.006178341222624320409 ) ) ;
#975 = CARTESIAN_POINT ( 'NONE',  ( 0.02630470536655371908, -0.002911335432740704086, 0.04689722377102219925 ) ) ;
#976 = CARTESIAN_POINT ( 'NONE',  ( 0.1606410331029352323, 0.02051151099262209926, 0.000000000000000000 ) ) ;
#977 = VERTEX_POINT ( 'NONE', #1919 ) ;
#978 = CARTESIAN_POINT ( 'NONE',  ( 0.04149169152544129879, 0.002277895289701729886, 0.03905362816219550004 ) ) ;
#979 = CARTESIAN_POINT ( 'NONE',  ( -8.550298246919659645E-05, 0.03330667567358270437, 0.001283038991063139992 ) ) ;
#980 = VERTEX_POINT ( 'NONE', #2321 ) ;
#981 = PRESENTATION_STYLE_ASSIGNMENT (( #2408 ) ) ;
#982 = CARTESIAN_POINT ( 'NONE',  ( 0.001006388246045254037, 0.02409638354730155030, -0.0001952222872762034991 ) ) ;
#983 = CARTESIAN_POINT ( 'NONE',  ( 6.793143845422210281E-06, 0.04221725481721219642, -0.007185384979938830123 ) ) ;
#984 = CARTESIAN_POINT ( 'NONE',  ( -0.02689115991833979438, 0.001965906663523970914, 0.02260118502536770033 ) ) ;
#985 = CARTESIAN_POINT ( 'NONE',  ( -2.828339077277200033E-05, -0.02730659893060220084, 0.005732395045064270396 ) ) ;
#986 = CARTESIAN_POINT ( 'NONE',  ( -0.02622276767918369986, -6.300000000001080127E-05, -0.02263439935737400141 ) ) ;
#987 = CIRCLE ( 'NONE', #2539, 0.01899999999999999953 ) ;
#988 = CARTESIAN_POINT ( 'NONE',  ( 0.002176480008668880018, 0.04967670737730559699, 0.03267743721554609848 ) ) ;
#989 = CARTESIAN_POINT ( 'NONE',  ( -0.04221725481721219642, -3.542347416918140011E-05, -0.006885385405064409908 ) ) ;
#990 = CARTESIAN_POINT ( 'NONE',  ( -0.02595434438835890131, -0.002867521406688370092, 0.03716949515729809500 ) ) ;
#991 = CARTESIAN_POINT ( 'NONE',  ( 0.001192841245474959844, -0.02512165982173149986, 0.05701653014125069446 ) ) ;
#992 = CARTESIAN_POINT ( 'NONE',  ( 0.02394806709282289864, -0.002701866494877489932, 0.005745509008844400245 ) ) ;
#993 =( LENGTH_UNIT ( ) NAMED_UNIT ( * ) SI_UNIT ( $, .METRE. ) );
#994 = CARTESIAN_POINT ( 'NONE',  ( -0.002135180458069549717, -0.02607982997070660072, 0.05352132943448079799 ) ) ;
#995 = CARTESIAN_POINT ( 'NONE',  ( -0.04149169152544219391, -0.0001633642120505950091, -0.005329641824941999673 ) ) ;
#996 = B_SPLINE_SURFACE_WITH_KNOTS ( 'NONE', 3, 3, ( 
 ( #2713, #4692, #1188, #4629, #4118, #6104, #2157, #1160, #3170, #5114, #258, #2223, #700, #4146, #2682, #4660, #4727, #733, #2256, #4210, #227 ),
 ( #4176, #2745, #292, #2192, #4244, #6167, #6199, #6234, #4364, #899, #2870, #3828, #871, #5896, #2838, #840, #1922, #1803, #5377, #2355, #3797 ),
 ( #3365, #5801, #6267, #4882, #1406, #925, #388, #5771, #3857, #1353, #4277, #2324, #3396, #3301, #2899, #2775, #5315, #1323, #442, #4311, #2387 ),
 ( #6387, #4820, #2415, #1892, #3336, #4848, #6358, #4393, #3915, #414, #359, #4338, #2808, #6297, #6329, #5283, #1832, #5344, #4793, #5249, #3265 ),
 ( #1861, #3885, #5835, #5864, #1380, #801, #4759, #325, #2292, #4426, #5993, #3428, #4044, #1506, #1539, #2574, #535, #2083, #1022, #3947, #5929 ) ),
 .UNSPECIFIED., .F., .F., .F.,
 ( 4, 1, 4 ),
 ( 4, 2, 1, 1, 1, 1, 1, 1, 1, 1, 1, 1, 1, 1, 3, 4 ),
 ( 0.000000000000000000, 0.5714285714285709528, 1.000000000000000000 ),
 ( 1.078839160257499863E-18, 0.001211915471532789852, 0.008831778982210410425, 0.01645164249288800021, 0.03169136951424329773, 0.06217082355695380258, 0.1231297316423750066, 0.1840886397277959885, 0.2450475478132169982, 0.3060064558986380079, 0.3669653639840589898, 0.4279242720694799718, 0.4888831801549009537, 0.5498420882403209919, 0.6108009963257420294, 0.6169090062890000281 ),
 .UNSPECIFIED. ) ;
#997 = CARTESIAN_POINT ( 'NONE',  ( 0.02575887862899349859, 0.002876867228447379903, 0.04692701732389820135 ) ) ;
#998 = CARTESIAN_POINT ( 'NONE',  ( 0.002540521954477020002, 0.02618887377311010164, 0.05109925407171039824 ) ) ;
#999 = CARTESIAN_POINT ( 'NONE',  ( -0.02385073181822220181, -0.003458337033955840006, 0.01286577852806109964 ) ) ;
#1000 = CARTESIAN_POINT ( 'NONE',  ( 0.003737461158315079877, 0.02381123306129670145, 0.05689134060404080206 ) ) ;
#1001 = CARTESIAN_POINT ( 'NONE',  ( 0.006914616367353527970, -0.002506122140752170720, -3.069114457944458555E-19 ) ) ;
#1002 = CARTESIAN_POINT ( 'NONE',  ( -0.001825930577429599926, -0.02404745098933809902, 0.005975969120996349471 ) ) ;
#1003 = ORIENTED_EDGE ( 'NONE', *, *, #3554, .T. ) ;
#1004 = CARTESIAN_POINT ( 'NONE',  ( -0.002176480008668850094, -0.04967670737730549985, 0.03267743721554609848 ) ) ;
#1005 = CARTESIAN_POINT ( 'NONE',  ( 0.02411548634081910059, -3.485699403466859648E-05, 0.06002900764976270426 ) ) ;
#1006 = CARTESIAN_POINT ( 'NONE',  ( 0.003238907223806169848, 0.02456486448369770217, 0.03572980329009899786 ) ) ;
#1007 = CARTESIAN_POINT ( 'NONE',  ( 3.460151092795355344E-05, -0.02729839739665304923, 0.006185642976533200534 ) ) ;
#1008 = CARTESIAN_POINT ( 'NONE',  ( 0.02523659102106735885, 0.0004499586982604059072, 0.05788749236384382185 ) ) ;
#1009 = CARTESIAN_POINT ( 'NONE',  ( 0.002208776643279080146, 0.02399984883051550083, 0.001914133044607659951 ) ) ;
#1010 = ORIENTED_EDGE ( 'NONE', *, *, #4498, .F. ) ;
#1011 = CARTESIAN_POINT ( 'NONE',  ( 0.04149169152544329719, -0.001508684843571899987, 0.04212731087740850117 ) ) ;
#1012 =( REPRESENTATION_RELATIONSHIP ('NONE','NONE', #4767, #3272 ) REPRESENTATION_RELATIONSHIP_WITH_TRANSFORMATION ( #6364 )SHAPE_REPRESENTATION_RELATIONSHIP( ) );
#1013 = CARTESIAN_POINT ( 'NONE',  ( -0.0001633642120505860102, 0.04149169152544119471, -0.005329641824941120168 ) ) ;
#1014 = CARTESIAN_POINT ( 'NONE',  ( 0.02406924968747873109, 0.001573464996372182572, -3.049318610115481221E-19 ) ) ;
#1015 = CARTESIAN_POINT ( 'NONE',  ( 0.000000000000000000, 0.001437771129651159831, 0.04883806997590620091 ) ) ;
#1016 = CARTESIAN_POINT ( 'NONE',  ( 0.04967670737730039976, -0.0002153322155579749978, -0.01252326239111050017 ) ) ;
#1017 = CARTESIAN_POINT ( 'NONE',  ( -0.02682148440488079863, -0.002199903528413893385, 0.02591942052227829904 ) ) ;
#1018 = CARTESIAN_POINT ( 'NONE',  ( -0.02739608168831374896, -0.0007858136224172149967, 0.0001031901935985910087 ) ) ;
#1019 = DIRECTION ( 'NONE',  ( 1.000000000000000000, 1.343344959473480077E-13, 4.509449604984449986E-15 ) ) ;
#1020 = CARTESIAN_POINT ( 'NONE',  ( -0.02401238770402609746, -0.002053562847709220190, 0.0009298461024621000170 ) ) ;
#1021 = ADVANCED_FACE ( 'NONE', ( #468 ), #6383, .F. ) ;
#1022 = CARTESIAN_POINT ( 'NONE',  ( -0.0008107281647275880500, -0.02738023117316474783, 0.0001179773568638598050 ) ) ;
#1023 = CARTESIAN_POINT ( 'NONE',  ( -0.02730260009185039860, 9.229105695914310533E-05, 0.006172320659691490040 ) ) ;
#1024 = CARTESIAN_POINT ( 'NONE',  ( 0.002802146681435900046, -0.04967670737730119773, 0.02746641082889179908 ) ) ;
#1025 = CARTESIAN_POINT ( 'NONE',  ( 0.02362575890742139861, -0.004757833235370410169, 0.02706997216909469775 ) ) ;
#1026 = CARTESIAN_POINT ( 'NONE',  ( 0.0002181751764835679981, 0.02732856252393060098, 0.004366250948639740018 ) ) ;
#1027 = CARTESIAN_POINT ( 'NONE',  ( 0.001449451137921619909, -0.02586444297319069954, 0.05584257116218300371 ) ) ;
#1028 = CARTESIAN_POINT ( 'NONE',  ( -0.04967670737730039976, -4.931329513803289630E-05, -0.01332476220755379921 ) ) ;
#1029 = CARTESIAN_POINT ( 'NONE',  ( 0.02661618863049449932, -3.207393922854789826E-05, 0.006294947054112480511 ) ) ;
#1030 = CARTESIAN_POINT ( 'NONE',  ( -0.002766738376010790135, 0.02661471247906030055, 0.03436172921885830012 ) ) ;
#1031 = CARTESIAN_POINT ( 'NONE',  ( -0.02350771529941570251, -0.005310115536518950595, 0.04279712694426730107 ) ) ;
#1032 = CARTESIAN_POINT ( 'NONE',  ( -0.002879499686935719886, 0.02393404962563399838, 0.05859672383399289891 ) ) ;
#1033 = CARTESIAN_POINT ( 'NONE',  ( 0.08669250358634569831, 0.01509096685871385776, 0.03018193371742772593 ) ) ;
#1034 = CARTESIAN_POINT ( 'NONE',  ( 0.004492902486424260253, -0.02369054386594220130, 0.03804525962889319934 ) ) ;
#1035 = ORIENTED_EDGE ( 'NONE', *, *, #6100, .T. ) ;
#1036 = CARTESIAN_POINT ( 'NONE',  ( -0.03330667567358500114, 0.0004143321045390430070, 0.003265154529899189778 ) ) ;
#1037 = CARTESIAN_POINT ( 'NONE',  ( 0.02391646297413129937, -0.003089975183532930186, 0.01719517880164999832 ) ) ;
#1038 = CARTESIAN_POINT ( 'NONE',  ( -0.003354153429337240148, 0.02447871050640109888, 0.04557888094952729924 ) ) ;
#1039 = CARTESIAN_POINT ( 'NONE',  ( 0.02644090889917193390, -2.706893772444070889E-05, 0.005598654351851988301 ) ) ;
#1040 = CARTESIAN_POINT ( 'NONE',  ( 0.02715508429174960658, -0.0008139143704353989355, 0.01178433323990809960 ) ) ;
#1041 = CARTESIAN_POINT ( 'NONE',  ( 0.1639999999999998959, -0.02056046467050397925, -0.04112092934100795849 ) ) ;
#1042 = ORIENTED_EDGE ( 'NONE', *, *, #1824, .T. ) ;
#1043 = CARTESIAN_POINT ( 'NONE',  ( 0.02512165982172529996, 0.002981556986462480068, 0.04365480219972880244 ) ) ;
#1044 = CARTESIAN_POINT ( 'NONE',  ( -8.392809770254470384E-05, 0.04967670737730019853, -0.01307724465576839967 ) ) ;
#1045 = B_SPLINE_CURVE_WITH_KNOTS ( 'NONE', 3,
 ( #2678, #4111, #158, #6162, #662, #4205, #6195, #3658, #2151, #2117, #5733, #4141, #2643, #6130, #1701, #5208, #1733, #1183, #5244, #5638, #2186, #4591, #3261, #696, #6228, #4655, #4688, #5670, #2741, #1216, #4173, #287, #2252, #5604, #3197, #3722, #5175, #6097, #763, #3134, #1637, #727, #2708, #5701, #1252, #3624, #3230, #4239, #3761, #5827, #5858, #5278, #1318, #833, #2865, #4272, #797, #2893, #4875, #1856, #1797, #1916, #437, #6353, #1827, #3823, #2803, #3910, #5766, #3852, #2319, #5797, #1347, #5889, #920, #3391, #2382, #866, #1431, #2285, #3792, #4333, #4843, #409, #3329, #4814, #3422, #382, #4787, #2771, #3295, #2410, #6323, #354, #4754, #2833, #1885, #319, #1376, #4304, #6262, #3361, #6291, #5309, #2350, #5339, #894, #4360, #3881, #1402, #5370, #4386, #6381, #2568, #23, #1982, #4520, #2924, #2502, #3456, #3026, #3489, #5008, #88 ),
 .UNSPECIFIED., .F., .F.,
 ( 4, 1, 1, 1, 1, 1, 1, 1, 1, 1, 2, 2, 1, 1, 1, 1, 1, 1, 1, 1, 1, 2, 2, 1, 1, 1, 1, 1, 1, 1, 1, 2, 2, 1, 1, 1, 1, 1, 1, 1, 2, 2, 1, 1, 1, 1, 1, 1, 2, 2, 2, 2, 1, 1, 1, 1, 1, 1, 2, 2, 1, 1, 1, 1, 1, 1, 2, 2, 1, 1, 1, 1, 1, 1, 1, 2, 2, 1, 1, 1, 1, 1, 1, 1, 1, 1, 2, 2, 1, 1, 1, 1, 1, 1, 1, 1, 1, 2, 2, 4 ),
 ( 0.000000000000000000, 0.06249999999993224864, 0.09374999999989835908, 0.1093749999998813727, 0.1171874999998728656, 0.1210937499998686190, 0.1230468749998665096, 0.1240234374998654687, 0.1245117187498649552, 0.1247558593748647332, 0.1248779296873645944, 0.1249999999998644418, 0.1874999999997904732, 0.2187499999997535027, 0.2343749999997349898, 0.2421874999997257472, 0.2460937499997211397, 0.2480468749997188083, 0.2490234374997176148, 0.2495117187497169764, 0.2497558593747167266, 0.2498779296872165878, 0.2499999999997164490, 0.3124999999996269651, 0.3437499999995821676, 0.3593749999995597966, 0.3671874999995486388, 0.3710937499995430322, 0.3730468749995401456, 0.3740234374995387023, 0.3745117187495380917, 0.3747558593745377586, 0.3749999999995374256, 0.4062499999994970690, 0.4218749999994769739, 0.4296874999994669264, 0.4335937499994620414, 0.4355468749994595989, 0.4365234374994583777, 0.4370117187494577116, 0.4372558593744573785, 0.4374999999994571009, 0.4531249999994408362, 0.4609374999994327871, 0.4648437499994289013, 0.4667968749994269029, 0.4677734374994259037, 0.4682617187494254596, 0.4685058593744251820, 0.4687499999994249045, 0.4843749999994153010, 0.4999999999994056976, 0.5156249999993960387, 0.5234374999993913757, 0.5273437499993891553, 0.5292968749993880451, 0.5302734374993874900, 0.5307617187493873789, 0.5310058593743872679, 0.5312499999993872679, 0.5468749999993806066, 0.5546874999993772759, 0.5585937499993756106, 0.5605468749993747224, 0.5615234374993740563, 0.5620117187493739452, 0.5622558593743739452, 0.5624999999993740563, 0.5937499999993933741, 0.6093749999994030331, 0.6171874999994079181, 0.6210937499994103606, 0.6230468749994116928, 0.6240234374994123590, 0.6245117187494126920, 0.6247558593744130251, 0.6249999999994132471, 0.6874999999994859667, 0.7187499999995222710, 0.7343749999995404787, 0.7421874999995494715, 0.7460937499995540234, 0.7480468749995563549, 0.7490234374995575761, 0.7495117187495581312, 0.7497558593745583533, 0.7498779296870585753, 0.7499999999995587974, 0.8124999999996739275, 0.8437499999997315481, 0.8593749999997603028, 0.8671874999997747357, 0.8710937499997819522, 0.8730468749997856159, 0.8740234374997873923, 0.8745117187497882805, 0.8747558593747887246, 0.8748779296872889466, 0.8749999999997890576, 1.000000000000000000 ),
 .UNSPECIFIED. ) ;
#1046 = ORIENTED_EDGE ( 'NONE', *, *, #2830, .T. ) ;
#1047 = ADVANCED_FACE ( 'NONE', ( #4423 ), #5860, .F. ) ;
#1048 = CARTESIAN_POINT ( 'NONE',  ( 0.000000000000000000, 0.0006088065307268099779, 0.05015293141358430351 ) ) ;
#1049 = CARTESIAN_POINT ( 'NONE',  ( 0.04967670737730199571, -0.001872015784316510053, 0.03395040142086400148 ) ) ;
#1050 = PRODUCT_DEFINITION_SHAPE ( 'NONE', 'NONE',  #5557 ) ;
#1051 = CARTESIAN_POINT ( 'NONE',  ( -0.02728557517627029638, 0.0001466176426539022985, 0.006574967825212740292 ) ) ;
#1052 = LINE ( 'NONE', #1599, #3693 ) ;
#1053 = CARTESIAN_POINT ( 'NONE',  ( 2.706893772444702098E-05, 0.02644090889917195472, 0.005598654351852013454 ) ) ;
#1054 = CARTESIAN_POINT ( 'NONE',  ( -0.02395349477619750089, -0.002653316416614680002, 0.005771506160578500182 ) ) ;
#1055 = CIRCLE ( 'NONE', #4683, 0.01874999999999999931 ) ;
#1056 = CARTESIAN_POINT ( 'NONE',  ( -0.02393058025013449983, -0.002853591895306509859, 0.007426413006817629558 ) ) ;
#1057 = CARTESIAN_POINT ( 'NONE',  ( -0.02635052431652189914, -0.002912193142223970001, 0.04554666788843349939 ) ) ;
#1058 = CARTESIAN_POINT ( 'NONE',  ( 0.002274832878483349936, -0.03330667567358799874, 0.04623619831534619973 ) ) ;
#1059 = CARTESIAN_POINT ( 'NONE',  ( -0.004383926307812610265, 0.02369801252129100089, 0.02282532648232719896 ) ) ;
#1060 = CARTESIAN_POINT ( 'NONE',  ( 0.0008922555712694810485, 0.02669331373965670023, 0.0001423194678066190078 ) ) ;
#1061 = CARTESIAN_POINT ( 'NONE',  ( 0.002692492155629480112, -0.02626001087185390187, 0.04918192337041769890 ) ) ;
#1062 = CARTESIAN_POINT ( 'NONE',  ( -0.04967670737730060099, -3.583149667195850100E-05, -0.01342094156759589957 ) ) ;
#1063 = CARTESIAN_POINT ( 'NONE',  ( 0.02729261692604520104, -0.0001045074369443330044, 0.006267547174674020088 ) ) ;
#1064 = CARTESIAN_POINT ( 'NONE',  ( -0.0001447047844041700110, 0.02727379557147199818, 0.006999033898480579857 ) ) ;
#1065 = CARTESIAN_POINT ( 'NONE',  ( -0.02383525326089730098, 0.003627721532399829935, 0.05489949444702269671 ) ) ;
#1066 = CARTESIAN_POINT ( 'NONE',  ( 0.003931670908114399607, 0.02377726153226539935, 0.01710313294416600238 ) ) ;
#1067 = CARTESIAN_POINT ( 'NONE',  ( 0.01934902983291604539, 0.005342002697548650994, 1.308413300917896289E-18 ) ) ;
#1068 = CARTESIAN_POINT ( 'NONE',  ( 0.004426233459832199998, -0.02370336685684990008, 0.03614691451522020205 ) ) ;
#1069 = ORIENTED_EDGE ( 'NONE', *, *, #5611, .T. ) ;
#1070 = DIRECTION ( 'NONE',  ( -1.000000000000000000, -0.000000000000000000, -0.000000000000000000 ) ) ;
#1071 = CARTESIAN_POINT ( 'NONE',  ( 0.02368434832275720034, 0.004519786298691040247, 0.04562935022768610516 ) ) ;
#1072 = CARTESIAN_POINT ( 'NONE',  ( 0.0001860759479822949680, 0.0001673536066665145996, 0.0003347072133330293619 ) ) ;
#1073 = CARTESIAN_POINT ( 'NONE',  ( -0.001837047689282309904, 0.02481922274596560021, 0.01880123941596680004 ) ) ;
#1074 = CARTESIAN_POINT ( 'NONE',  ( 0.02738067932929084958, -0.0008163582119361680435, 7.765033561037230090E-05 ) ) ;
#1075 = CARTESIAN_POINT ( 'NONE',  ( 0.02602818899129521676, -0.001958573313803314408, 0.05434327898504739962 ) ) ;
#1076 = CARTESIAN_POINT ( 'NONE',  ( 0.1588327224262097992, -0.02046602387686770677, -2.506365063207934310E-18 ) ) ;
#1077 = ORIENTED_EDGE ( 'NONE', *, *, #4936, .T. ) ;
#1078 = CARTESIAN_POINT ( 'NONE',  ( 0.04967670737730060099, -8.991404271427588942E-05, -0.01342090596433279971 ) ) ;
#1079 = CARTESIAN_POINT ( 'NONE',  ( -0.002701672326610970055, -0.02394808899845260117, 0.005743980448014470233 ) ) ;
#1080 = ORIENTED_EDGE ( 'NONE', *, *, #2514, .T. ) ;
#1081 = CARTESIAN_POINT ( 'NONE',  ( -0.01748184511945720040, -0.001759324453432870071, 0.03274327500452130224 ) ) ;
#1082 = CARTESIAN_POINT ( 'NONE',  ( -3.542347416917369549E-05, 0.04221725481721219642, -0.006885385405064409908 ) ) ;
#1083 = CARTESIAN_POINT ( 'NONE',  ( 0.02739558598756420063, 0.0007799813457701670677, 0.0001433962210790389806 ) ) ;
#1084 = CARTESIAN_POINT ( 'NONE',  ( -9.250754755180539714E-05, -0.02730257154696320160, 0.006173839740804289850 ) ) ;
#1085 = CARTESIAN_POINT ( 'NONE',  ( 1.302000411324300259E-05, 0.02502349531723436701, 0.0005639954964817863164 ) ) ;
#1086 = CARTESIAN_POINT ( 'NONE',  ( -0.02395606139948100108, -0.002630055287071790017, 0.005583422209162070687 ) ) ;
#1087 = CARTESIAN_POINT ( 'NONE',  ( -0.02357975554688889960, -0.004981373258622330026, 0.03135648624888359715 ) ) ;
#1088 = CARTESIAN_POINT ( 'NONE',  ( -0.02559210139346959970, -0.0009425912774504809945, 0.05708685067063599961 ) ) ;
#1089 = CARTESIAN_POINT ( 'NONE',  ( 0.002565039271639360172, -0.03330667567358830405, 0.04432457331141680112 ) ) ;
#1090 = CARTESIAN_POINT ( 'NONE',  ( 0.005345457195242299397, 0.02349970887868610067, 0.04420261030738979746 ) ) ;
#1091 = CARTESIAN_POINT ( 'NONE',  ( 0.0003865399065612279764, 0.02734447512527570304, 0.003158095540401569933 ) ) ;
#1092 = AXIS2_PLACEMENT_3D ( 'NONE', #1729, #6258, #3755 ) ;
#1093 = CARTESIAN_POINT ( 'NONE',  ( 0.002959725417395149983, -0.02648003025364090157, 0.03998049085098779459 ) ) ;
#1094 = CARTESIAN_POINT ( 'NONE',  ( -0.04967670737730029568, -8.392809770255370272E-05, -0.01307724465576839967 ) ) ;
#1095 = CARTESIAN_POINT ( 'NONE',  ( 0.02663584695760390017, -0.002750167794482969840, 0.03294950696423500081 ) ) ;
#1096 = CARTESIAN_POINT ( 'NONE',  ( 0.0002766674920871739865, 0.02514910004077640024, 0.05803312393020619575 ) ) ;
#1097 = CARTESIAN_POINT ( 'NONE',  ( -0.02377926360562089905, -0.004004988920136650157, 0.02857209060784430057 ) ) ;
#1098 = CARTESIAN_POINT ( 'NONE',  ( 0.005308671388519869971, 0.02350805703942979857, 0.04563209552503739996 ) ) ;
#1099 = CARTESIAN_POINT ( 'NONE',  ( 0.09945114647226292737, -0.01639538578179808651, -2.007855671846505066E-18 ) ) ;
#1100 = CARTESIAN_POINT ( 'NONE',  ( 0.002578228522721470392, -0.02396934497018560206, 0.05785506000884659689 ) ) ;
#1101 = EDGE_LOOP ( 'NONE', ( #86, #3175, #3024 ) ) ;
#1102 = CARTESIAN_POINT ( 'NONE',  ( -0.03330667567358409908, 0.002996090467752070014, 0.03286194105162119905 ) ) ;
#1103 = CARTESIAN_POINT ( 'NONE',  ( 0.02404419476520510204, 0.001868338050427369949, 0.006718376018712089899 ) ) ;
#1104 = B_SPLINE_SURFACE_WITH_KNOTS ( 'NONE', 3, 3, ( 
 ( #4073, #2606, #5958, #4944 ),
 ( #1984, #3524, #3629, #2993 ),
 ( #1567, #3973, #5533, #57 ),
 ( #1084, #4978, #563, #5041 ) ),
 .UNSPECIFIED., .F., .F., .F.,
 ( 4, 4 ),
 ( 4, 4 ),
 ( 0.000000000000000000, 1.000000000000000000 ),
 ( 0.1467668056984469949, 1.000000000000000000 ),
 .UNSPECIFIED. ) ;
#1105 = CARTESIAN_POINT ( 'NONE',  ( 0.002992583605163519605, 0.02462341380564040186, 0.03149240383994680176 ) ) ;
#1106 = CARTESIAN_POINT ( 'NONE',  ( 0.02669367525417529891, -0.0008978956905812909449, 0.0001020130337649811952 ) ) ;
#1107 = CARTESIAN_POINT ( 'NONE',  ( 0.02638263124180781696, 0.002951796329808541175, 0.04416459091628460037 ) ) ;
#1108 = CARTESIAN_POINT ( 'NONE',  ( -0.02622276767918349863, -6.641199256022599742E-05, -0.02261020995745800094 ) ) ;
#1109 = VERTEX_POINT ( 'NONE', #5372 ) ;
#1110 = CARTESIAN_POINT ( 'NONE',  ( 0.04967670737730009445, 0.0001619348072018310099, -0.01251463545584600122 ) ) ;
#1111 = CARTESIAN_POINT ( 'NONE',  ( -0.002785493153755279772, -0.02393848427669850037, 0.006429590369380280487 ) ) ;
#1112 = ORIENTED_EDGE ( 'NONE', *, *, #3046, .T. ) ;
#1113 = B_SPLINE_CURVE_WITH_KNOTS ( 'NONE', 3,
 ( #6183, #2789, #341, #4324, #6311, #3842, #1366, #4676, #1722, #2208, #3711, #5691, #3218, #6344, #4440, #12, #1421, #5489 ),
 .UNSPECIFIED., .F., .F.,
 ( 4, 1, 1, 1, 1, 1, 1, 1, 1, 1, 1, 1, 1, 2, 4 ),
 ( -0.5827740216577359522, -0.5498420882403209919, -0.4888831801549009537, -0.4279242720694799718, -0.3669653639840589898, -0.3060064558986380079, -0.2450475478132170259, -0.1840886397277959885, -0.1231297316423750066, -0.06217082355695380258, -0.03169136951424333937, -0.01645164249288799674, -0.008831778982210436446, -0.001211915471532765132, -2.074638673965623070E-05 ),
 .UNSPECIFIED. ) ;
#1114 = CARTESIAN_POINT ( 'NONE',  ( 0.000000000000000000, 0.002990990610188599963, 0.03157576640439769405 ) ) ;
#1115 = CARTESIAN_POINT ( 'NONE',  ( 0.04967670737729990016, 0.002984339788984039909, 0.02208792028287009934 ) ) ;
#1116 = CARTESIAN_POINT ( 'NONE',  ( -0.02719625898885639353, -0.0005861458300811995701, 0.01039974251804660042 ) ) ;
#1117 = CARTESIAN_POINT ( 'NONE',  ( -0.02739558598756420063, -0.0007799813457701620803, 0.0001433962210790359990 ) ) ;
#1118 = CARTESIAN_POINT ( 'NONE',  ( -0.02730659893060220084, 2.828339077276530199E-05, 0.005732395045064299886 ) ) ;
#1119 = AXIS2_PLACEMENT_3D ( 'NONE', #2234, #1747, #3312 ) ;
#1120 = LINE ( 'NONE', #4108, #5271 ) ;
#1121 = LINE ( 'NONE', #5076, #3747 ) ;
#1122 = CARTESIAN_POINT ( 'NONE',  ( -0.02708655033054140071, 0.001145364302243039901, 0.01460226451251130098 ) ) ;
#1123 = CARTESIAN_POINT ( 'NONE',  ( 0.001440055002394699871, -0.03330667567358799874, 0.04932500027778830010 ) ) ;
#1124 = CARTESIAN_POINT ( 'NONE',  ( -0.005310116013988980255, 0.02350771537000199973, 0.04279712733474410474 ) ) ;
#1125 = CARTESIAN_POINT ( 'NONE',  ( -0.001502150400504529987, -0.02700645123839149828, 0.01789449082046599970 ) ) ;
#1126 = CARTESIAN_POINT ( 'NONE',  ( -0.04967670737730119773, -0.001208486282665699810, 0.03548552656566000135 ) ) ;
#1127 = CARTESIAN_POINT ( 'NONE',  ( 0.02725433077140959962, -0.0003114775022744599789, 0.007801812582645039837 ) ) ;
#1128 = CARTESIAN_POINT ( 'NONE',  ( -0.002850186091421569746, 0.02631768366734539913, 0.04691864326576329625 ) ) ;
#1129 = B_SPLINE_CURVE_WITH_KNOTS ( 'NONE', 3,
 ( #2662, #2105, #5064, #3578 ),
 .UNSPECIFIED., .F., .F.,
 ( 4, 4 ),
 ( 0.03422264407287420318, 0.03529414878555330037 ),
 .UNSPECIFIED. ) ;
#1130 = CARTESIAN_POINT ( 'NONE',  ( -0.02367874030863159965, -0.004550260079371310287, 0.04421205089314139691 ) ) ;
#1131 = CARTESIAN_POINT ( 'NONE',  ( 0.005250115521323050344, 0.02352122449896209763, 0.04706182204250660556 ) ) ;
#1132 = CARTESIAN_POINT ( 'NONE',  ( 0.0003076671304868352792, -0.0002431335355522660862, -2.977527060794618720E-20 ) ) ;
#1133 = CARTESIAN_POINT ( 'NONE',  ( -0.002641772298641729966, -0.02396241975116730066, 0.05784344013744989466 ) ) ;
#1134 = ORIENTED_EDGE ( 'NONE', *, *, #294, .F. ) ;
#1135 = DIRECTION ( 'NONE',  ( 0.000000000000000000, 0.000000000000000000, -1.000000000000000000 ) ) ;
#1136 = CARTESIAN_POINT ( 'NONE',  ( 0.02472877933465069886, -0.002436899174442129761, 0.02442241253520690061 ) ) ;
#1137 = CARTESIAN_POINT ( 'NONE',  ( -0.0004416380757574799899, 0.02431565485974479870, 0.05893333940503060059 ) ) ;
#1138 = CARTESIAN_POINT ( 'NONE',  ( 0.02662503704592479939, -4.813195489823320235E-05, 0.006186864140998259327 ) ) ;
#1139 = SURFACE_STYLE_FILL_AREA ( #4094 ) ;
#1140 =( GEOMETRIC_REPRESENTATION_CONTEXT ( 3 ) GLOBAL_UNCERTAINTY_ASSIGNED_CONTEXT ( ( #271 ) ) GLOBAL_UNIT_ASSIGNED_CONTEXT ( ( #4755, #3723, #4273 ) ) REPRESENTATION_CONTEXT ( 'NONE', 'WORKASPACE' ) );
#1141 = CARTESIAN_POINT ( 'NONE',  ( -0.02622276767918529927, 0.0003858673913452429654, -0.02028299205286429943 ) ) ;
#1142 = EDGE_LOOP ( 'NONE', ( #5428, #1626, #4514 ) ) ;
#1143 = CARTESIAN_POINT ( 'NONE',  ( -0.04221866210052149793, 2.735447296092600073E-05, -0.007332728653060130442 ) ) ;
#1144 = CARTESIAN_POINT ( 'NONE',  ( -0.002360447759929709764, -0.02398989424150459876, 0.05929427965662480149 ) ) ;
#1145 = ORIENTED_EDGE ( 'NONE', *, *, #5617, .F. ) ;
#1146 = CARTESIAN_POINT ( 'NONE',  ( -0.008740922559727949681, 0.0006017757868677019954, 0.04250315804516240081 ) ) ;
#1147 = CARTESIAN_POINT ( 'NONE',  ( 0.0001036876196782918463, -0.0001089463074955814167, -0.0002178926149911628333 ) ) ;
#1148 = DIRECTION ( 'NONE',  ( -0.7522870727714137118, -8.720158746000236346E-05, -0.6588354517911896302 ) ) ;
#1149 = CARTESIAN_POINT ( 'NONE',  ( -0.002653291091475649868, 0.02395349758143670155, 0.005771300684615960318 ) ) ;
#1150 = CARTESIAN_POINT ( 'NONE',  ( -0.02408608026583469730, -0.001223591533836650017, 0.001660927436671900004 ) ) ;
#1151 = CARTESIAN_POINT ( 'NONE',  ( 0.1566420320640504182, -0.02039840714278208164, -2.498084401511258400E-18 ) ) ;
#1152 = CARTESIAN_POINT ( 'NONE',  ( -0.02689115991833989847, 0.001965906663523980021, 0.02260118502536770033 ) ) ;
#1153 = CARTESIAN_POINT ( 'NONE',  ( 3.538378678624490271E-05, -0.04149169152544419925, -0.006249687328748039505 ) ) ;
#1154 = CARTESIAN_POINT ( 'NONE',  ( -0.004015264449024320489, 0.02376327930420249826, 0.01855928187010379843 ) ) ;
#1155 = EDGE_CURVE ( 'NONE', #2664, #580, #5375, .T. ) ;
#1156 = CARTESIAN_POINT ( 'NONE',  ( 0.000000000000000000, -6.156564818772120040E-05, 0.0003405266876401209634 ) ) ;
#1157 = B_SPLINE_SURFACE_WITH_KNOTS ( 'NONE', 3, 3, ( 
 ( #5634, #793, #1179, #2181 ),
 ( #3654, #184, #6191, #1245 ),
 ( #2639, #4169, #4267, #5170 ),
 ( #6224, #5666, #5204, #2247 ) ),
 .UNSPECIFIED., .F., .F., .F.,
 ( 4, 4 ),
 ( 4, 4 ),
 ( 0.000000000000000000, 1.000000000000000000 ),
 ( 0.1467668056984469949, 1.000000000000000000 ),
 .UNSPECIFIED. ) ;
#1158 = VECTOR ( 'NONE', #2090, 1.000000000000000000 ) ;
#1159 = CARTESIAN_POINT ( 'NONE',  ( 0.02586620731435300066, -0.001521563017435149977, 0.05585403258877309762 ) ) ;
#1160 = CARTESIAN_POINT ( 'NONE',  ( 0.002564703203846019700, -0.02396316746572669729, 0.005055178769997560086 ) ) ;
#1161 = CARTESIAN_POINT ( 'NONE',  ( -0.02498460239914469805, 0.0003558192816248390120, 0.006095757377948310060 ) ) ;
#1162 = CARTESIAN_POINT ( 'NONE',  ( -8.991404271427289431E-05, -0.04967670737730060099, -0.01342090596433279971 ) ) ;
#1163 = CARTESIAN_POINT ( 'NONE',  ( 0.1606410331029352323, -0.02051151099262209926, -2.511935628279040402E-18 ) ) ;
#1164 = CARTESIAN_POINT ( 'NONE',  ( -0.001097787172824290060, -0.02408272189136270031, 0.05965909996994989833 ) ) ;
#1165 = EDGE_LOOP ( 'NONE', ( #1618, #5661, #6205, #3388 ) ) ;
#1166 = CARTESIAN_POINT ( 'NONE',  ( -0.04149169152544490008, 0.0004136010311976280173, -0.003902260175357340037 ) ) ;
#1167 = CARTESIAN_POINT ( 'NONE',  ( 0.02492966760828780118, -0.0009204207680331919763, 0.01030406362135910005 ) ) ;
#1168 = CARTESIAN_POINT ( 'NONE',  ( 0.002379206157050159798, 0.02560864953298319993, 0.05272206761048180146 ) ) ;
#1169 = CARTESIAN_POINT ( 'NONE',  ( 0.02501661339230205200, -0.0005223165024405730791, 5.159528130830830223E-05 ) ) ;
#1170 = CARTESIAN_POINT ( 'NONE',  ( -7.149026863527516585E-05, -0.02730967431123144246, 0.006024340198735566622 ) ) ;
#1171 = CARTESIAN_POINT ( 'NONE',  ( -0.02622276767918459844, 0.001424126245811130082, 0.02589957222331909850 ) ) ;
#1172 = CARTESIAN_POINT ( 'NONE',  ( 0.02730791774704470140, -2.811596773687620020E-05, 0.005732431120066700143 ) ) ;
#1173 = CARTESIAN_POINT ( 'NONE',  ( 0.02512165982172490097, 0.0008413029347686209504, 0.01416669152224249960 ) ) ;
#1174 = CARTESIAN_POINT ( 'NONE',  ( -0.003201140889887139993, -0.02388663177667280091, 0.01000035761793919946 ) ) ;
#1175 = VERTEX_POINT ( 'NONE', #5280 ) ;
#1176 = CARTESIAN_POINT ( 'NONE',  ( -0.02622276767918239881, -0.003016569886640489955, 0.005360009409245250316 ) ) ;
#1177 = CARTESIAN_POINT ( 'NONE',  ( 0.000000000000000000, 5.505714157152952204E-21, -1.101142831430589989E-20 ) ) ;
#1178 = CARTESIAN_POINT ( 'NONE',  ( 0.02400224714013069957, -0.002184009799330610159, 0.001721876379225769933 ) ) ;
#1179 = CARTESIAN_POINT ( 'NONE',  ( 0.04221866210052149793, -2.735447296093120151E-05, -0.007332728653060130442 ) ) ;
#1180 = CARTESIAN_POINT ( 'NONE',  ( -0.02662503704592479939, 4.813195489823390031E-05, 0.006186864140998259327 ) ) ;
#1181 = CARTESIAN_POINT ( 'NONE',  ( -0.03475780225712390287, -1.327723033156649958E-05, -0.0005041724184803909620 ) ) ;
#1182 = CARTESIAN_POINT ( 'NONE',  ( 0.0002844783862260909951, -0.02666248627741969746, 0.004166624205256250213 ) ) ;
#1183 = CARTESIAN_POINT ( 'NONE',  ( -0.000000000000000000, 0.002546045087736959443, 0.02374816042278569614 ) ) ;
#1184 = DIRECTION ( 'NONE',  ( 0.000000000000000000, 0.000000000000000000, 1.000000000000000000 ) ) ;
#1185 = CARTESIAN_POINT ( 'NONE',  ( 0.0004083106472091480358, -0.02722862131019799722, 0.008993903249262939423 ) ) ;
#1186 = CARTESIAN_POINT ( 'NONE',  ( 0.002253254849277699923, 0.02680992227135239880, 0.02589634541734180118 ) ) ;
#1187 = CARTESIAN_POINT ( 'NONE',  ( 3.583149667195550589E-05, -0.04967670737730060099, -0.01342094156759589957 ) ) ;
#1188 = CARTESIAN_POINT ( 'NONE',  ( 0.002652329914335940005, -0.02395360403516120021, 0.005763504183016229798 ) ) ;
#1189 = CARTESIAN_POINT ( 'NONE',  ( -0.02497921897771849739, 0.0003874411730954509833, 0.006295544967303019941 ) ) ;
#1190 = CARTESIAN_POINT ( 'NONE',  ( -0.0004136010311976290473, -0.04149169152544639888, -0.003902260175358650187 ) ) ;
#1191 = CARTESIAN_POINT ( 'NONE',  ( 0.1186122119539707587, 0.01810906441835612168, 4.435441555098610140E-18 ) ) ;
#1192 = CARTESIAN_POINT ( 'NONE',  ( -0.0007452383363827529876, -0.02431862335651880161, 0.05884083835339439655 ) ) ;
#1193 = EDGE_LOOP ( 'NONE', ( #5786, #344, #3605, #3637, #522, #3520, #2566 ) ) ;
#1194 = CARTESIAN_POINT ( 'NONE',  ( -0.02512165982172710060, -0.0009254182300861209546, 0.05747610003386800087 ) ) ;
#1195 = CARTESIAN_POINT ( 'NONE',  ( 0.02403600389522710101, 0.001971087961907979757, 0.007544905113408239584 ) ) ;
#1196 = VECTOR ( 'NONE', #4390, 1.000000000000000000 ) ;
#1197 = CARTESIAN_POINT ( 'NONE',  ( -0.002876864565058160229, 0.02575888007982200106, 0.04692701745239719752 ) ) ;
#1198 = CARTESIAN_POINT ( 'NONE',  ( 0.02662909871178120030, -6.019125801126589661E-05, 0.006103299590284280186 ) ) ;
#1199 = CARTESIAN_POINT ( 'NONE',  ( 0.000000000000000000, 0.02409999999999999296, 0.06813473812597234391 ) ) ;
#1200 = CARTESIAN_POINT ( 'NONE',  ( -0.02622276767918239881, -0.003016569886640489955, 0.005360009409245250316 ) ) ;
#1201 = CARTESIAN_POINT ( 'NONE',  ( 0.0001282338325591420199, 0.04149169152544159717, -0.005986965428497100124 ) ) ;
#1202 = VERTEX_POINT ( 'NONE', #4335 ) ;
#1203 = EDGE_CURVE ( 'NONE', #2138, #11, #411, .T. ) ;
#1204 = CARTESIAN_POINT ( 'NONE',  ( -0.005289081001266680501, -0.02351251591702149812, 0.03706263833773169869 ) ) ;
#1205 = CARTESIAN_POINT ( 'NONE',  ( -0.004857929051784930057, -0.02360556721381009901, 0.02849569028698260148 ) ) ;
#1206 = CARTESIAN_POINT ( 'NONE',  ( -0.002696803543654499678, 0.02394865091713839836, 0.006125385747090169794 ) ) ;
#1207 = ORIENTED_EDGE ( 'NONE', *, *, #653, .T. ) ;
#1208 = ADVANCED_FACE ( 'NONE', ( #356 ), #4931, .T. ) ;
#1209 = CARTESIAN_POINT ( 'NONE',  ( -0.02622276767918349863, -6.641199256022599742E-05, -0.02261020995745800094 ) ) ;
#1210 = CARTESIAN_POINT ( 'NONE',  ( 0.04967670737730029568, 8.392809770254769895E-05, -0.01307724465576839967 ) ) ;
#1211 = CARTESIAN_POINT ( 'NONE',  ( 0.02409638354730144968, -0.001006388246045134124, -0.0001952222872770409910 ) ) ;
#1212 = CARTESIAN_POINT ( 'NONE',  ( 0.4570000000000000173, 0.000000000000000000, 0.02050000000000000086 ) ) ;
#1213 = CARTESIAN_POINT ( 'NONE',  ( -0.02501674755470085013, 0.0005278214550861950061, 1.131475257397303956E-05 ) ) ;
#1214 = CARTESIAN_POINT ( 'NONE',  ( 0.0007737221445894071955, -0.0004862275238850545783, -5.954569807831753078E-20 ) ) ;
#1215 = CARTESIAN_POINT ( 'NONE',  ( -0.02706134896917310184, -0.001244888005766620022, 0.01604394504154960099 ) ) ;
#1216 = CARTESIAN_POINT ( 'NONE',  ( -0.000000000000000000, 0.003003680719718702929, 0.03684834858820966452 ) ) ;
#1217 = DIRECTION ( 'NONE',  ( 0.000000000000000000, 0.000000000000000000, 1.000000000000000000 ) ) ;
#1218 = CARTESIAN_POINT ( 'NONE',  ( 0.002750167788458760063, 0.02663584694573039799, 0.03294950695469840013 ) ) ;
#1219 = EDGE_CURVE ( 'NONE', #3714, #4646, #5135, .T. ) ;
#1220 = ADVANCED_FACE ( 'NONE', ( #5073 ), #1104, .F. ) ;
#1221 = CARTESIAN_POINT ( 'NONE',  ( 9.394354683881780358E-05, 0.04967670737729969893, -0.01339680408724269918 ) ) ;
#1222 = CARTESIAN_POINT ( 'NONE',  ( -0.02622276767918369986, -2.759285119407000294E-07, -0.02308053163013940035 ) ) ;
#1223 = CARTESIAN_POINT ( 'NONE',  ( -0.02479890144344510175, -0.001980951271053900137, 0.02021444458196990090 ) ) ;
#1224 = CARTESIAN_POINT ( 'NONE',  ( -0.001924795585548359994, -0.02512165982172950146, 0.02308841854817169845 ) ) ;
#1225 = CARTESIAN_POINT ( 'NONE',  ( -0.02369599347892150168, 0.004395520584357819928, 0.02232055012651069925 ) ) ;
#1226 = CARTESIAN_POINT ( 'NONE',  ( 0.1096666310221343366, 0.01735134774780398154, 4.249854496048156497E-18 ) ) ;
#1227 = CARTESIAN_POINT ( 'NONE',  ( -0.003423480018024989933, -0.02446742060842090061, 0.04555531000185390061 ) ) ;
#1228 = EDGE_LOOP ( 'NONE', ( #5089, #1010, #1678, #3020, #3939, #5200, #1853, #1035, #2074, #4927, #5975, #2751 ) ) ;
#1229 = CARTESIAN_POINT ( 'NONE',  ( -0.02512165982172710060, 0.001882834654983020191, 0.05542623583643380147 ) ) ;
#1230 = CARTESIAN_POINT ( 'NONE',  ( 0.02497947837153889974, 0.0003248225874232999995, 0.006221964682302029946 ) ) ;
#1231 = CARTESIAN_POINT ( 'NONE',  ( 0.003029067158715089986, 0.02585487735124649897, 0.04136093600702159950 ) ) ;
#1232 = CARTESIAN_POINT ( 'NONE',  ( -0.02349569786802389870, 0.005363036144326890561, 0.04277382946852680001 ) ) ;
#1233 = CARTESIAN_POINT ( 'NONE',  ( -0.02622276767919199877, 0.002272833066974080073, -0.003047646829667669845 ) ) ;
#1234 = CARTESIAN_POINT ( 'NONE',  ( 9.181157997498259622E-05, 0.03330667567358280151, 0.0009155855476410619575 ) ) ;
#1235 = ORIENTED_EDGE ( 'NONE', *, *, #2082, .T. ) ;
#1236 = CARTESIAN_POINT ( 'NONE',  ( -0.004141767406445099990, -0.02374239038317579875, 0.05553433052535539788 ) ) ;
#1237 = CARTESIAN_POINT ( 'NONE',  ( 0.02395188575719540275, 0.002667842388990830128, 0.005889346204992890015 ) ) ;
#1238 = CARTESIAN_POINT ( 'NONE',  ( 0.02351367670073519975, -0.005283720220610610072, 0.03706228801285069846 ) ) ;
#1239 = CARTESIAN_POINT ( 'NONE',  ( -0.001712458349813940003, 0.04967670737730079528, 0.03424198695874380166 ) ) ;
#1240 = CARTESIAN_POINT ( 'NONE',  ( 0.004239204312913719998, 0.02373803857546710055, 0.03140154783640419778 ) ) ;
#1241 = ORIENTED_EDGE ( 'NONE', *, *, #84, .F. ) ;
#1242 = CARTESIAN_POINT ( 'NONE',  ( -0.01748184511945570160, -0.0003876648812188410284, -0.01260469140834099937 ) ) ;
#1243 = CARTESIAN_POINT ( 'NONE',  ( 0.0003076671304868352792, 0.0002431335355522660862, 0.000000000000000000 ) ) ;
#1244 = CARTESIAN_POINT ( 'NONE',  ( 0.04149169152544119471, -9.476813844369200103E-05, -0.006228555854279540539 ) ) ;
#1245 = CARTESIAN_POINT ( 'NONE',  ( 0.04967670737730060099, -4.789973078217049830E-05, -0.01371835121501849969 ) ) ;
#1246 = VECTOR ( 'NONE', #619, 1.000000000000000000 ) ;
#1247 = EDGE_CURVE ( 'NONE', #5495, #4133, #3458, .T. ) ;
#1248 = CARTESIAN_POINT ( 'NONE',  ( -0.02730296388982480019, -2.337689447559670097E-05, 0.006102003917626230151 ) ) ;
#1249 = CARTESIAN_POINT ( 'NONE',  ( 0.1474045838693498756, -0.02001452565399520350, -2.451072477861781130E-18 ) ) ;
#1250 = CARTESIAN_POINT ( 'NONE',  ( 0.0005030868400488690360, -0.02502274703652460075, 7.561284554989230393E-05 ) ) ;
#1251 = B_SPLINE_CURVE_WITH_KNOTS ( 'NONE', 3,
 ( #3766, #5738, #1289, #5084 ),
 .UNSPECIFIED., .F., .F.,
 ( 4, 4 ),
 ( -0.04537352248412439976, 0.5349218813721030585 ),
 .UNSPECIFIED. ) ;
#1252 = CARTESIAN_POINT ( 'NONE',  ( -0.000000000000000000, 0.002111606504602181467, 0.04654120782570905779 ) ) ;
#1253 = CARTESIAN_POINT ( 'NONE',  ( 0.000000000000000000, 0.000000000000000000, 0.000000000000000000 ) ) ;
#1254 = DIRECTION ( 'NONE',  ( 0.000000000000000000, 0.000000000000000000, 1.000000000000000000 ) ) ;
#1255 = CARTESIAN_POINT ( 'NONE',  ( 0.002366861700305080037, 0.02677533830203429957, 0.02730853773158069958 ) ) ;
#1256 = CARTESIAN_POINT ( 'NONE',  ( 0.02685614267441449945, 0.002077512068911950040, 0.02451102639384939927 ) ) ;
#1257 = FACE_OUTER_BOUND ( 'NONE', #687, .T. ) ;
#1258 = CARTESIAN_POINT ( 'NONE',  ( -0.02438710405843559983, -0.001605252795180980028, 0.05764714152916129708 ) ) ;
#1259 = CARTESIAN_POINT ( 'NONE',  ( 1.151866342497820089E-05, 0.02494384536677880099, 6.769550198182370292E-15 ) ) ;
#1260 = CARTESIAN_POINT ( 'NONE',  ( -0.02349971695453369896, 0.005345421434886430193, 0.03944216707736820232 ) ) ;
#1261 = CARTESIAN_POINT ( 'NONE',  ( 0.1262846389679519454, 0.01869886441939024035, 0.03739772883878050153 ) ) ;
#1262 = CARTESIAN_POINT ( 'NONE',  ( 0.0003059846288083609882, -0.02498364165706489989, 0.006112485037378260176 ) ) ;
#1263 = ORIENTED_EDGE ( 'NONE', *, *, #1886, .T. ) ;
#1264 = CARTESIAN_POINT ( 'NONE',  ( -0.02512165982172699999, -5.240920250804330605E-05, 0.05812830946985550473 ) ) ;
#1265 = CARTESIAN_POINT ( 'NONE',  ( 0.02467353557584829951, 0.002736386267072260080, 0.02867959204957350183 ) ) ;
#1266 = CARTESIAN_POINT ( 'NONE',  ( -0.001994617183734249781, 0.02554214251774149930, 0.05440663782859799652 ) ) ;
#1267 = FACE_OUTER_BOUND ( 'NONE', #3283, .T. ) ;
#1268 = FACE_OUTER_BOUND ( 'NONE', #2555, .T. ) ;
#1269 = CARTESIAN_POINT ( 'NONE',  ( 0.0003549471759578880052, 0.02501248111518710251, 0.001278365629215719949 ) ) ;
#1270 = CARTESIAN_POINT ( 'NONE',  ( 0.002179466390596149737, 0.04149169152544689848, 0.03983547891524579637 ) ) ;
#1271 = CARTESIAN_POINT ( 'NONE',  ( 0.04221725481721219642, 3.466569458199039467E-05, -0.006890775929810960022 ) ) ;
#1272 = CARTESIAN_POINT ( 'NONE',  ( -0.003507399439301589917, -0.02384356602048099891, 0.01283964894212510054 ) ) ;
#1273 = CARTESIAN_POINT ( 'NONE',  ( 0.02361105812402740020, 0.004831200753331930595, 0.05150662683492239491 ) ) ;
#1274 = CARTESIAN_POINT ( 'NONE',  ( 0.02394226820604069758, -0.002752846122514080243, 0.006160217735606699635 ) ) ;
#1275 = CARTESIAN_POINT ( 'NONE',  ( 0.004345191493189199533, 0.02371616266847860130, 0.04984096976575549953 ) ) ;
#1276 = ORIENTED_EDGE ( 'NONE', *, *, #4200, .T. ) ;
#1277 = CARTESIAN_POINT ( 'NONE',  ( -0.01748184511945580222, -6.252188272924760098E-05, -0.01497609067570260070 ) ) ;
#1278 = CARTESIAN_POINT ( 'NONE',  ( 0.1326814563336177477, 0.01914736586798890250, 0.000000000000000000 ) ) ;
#1279 = CARTESIAN_POINT ( 'NONE',  ( 0.02512165982172520282, -9.620890453888199917E-05, 0.008107995930073290738 ) ) ;
#1280 = SURFACE_SIDE_STYLE ('',( #2704 ) ) ;
#1281 = CARTESIAN_POINT ( 'NONE',  ( -0.02501661339230195139, 0.0005223165024405730791, 5.159528130830660139E-05 ) ) ;
#1282 = CARTESIAN_POINT ( 'NONE',  ( 2.827826925055979814E-05, 0.02730257154696320160, 0.005735961721542260326 ) ) ;
#1283 = CARTESIAN_POINT ( 'NONE',  ( 0.0001973232016865889872, -0.02734131036354820257, 0.004164030710795389549 ) ) ;
#1284 = CARTESIAN_POINT ( 'NONE',  ( 3.493607690053429952E-05, -0.03330667567358780445, 0.0009215669100998709730 ) ) ;
#1285 =( NAMED_UNIT ( * ) SI_UNIT ( $, .STERADIAN. ) SOLID_ANGLE_UNIT ( ) );
#1286 = CARTESIAN_POINT ( 'NONE',  ( 0.02054999999999999882, -0.02054999999999999882, 0.07343700320369954404 ) ) ;
#1287 = CARTESIAN_POINT ( 'NONE',  ( 0.002540521954477020002, 0.02618887377311010164, 0.05109925407171039824 ) ) ;
#1288 = CARTESIAN_POINT ( 'NONE',  ( 0.02728830161330799906, 4.860720474097250486E-05, 0.006294174026215230110 ) ) ;
#1289 = CARTESIAN_POINT ( 'NONE',  ( -0.02399984883051450163, 0.002208776643292319989, 0.001914133044710259954 ) ) ;
#1290 = CARTESIAN_POINT ( 'NONE',  ( -0.02491581669105809999, -0.001041183969074979980, 0.01173570086719250005 ) ) ;
#1291 = CARTESIAN_POINT ( 'NONE',  ( -2.706870322097323911E-05, -0.02644090964587868589, 0.005598653514151982584 ) ) ;
#1292 = CARTESIAN_POINT ( 'NONE',  ( -0.02392472083671489877, 0.002902306213043499838, 0.007400197547140880197 ) ) ;
#1293 = EDGE_CURVE ( 'NONE', #5006, #4775, #1577, .T. ) ;
#1294 = CARTESIAN_POINT ( 'NONE',  ( 0.1588327224262097992, -0.02046602387686770677, -2.506365063207934310E-18 ) ) ;
#1295 = CARTESIAN_POINT ( 'NONE',  ( 0.0008665547797405939896, -0.02493366540287179911, 0.01032740159181359980 ) ) ;
#1296 = ORIENTED_EDGE ( 'NONE', *, *, #4891, .T. ) ;
#1297 = CARTESIAN_POINT ( 'NONE',  ( -0.02512165982172710060, -0.001435205218255189907, 0.05650321353124060364 ) ) ;
#1298 = CARTESIAN_POINT ( 'NONE',  ( 0.02450056781006230283, -0.003424057903563070167, 0.04135718486283640472 ) ) ;
#1299 = CARTESIAN_POINT ( 'NONE',  ( 0.002323244867788179773, 0.02615878235607049795, 0.02730217876217349779 ) ) ;
#1300 = CARTESIAN_POINT ( 'NONE',  ( -4.274984223633590416E-05, -0.02690960890523326834, 0.006174226967860170154 ) ) ;
#1301 = CARTESIAN_POINT ( 'NONE',  ( -2.828390166641510232E-05, -0.02729834969703550177, 0.005739622587699680367 ) ) ;
#1302 = CARTESIAN_POINT ( 'NONE',  ( -0.001898695966499669950, 0.02402509061074175126, -0.0003178911560645015415 ) ) ;
#1303 = CARTESIAN_POINT ( 'NONE',  ( 0.0002176085172533989882, 0.02512165982172390177, 0.008980559352771800424 ) ) ;
#1304 = CARTESIAN_POINT ( 'NONE',  ( -0.002701672326610970055, -0.02394808899845260117, 0.005743980448014470233 ) ) ;
#1305 = EDGE_LOOP ( 'NONE', ( #1310, #6121, #1451, #1584, #4583 ) ) ;
#1306 = LINE ( 'NONE', #818, #3863 ) ;
#1307 = VECTOR ( 'NONE', #377, 1.000000000000000000 ) ;
#1308 = CARTESIAN_POINT ( 'NONE',  ( 0.02382095773449269954, 0.003676080841255490155, 0.05690594312655140180 ) ) ;
#1309 = CARTESIAN_POINT ( 'NONE',  ( -0.001547820397486689929, 0.02405832192191280014, 0.05929720637961400503 ) ) ;
#1310 = ORIENTED_EDGE ( 'NONE', *, *, #1680, .T. ) ;
#1311 = CARTESIAN_POINT ( 'NONE',  ( -0.008740922559728430200, -0.002242260080300859972, 0.03837999318968689927 ) ) ;
#1312 = CARTESIAN_POINT ( 'NONE',  ( 0.08669250358634569831, -0.01509096685871386297, -1.848110425956272141E-18 ) ) ;
#1313 = CARTESIAN_POINT ( 'NONE',  ( 0.04967670737729789482, -0.0008887940599424289925, -0.007417489042003190189 ) ) ;
#1314 = DIRECTION ( 'NONE',  ( 1.000000000000000000, 0.000000000000000000, 0.000000000000000000 ) ) ;
#1315 = CARTESIAN_POINT ( 'NONE',  ( -0.02667038760805660186, 0.0005548391061728500306, 0.002556828801278479904 ) ) ;
#1316 = CARTESIAN_POINT ( 'NONE',  ( 0.02398490362383350061, 0.002352930155506269792, 0.003344674423864589866 ) ) ;
#1317 = CARTESIAN_POINT ( 'NONE',  ( 0.0007799813457701650077, -0.02739558598756410002, 0.0001433962210790359990 ) ) ;
#1318 = CARTESIAN_POINT ( 'NONE',  ( -0.000000000000000000, 0.001542353187235514416, 0.04854470111860787612 ) ) ;
#1319 = APPLICATION_PROTOCOL_DEFINITION ( 'draft international standard', 'automotive_design', 1998, #2995 ) ;
#1320 = CARTESIAN_POINT ( 'NONE',  ( -0.02409999999999998949, 0.02409999999999998949, 0.06175378874876467222 ) ) ;
#1321 = CARTESIAN_POINT ( 'NONE',  ( 0.0009810111638663770138, 0.02712099258935820115, 0.01319323363807430038 ) ) ;
#1322 = CARTESIAN_POINT ( 'NONE',  ( 0.02664886743402920116, 0.002691913913184790143, 0.03295499045022510370 ) ) ;
#1323 = CARTESIAN_POINT ( 'NONE',  ( -0.0005195640261177600014, -0.02501654631110260263, 7.173554567547549819E-05 ) ) ;
#1324 = CARTESIAN_POINT ( 'NONE',  ( -0.02445500966879239971, 0.003284508886278830059, 0.04879337701444710212 ) ) ;
#1325 = CARTESIAN_POINT ( 'NONE',  ( 7.500976252172769827E-05, -0.04967670737730149610, 0.03662082091003460160 ) ) ;
#1326 = CARTESIAN_POINT ( 'NONE',  ( -0.02394808899845260117, 0.002701672326610970055, 0.005743980448014470233 ) ) ;
#1327 = CARTESIAN_POINT ( 'NONE',  ( -0.02620102054585151871, -0.002478533158692449150, 0.05110757098220940209 ) ) ;
#1328 = CARTESIAN_POINT ( 'NONE',  ( -0.002310772819046599640, -0.02475003800951739927, 0.02300800401049719890 ) ) ;
#1329 = CARTESIAN_POINT ( 'NONE',  ( -0.03330667567358450154, 0.003010080466150619888, 0.03916842190989110184 ) ) ;
#1330 = CARTESIAN_POINT ( 'NONE',  ( 0.02447871086171880123, 0.003354151869008910065, 0.04557888014357819317 ) ) ;
#1331 = EDGE_CURVE ( 'NONE', #1788, #980, #3943, .T. ) ;
#1332 = CARTESIAN_POINT ( 'NONE',  ( -0.002739646662265110034, 0.02601468555617600029, 0.03435650013715359913 ) ) ;
#1333 = CARTESIAN_POINT ( 'NONE',  ( -0.02394806709282320048, 0.002701866494876040137, 0.005745509008844480042 ) ) ;
#1334 = CARTESIAN_POINT ( 'NONE',  ( 0.000000000000000000, -0.02409999999999999296, 0.06813473812597234391 ) ) ;
#1335 = CARTESIAN_POINT ( 'NONE',  ( 0.002761450477331379647, 0.02512165982172420015, 0.03281880737046490026 ) ) ;
#1336 = CARTESIAN_POINT ( 'NONE',  ( -0.003718395238307180186, -0.02381308896756439974, 0.05688335858868900224 ) ) ;
#1337 = CARTESIAN_POINT ( 'NONE',  ( 0.02690960892974274613, -4.274984057328744816E-05, 0.006174226963773180726 ) ) ;
#1338 = CARTESIAN_POINT ( 'NONE',  ( 0.02377726153769929920, -0.003931670877361149834, 0.01710313294858610209 ) ) ;
#1339 = CARTESIAN_POINT ( 'NONE',  ( -0.002750343630463289793, 0.02395830414147069945, 0.01438808158197170048 ) ) ;
#1340 = VERTEX_POINT ( 'NONE', #5436 ) ;
#1341 = CARTESIAN_POINT ( 'NONE',  ( 4.860720474025165272E-05, -0.02728830161330454349, 0.006294174026211570711 ) ) ;
#1342 = CARTESIAN_POINT ( 'NONE',  ( 0.04852371010633722836, -0.01025504949985577181, -0.02051009899971154363 ) ) ;
#1343 = CARTESIAN_POINT ( 'NONE',  ( 0.03330667567358359948, -0.003043567689573889803, 0.03570685531309390065 ) ) ;
#1344 = CARTESIAN_POINT ( 'NONE',  ( -0.002065051487404129683, 0.02401148678394350242, 0.001022367487964899978 ) ) ;
#1345 = CARTESIAN_POINT ( 'NONE',  ( -0.001938162438590989916, 0.02402193843888615274, 0.000000000000000000 ) ) ;
#1346 = CARTESIAN_POINT ( 'NONE',  ( 0.001009054469035411969, 0.02409627225379000134, -0.0001751297032767799888 ) ) ;
#1347 = CARTESIAN_POINT ( 'NONE',  ( -0.000000000000000000, -0.001256893050456107854, 0.04917845092198305096 ) ) ;
#1348 = PRODUCT_DEFINITION_FORMATION_WITH_SPECIFIED_SOURCE ( 'ANY', '', #5619, .NOT_KNOWN. ) ;
#1349 =( NAMED_UNIT ( * ) PLANE_ANGLE_UNIT ( ) SI_UNIT ( $, .RADIAN. ) );
#1350 = CARTESIAN_POINT ( 'NONE',  ( -0.02402303517297550012, 0.001924520999621039900, -0.0002883810629961540179 ) ) ;
#1351 = CARTESIAN_POINT ( 'NONE',  ( -0.0009257944601756070042, 0.02712924287002620172, 0.01321886652929430035 ) ) ;
#1352 = CARTESIAN_POINT ( 'NONE',  ( 0.1326814563336177477, 0.01914736586798890250, 0.000000000000000000 ) ) ;
#1353 = CARTESIAN_POINT ( 'NONE',  ( 5.616068256047080151E-05, -0.02499692794514470073, 0.004294654461131929696 ) ) ;
#1354 = CARTESIAN_POINT ( 'NONE',  ( -0.02466482139441910151, 0.002792709775309749985, 0.02866503910523910195 ) ) ;
#1355 = CARTESIAN_POINT ( 'NONE',  ( 0.0005472087747356460617, -0.03330667567358780445, 0.05076515381958289497 ) ) ;
#1356 = CARTESIAN_POINT ( 'NONE',  ( 0.02372003706178299823, -0.004269969784945119515, 0.05507890354197409605 ) ) ;
#1357 = CARTESIAN_POINT ( 'NONE',  ( -0.003042792348231480003, -0.02582714931037900091, 0.04275553577325109933 ) ) ;
#1358 = CARTESIAN_POINT ( 'NONE',  ( -0.03330667567358500114, -0.002274832878483359910, 0.04623619831534880181 ) ) ;
#1359 = CARTESIAN_POINT ( 'NONE',  ( 0.02519698195140479893, -0.001156159711582239883, 0.05721401862410779859 ) ) ;
#1360 = CARTESIAN_POINT ( 'NONE',  ( 0.003011851988047919808, 0.02636946469469830107, 0.04413958058085079572 ) ) ;
#1361 = CARTESIAN_POINT ( 'NONE',  ( -0.02369599347892150168, 0.004395520584357819928, 0.02232055012651069925 ) ) ;
#1362 = DIRECTION ( 'NONE',  ( -1.000000000000000000, -0.000000000000000000, -0.000000000000000000 ) ) ;
#1363 = CARTESIAN_POINT ( 'NONE',  ( 0.001277631744305060069, 0.02512165982172400239, 0.05696629148721150254 ) ) ;
#1364 = CARTESIAN_POINT ( 'NONE',  ( -0.002492481360208550004, -0.02398686317454349834, 0.01152663380637589975 ) ) ;
#1365 = ORIENTED_EDGE ( 'NONE', *, *, #4974, .F. ) ;
#1366 = CARTESIAN_POINT ( 'NONE',  ( 0.002278131206237310295, -0.02399212372182039921, 0.002740966859785840242 ) ) ;
#1367 = CARTESIAN_POINT ( 'NONE',  ( 0.02356456564794520009, -0.005052459105150360237, 0.04991730373320159980 ) ) ;
#1368 = AXIS2_PLACEMENT_3D ( 'NONE', #500, #3974, #3029 ) ;
#1369 = CARTESIAN_POINT ( 'NONE',  ( -0.002897381135678959909, 0.02394078131002159993, 0.01580817145227949791 ) ) ;
#1370 = CARTESIAN_POINT ( 'NONE',  ( -0.002477421891198460999, -0.02674030495449726541, 0.02872017929682229090 ) ) ;
#1371 = CARTESIAN_POINT ( 'NONE',  ( 0.08669250358634569831, 0.01509096685871386297, -0.03018193371742771899 ) ) ;
#1372 = CARTESIAN_POINT ( 'NONE',  ( 0.04149169152544469885, -0.002760980262092829762, 0.01849848874691739989 ) ) ;
#1373 = CARTESIAN_POINT ( 'NONE',  ( -0.002278131210122030098, 0.02399212372141610108, 0.002740966859490049940 ) ) ;
#1374 = CARTESIAN_POINT ( 'NONE',  ( 2.735447296093380021E-05, 0.04221866210052149793, -0.007332728653060130442 ) ) ;
#1375 = CARTESIAN_POINT ( 'NONE',  ( -0.02622276767918369986, 6.274553938621750407E-05, -0.02263436375411089982 ) ) ;
#1376 = CARTESIAN_POINT ( 'NONE',  ( -0.000000000000000000, -0.002816634574022899244, 0.02837184492494198781 ) ) ;
#1377 = CARTESIAN_POINT ( 'NONE',  ( -0.02409999999999999296, 0.000000000000000000, 0.06813473812597234391 ) ) ;
#1378 = CARTESIAN_POINT ( 'NONE',  ( -0.0009436238395755410218, 0.02559124557619949988, 0.05708677043889159863 ) ) ;
#1379 = CARTESIAN_POINT ( 'NONE',  ( -0.002984339788984059858, 0.04967670737729979608, 0.02208792028287009934 ) ) ;
#1380 = CARTESIAN_POINT ( 'NONE',  ( 2.337689447587550017E-05, -0.02730296388982569877, 0.006102003917627440120 ) ) ;
#1381 = CARTESIAN_POINT ( 'NONE',  ( -0.02661400332230140151, 6.409386117302870532E-05, 0.006575706287189130722 ) ) ;
#1382 = CARTESIAN_POINT ( 'NONE',  ( -0.002760980262092850145, -0.04149169152544669725, 0.01849848874691569986 ) ) ;
#1383 = CARTESIAN_POINT ( 'NONE',  ( 0.02349865704628609914, -0.005350070645823370649, 0.03991806078738729946 ) ) ;
#1384 = CARTESIAN_POINT ( 'NONE',  ( -0.0008938826349868550123, -0.02506253476813050107, 0.05767898524203619870 ) ) ;
#1385 = CARTESIAN_POINT ( 'NONE',  ( -0.03330667567358470277, -5.040379890041480130E-05, 0.001031979969457639959 ) ) ;
#1386 = CARTESIAN_POINT ( 'NONE',  ( 0.02622179265552339669, -0.002084465431235150209, 0.02447843411820240303 ) ) ;
#1387 = CARTESIAN_POINT ( 'NONE',  ( 9.625987533507920153E-05, 0.02729326845591339978, 0.006208221169549970296 ) ) ;
#1388 = CARTESIAN_POINT ( 'NONE',  ( -0.02380722278255509999, -0.003746033299309469745, 0.01571251741894569981 ) ) ;
#1389 = CARTESIAN_POINT ( 'NONE',  ( -3.331159113589920279E-05, 0.02729982896176980089, 0.006175217704936319593 ) ) ;
#1390 = CARTESIAN_POINT ( 'NONE',  ( -0.002567601268636920085, 0.04149169152544830014, 0.03714033330995820253 ) ) ;
#1391 = CARTESIAN_POINT ( 'NONE',  ( 0.003307510979769529881, -0.02387212479432669968, 0.01144394658816999880 ) ) ;
#1392 = CARTESIAN_POINT ( 'NONE',  ( -0.002575290905111700043, -0.04967670737730519454, 0.03023284672936920117 ) ) ;
#1393 = CARTESIAN_POINT ( 'NONE',  ( 0.02369717070847660034, -0.004459269784541920224, 0.03566879790235640002 ) ) ;
#1394 = CARTESIAN_POINT ( 'NONE',  ( -0.002441912443894449919, 0.02399209503166310070, 0.01155073258436400095 ) ) ;
#1395 = CARTESIAN_POINT ( 'NONE',  ( -0.002135180458069570533, -0.02607982997070648623, 0.05352132943448081881 ) ) ;
#1396 = CARTESIAN_POINT ( 'NONE',  ( 0.1186122119539707587, 0.01810906441835612168, 0.000000000000000000 ) ) ;
#1397 = CARTESIAN_POINT ( 'NONE',  ( 0.03330667567358380071, 0.0005472087747356430259, 0.05076515381958649625 ) ) ;
#1398 = CARTESIAN_POINT ( 'NONE',  ( 0.003746039837062190014, -0.02380722170279469738, 0.01571251381746299747 ) ) ;
#1399 = VERTEX_POINT ( 'NONE', #985 ) ;
#1400 = CARTESIAN_POINT ( 'NONE',  ( 9.077854432678890114E-05, 0.04221866210052149793, -0.006889324062620460522 ) ) ;
#1401 = CARTESIAN_POINT ( 'NONE',  ( 0.000000000000000000, 0.0001030434295637759981, 0.0005964358413391469826 ) ) ;
#1402 = CARTESIAN_POINT ( 'NONE',  ( -0.000000000000000000, -0.002275228297804636219, 0.02005950096976879052 ) ) ;
#1403 = CARTESIAN_POINT ( 'NONE',  ( -0.02409999999999999296, -0.02409999999999999296, 0.06813473812597228840 ) ) ;
#1404 = CARTESIAN_POINT ( 'NONE',  ( -0.002309961096991380337, 0.02678711462755459932, 0.02732709011436069979 ) ) ;
#1405 = CARTESIAN_POINT ( 'NONE',  ( 0.001263013066965950042, 0.04967670737730139896, 0.03548486484308169958 ) ) ;
#1406 = CARTESIAN_POINT ( 'NONE',  ( 0.0002924059133060720223, -0.02498488215160910020, 0.006028610625868970584 ) ) ;
#1407 = CARTESIAN_POINT ( 'NONE',  ( -0.02571065363096059972, 0.002834047316953240258, 0.04873226932125229727 ) ) ;
#1408 = CARTESIAN_POINT ( 'NONE',  ( -0.002409679725432139780, -0.03330667567358819997, 0.04570040707104689598 ) ) ;
#1409 = CARTESIAN_POINT ( 'NONE',  ( 0.002703933829917660146, 0.02394783383507989930, 0.005761784498866419357 ) ) ;
#1410 = FACE_OUTER_BOUND ( 'NONE', #3550, .T. ) ;
#1411 = CARTESIAN_POINT ( 'NONE',  ( 0.002633933899941540320, -0.02605553534960660181, 0.03248037868140080109 ) ) ;
#1412 = EDGE_CURVE ( 'NONE', #2979, #2071, #2739, .T. ) ;
#1413 = CARTESIAN_POINT ( 'NONE',  ( -0.03330667567358470277, -0.0003620939033791719958, 0.003307482622662320185 ) ) ;
#1414 = CARTESIAN_POINT ( 'NONE',  ( 0.02586731205210050094, 0.002969967577455579887, 0.04137883358605609629 ) ) ;
#1415 = CARTESIAN_POINT ( 'NONE',  ( 0.002473925925200439781, 0.02674031484346390056, 0.02871982357387710058 ) ) ;
#1416 = CARTESIAN_POINT ( 'NONE',  ( -0.02374134565259950272, -0.004142933773752299764, 0.01998187628046490041 ) ) ;
#1417 = CARTESIAN_POINT ( 'NONE',  ( 0.0005724932093984645871, 0.02446730543952009562, -6.911788849595092693E-19 ) ) ;
#1418 = CARTESIAN_POINT ( 'NONE',  ( 0.001517258888832789983, 0.02512165982172400239, 0.05644661915634889560 ) ) ;
#1419 = CARTESIAN_POINT ( 'NONE',  ( -0.001876644676759379885, -0.02404353056855689993, 0.006372667363202069377 ) ) ;
#1420 = ORIENTED_EDGE ( 'NONE', *, *, #5808, .F. ) ;
#1421 = CARTESIAN_POINT ( 'NONE',  ( 0.002652806461803000095, -0.02395355126310079810, 0.005767368159644280581 ) ) ;
#1422 = CARTESIAN_POINT ( 'NONE',  ( 0.02374331476203449948, -0.004192531043409270311, 0.05139687950165280211 ) ) ;
#1423 = CARTESIAN_POINT ( 'NONE',  ( -0.004135839358774509762, 0.02375330821328140024, 0.05140624506889500400 ) ) ;
#1424 = CARTESIAN_POINT ( 'NONE',  ( 0.02530438408643034126, -1.741218899633148573E-05, 0.002248336953093058553 ) ) ;
#1425 = CARTESIAN_POINT ( 'NONE',  ( 0.002959725417395148682, -0.02648003025364077667, 0.03998049085098779459 ) ) ;
#1426 = CARTESIAN_POINT ( 'NONE',  ( 0.1637415884084692519, -0.02056046466939305886, -0.04112092933878611772 ) ) ;
#1427 = CARTESIAN_POINT ( 'NONE',  ( 0.02512165982172529996, 0.0005401527661486729475, 0.05793822995962619876 ) ) ;
#1428 = CARTESIAN_POINT ( 'NONE',  ( 0.005123424762045160168, -0.02354916251900490004, 0.03420902402803329551 ) ) ;
#1429 = CARTESIAN_POINT ( 'NONE',  ( 0.02403683836461200513, 0.001753537979893419986, -7.069753232118120286E-19 ) ) ;
#1430 = CARTESIAN_POINT ( 'NONE',  ( 0.4570000000000000173, 0.000000000000000000, 0.01899999999999999953 ) ) ;
#1431 = CARTESIAN_POINT ( 'NONE',  ( -0.000000000000000000, -0.001997653487211753422, 0.04701042756210974810 ) ) ;
#1432 = CARTESIAN_POINT ( 'NONE',  ( -0.02523532560750445936, 0.0005141631146507898284, 0.05788501225493042357 ) ) ;
#1433 = CARTESIAN_POINT ( 'NONE',  ( -0.02402345093363239883, 0.001919331223626649999, -0.0003285862118421235020 ) ) ;
#1434 = CARTESIAN_POINT ( 'NONE',  ( -0.01748184511945580222, -6.174576683837549934E-05, -0.01498161174479489995 ) ) ;
#1435 = CARTESIAN_POINT ( 'NONE',  ( 0.04852371010633722836, 0.01025504949985577355, 0.000000000000000000 ) ) ;
#1436 = CARTESIAN_POINT ( 'NONE',  ( 0.02409999999999999989, 0.000000000000000000, 0.06175378874876469998 ) ) ;
#1437 = AXIS2_PLACEMENT_3D ( 'NONE', #3793, #1857, #4388 ) ;
#1438 = CARTESIAN_POINT ( 'NONE',  ( -0.02519694237361649880, 0.001156042890379820141, 0.05721403914353530296 ) ) ;
#1439 = CARTESIAN_POINT ( 'NONE',  ( -0.001267888313791850144, -0.04149169152544499722, 0.04264535186714109999 ) ) ;
#1440 = CARTESIAN_POINT ( 'NONE',  ( 0.02382162215305419842, -0.003653403958872019925, 0.01426023854602710000 ) ) ;
#1441 = CARTESIAN_POINT ( 'NONE',  ( -0.0001383235362190150016, 0.02499304943469240342, 0.004897882175321100623 ) ) ;
#1442 = CARTESIAN_POINT ( 'NONE',  ( -0.001076990616522390106, -0.02643853441664910028, 0.01459875134197080072 ) ) ;
#1443 = CARTESIAN_POINT ( 'NONE',  ( -0.04967670737729629887, -0.0008349623323015490902, -0.007411838175165389592 ) ) ;
#1444 = MECHANICAL_DESIGN_GEOMETRIC_PRESENTATION_REPRESENTATION (  '', ( #623 ), #4561 ) ;
#1445 = CARTESIAN_POINT ( 'NONE',  ( 0.02609572216524329996, -0.002536232124965700357, 0.03012437979972990010 ) ) ;
#1446 = CARTESIAN_POINT ( 'NONE',  ( 9.206982539356019701E-05, 0.02730261219899659739, 0.006170782889808869472 ) ) ;
#1447 = CARTESIAN_POINT ( 'NONE',  ( -0.02357975554688889960, -0.004981373258622330026, 0.03135648624888359715 ) ) ;
#1448 = CARTESIAN_POINT ( 'NONE',  ( 0.02729982896176980089, 3.331159113581039986E-05, 0.006175217704935669939 ) ) ;
#1449 = CARTESIAN_POINT ( 'NONE',  ( 0.001267888313791839952, 0.04149169152544249922, 0.04264535186714320247 ) ) ;
#1450 = CARTESIAN_POINT ( 'NONE',  ( -0.001889667358224909844, -0.02404250859044300068, 0.006475582632711439357 ) ) ;
#1451 = ORIENTED_EDGE ( 'NONE', *, *, #1293, .T. ) ;
#1452 = CARTESIAN_POINT ( 'NONE',  ( 0.001979508078096250002, -0.04967670737730149610, 0.03327148758153540553 ) ) ;
#1453 = CARTESIAN_POINT ( 'NONE',  ( 0.02380577332968110069, -0.003844716503064379842, 0.02571463289451030032 ) ) ;
#1454 = B_SPLINE_SURFACE_WITH_KNOTS ( 'NONE', 3, 3, ( 
 ( #3740, #3808, #1333, #2266, #5224, #5685, #2849, #1780, #3776, #5260, #5191, #5292, #2365, #813, #2784, #1361, #1812, #3345, #336, #2303, #5324, #4287, #879, #396, #3705, #1232, #2723, #269, #4703, #2456, #6340, #510, #4403, #4435, #5484, #3439, #4991, #3925, #424, #2397, #1965, #6397, #39, #1996, #1869, #1517, #3867, #3504, #1031, #5905, #907, #2974, #2938, #6, #3956, #1447, #3987, #5843, #4469, #935, #1416, #2909, #4958, #1388, #3471, #999, #4893, #3009, #5971, #5448, #5874, #1931, #2879, #5417 ),
 ( #451, #5386, #543, #4346, #2487, #5940, #966, #3374, #5354, #4858, #2424, #4373, #6368, #481, #3895, #1481, #1901, #4921, #3406, #4536, #5023, #102, #6105, #575, #5149, #2618, #3077, #5515, #4147, #668, #4630, #6071, #1065, #3107, #607, #3538, #1580, #2651, #2551, #196, #2029, #4566, #2059, #6136, #3568, #1644, #4022, #1130, #5579, #4053, #165, #2127, #5545, #6039, #6002, #5643, #1097, #5053, #2584, #1548, #4119, #3632, #133, #2093, #4085, #5085, #1673, #641, #3043, #1613, #4598, #4503, #5115, #3601 ),
 ( #5610, #1161, #3141, #2158, #2517, #3664, #1189, #3171, #69, #5802, #6268, #2683, #360, #3266, #4661, #5675, #4760, #1833, #1354, #5739, #5772, #5180, #4312, #1771, #2193, #3729, #4177, #6168, #1738, #1324, #1706, #259, #5284, #2257, #841, #2809, #3697, #5706, #1258, #2776, #3337, #2746, #3202, #4794, #6298, #735, #2714, #6200, #3235, #5213, #3767, #701, #4245, #326, #2293, #769, #4728, #228, #293, #4693, #1223, #2224, #2325, #6235, #4211, #3829, #1290, #1804, #5250, #802, #4278, #3798, #3302, #1923 ),
 ( #6330, #4365, #5440, #5345, #3463, #4821, #926, #1381, #2480, #6359, #4427, #389, #3916, #5897, #3366, #2930, #4913, #1893, #4849, #2356, #1988, #415, #900, #3886, #4339, #473, #2448, #5865, #1507, #1407, #4883, #4950, #5408, #4461, #1438, #3397, #218, #5378, #5836, #1862, #3429, #958, #2900, #3858, #443, #3977, #2416, #31, #3948, #4394, #1956, #5930, #990, #5962, #1471, #2388, #6388, #2871, #2966, #503, #5316, #872, #2839, #4013, #5475, #4140, #1571, #661, #4045, #5571, #3496, #188, #6029, #567 ),
 ( #61, #1603, #1023, #6096, #3561, #3593, #4621, #2575, #6129, #3067, #5994, #1540, #1122, #5537, #5603, #1152, #2999, #2642, #4982, #2150, #536, #5045, #2020, #2116, #2084, #3099, #5077, #599, #3133, #2508, #3623, #94, #2542, #2051, #4110, #4494, #2610, #157, #1088, #3529, #5107, #4590, #5014, #4558, #5506, #126, #1057, #4527, #1636, #4077, #6063, #3033, #632, #4271, #3260, #1732, #2802, #3164, #2677, #4687, #353, #6261, #4238, #1215, #6227, #222, #5207, #1795, #3689, #4172, #5669, #5242, #6161, #4303 ) ),
 .UNSPECIFIED., .F., .F., .F.,
 ( 4, 1, 4 ),
 ( 4, 2, 1, 1, 1, 1, 1, 1, 1, 1, 1, 1, 1, 1, 1, 1, 1, 1, 1, 1, 1, 1, 1, 1, 1, 1, 1, 1, 1, 1, 1, 1, 1, 1, 1, 1, 1, 1, 1, 1, 1, 1, 1, 1, 1, 1, 1, 1, 1, 1, 1, 1, 1, 1, 1, 1, 1, 1, 1, 1, 1, 1, 1, 1, 1, 1, 1, 1, 1, 1, 4 ),
 ( 0.000000000000000000, 0.5714285714285709528, 1.000000000000000000 ),
 ( -0.0004632816516960870266, 0.000000000000000000, 0.004469548000589709975, 0.008939096001179419951, 0.01787819200235880174, 0.03575638400471770062, 0.07151276800943530410, 0.1430255360188709968, 0.2860510720377409943, 0.5721021440754829879, 0.8581532161132240377, 1.144204288150969973, 1.430255360188710023, 1.716306432226450074, 1.859331968245319988, 2.002357504264189902, 2.288408576301930175, 2.574459648339670004, 2.717485184358540362, 2.860510720377410276, 3.146561792415149661, 3.432612864452899704, 3.575638400471770062, 3.718663936490639976, 3.861689472509509891, 4.004715008528379805, 4.147740544547249719, 4.290766080566119633, 4.576817152603860350, 4.767517867295690159, 4.958218581987519968, 5.148919296679340007, 5.339620011371169817, 5.530320726062999626, 5.721021440754830323, 5.911722155446650362, 6.102422870138480171, 6.293123584830309980, 6.483824299522140677, 6.674525014213959828, 6.865225728905789637, 7.008251264924659552, 7.151276800943529466, 7.294302336962400268, 7.437327872981270183, 7.580353409000149867, 7.723378945019019781, 7.866404481037889695, 8.009430017056761386, 8.152455553075631300, 8.295481089094499438, 8.438506625113369353, 8.581532161132239267, 8.867583233169979096, 9.153634305207720701, 9.439685377245458753, 9.725736449283200358, 9.868761985302080930, 10.01178752132090111, 10.15481305733979944, 10.29783859335869955, 10.44086412937759967, 10.58388966539640030, 10.72691520141530042, 10.86994073743420053, 11.01296627345299939, 11.15599180947190128, 11.29901734549080139, 11.37053011350019993, 11.40628649750489920, 11.44204288150970150 ),
 .UNSPECIFIED. ) ;
#1455 = CARTESIAN_POINT ( 'NONE',  ( -0.004460535143131549862, 0.02369679917496259752, 0.03709601879625329390 ) ) ;
#1456 = CARTESIAN_POINT ( 'NONE',  ( 0.02730659893060220084, -2.828339077276920173E-05, 0.005732395045064299886 ) ) ;
#1457 = CARTESIAN_POINT ( 'NONE',  ( 0.0001446863794110332072, -0.02727372978816455448, 0.006998958361461140101 ) ) ;
#1458 = CARTESIAN_POINT ( 'NONE',  ( -0.02406924863238507628, -0.001573464890822139257, 2.134523027080836854E-19 ) ) ;
#1459 = ORIENTED_EDGE ( 'NONE', *, *, #759, .T. ) ;
#1460 = CARTESIAN_POINT ( 'NONE',  ( 0.03330667567358390480, 0.0009311845415903899879, 0.05030058685989789724 ) ) ;
#1461 = CARTESIAN_POINT ( 'NONE',  ( -0.0003586059067324990474, 0.04967670737730019853, -0.01106837121146690001 ) ) ;
#1462 = FACE_OUTER_BOUND ( 'NONE', #3936, .T. ) ;
#1463 = CARTESIAN_POINT ( 'NONE',  ( 6.859172403312460566E-06, 0.02663293325692750110, 0.006175853502980770127 ) ) ;
#1464 = CARTESIAN_POINT ( 'NONE',  ( 6.313662641630559816E-06, 0.04967670737730060099, -0.01372070392779610112 ) ) ;
#1465 = CARTESIAN_POINT ( 'NONE',  ( -0.02715591200605860581, 0.0008167679827745902591, 0.01178474517897709975 ) ) ;
#1466 = CARTESIAN_POINT ( 'NONE',  ( -0.02729839739665314985, -3.460151092796910497E-05, 0.006185642976533210075 ) ) ;
#1467 = CARTESIAN_POINT ( 'NONE',  ( -0.002928522685764370012, 0.02651331530471669889, 0.03857782875598349953 ) ) ;
#1468 = B_SPLINE_CURVE_WITH_KNOTS ( 'NONE', 3,
 ( #3222, #4714, #6155, #280, #2244, #6187, #1692, #2143, #2636, #1726, #6221, #1758, #5629, #5726, #3255, #4747, #4614, #312, #4264, #1789, #3785, #5331, #4414, #1370, #2886, #823, #3934, #3353, #4327, #459, #3322, #4354, #3904, #1909, #1395, #5916, #3414, #4380, #5819, #3383, #5882, #5302, #858, #4866, #2858, #2918, #4901, #4780, #6407, #1849, #2433, #345, #945, #3817, #1425, #5850, #5362, #431, #403, #4836, #4808, #2825, #375, #2343, #6375, #6316, #3448, #914, #887, #5791, #1941, #5396, #1457, #6347, #1341, #2404 ),
 .UNSPECIFIED., .F., .F.,
 ( 4, 1, 1, 1, 1, 1, 1, 1, 1, 1, 1, 1, 1, 1, 1, 1, 1, 1, 1, 1, 1, 1, 1, 1, 1, 1, 1, 1, 1, 1, 1, 1, 1, 1, 1, 1, 1, 1, 1, 1, 1, 1, 1, 1, 1, 1, 1, 1, 1, 1, 1, 1, 1, 1, 1, 1, 1, 1, 1, 1, 1, 1, 1, 1, 1, 1, 1, 1, 1, 1, 1, 1, 1, 4 ),
 ( 0.000000000000000000, 0.0003905887817776952414, 0.0007812137819508685336, 0.001562463782297215335, 0.003124963782989909587, 0.004687463783682602539, 0.005468713784028948581, 0.005859338784202122036, 0.006054651284288704860, 0.006152307534331999742, 0.006249963784375295490, 0.01249996378714610459, 0.02499996379268759963, 0.03749996379822918835, 0.04999996380377067645, 0.06249996380931226170, 0.07499996381485375674, 0.08749996382039525178, 0.09999996382593667743, 0.1249999638370203614, 0.1499999638481031849, 0.1749999638591859807, 0.1999999638702687765, 0.2249999638813524605, 0.2499999638924352841, 0.2749999639035180521, 0.2999999639146017638, 0.3249999639256845874, 0.3499999639367674109, 0.3749999639478510671, 0.3874999639533925344, 0.3999999639589339462, 0.4124999639644753024, 0.4249999639700167697, 0.4374999639755581815, 0.4499999639811004259, 0.4624999639866418377, 0.4749999639921831940, 0.4874999639977246613, 0.4999999640032660730, 0.5124999640088074848, 0.5249999640143488966, 0.5374999640198910855, 0.5499999640254324973, 0.5624999640309740201, 0.5749999640365153208, 0.5874999640420568436, 0.5999999640475982554, 0.6166666307216539522, 0.6333332973957088718, 0.6499999640697646797, 0.6666666307438204875, 0.6833332974178754071, 0.6999999640919314370, 0.7166666307659860236, 0.7333332974400419424, 0.7499999641140968620, 0.7666666307881525588, 0.7833332974622077005, 0.7999999641362633973, 0.8249999641473462209, 0.8499999641584291554, 0.8749999641695118680, 0.8999999641805964679, 0.9124999641861344379, 0.9249999641916810678, 0.9374999641972189268, 0.9499999642027654456, 0.9624999642083034157, 0.9749999642138414968, 0.9874999642193881266, 0.9937499642221570006, 0.9968749642235413821, 0.9999999642249259857 ),
 .UNSPECIFIED. ) ;
#1469 = CARTESIAN_POINT ( 'NONE',  ( 0.006914616367353527970, 0.002506122140752170720, 0.000000000000000000 ) ) ;
#1470 = CARTESIAN_POINT ( 'NONE',  ( -0.02352018519111390149, -0.005254676635319309973, 0.04565834106941079468 ) ) ;
#1471 = CARTESIAN_POINT ( 'NONE',  ( -0.02602480195943469854, -0.002716579270985859836, 0.03388753197349069629 ) ) ;
#1472 = CARTESIAN_POINT ( 'NONE',  ( 0.001708011961370709984, -0.04149169152544429640, 0.04142150017854310390 ) ) ;
#1473 = CARTESIAN_POINT ( 'NONE',  ( 0.02377726153769929920, -0.003931670877361149834, 0.01710313294858610209 ) ) ;
#1474 = EDGE_CURVE ( 'NONE', #43, #2719, #1052, .T. ) ;
#1475 = CARTESIAN_POINT ( 'NONE',  ( 2.597352136338119881E-05, 0.02500049703487219888, 0.003691281244058980306 ) ) ;
#1476 = CARTESIAN_POINT ( 'NONE',  ( -0.002436650407498089799, -0.02612716632742560080, 0.02871381091873330058 ) ) ;
#1477 = CARTESIAN_POINT ( 'NONE',  ( -0.04967670737730119773, -0.002802146681435900046, 0.02746641082889179908 ) ) ;
#1478 = CARTESIAN_POINT ( 'NONE',  ( 0.02577350811547689940, -0.002990926772763090151, 0.04552713251279329881 ) ) ;
#1479 = CARTESIAN_POINT ( 'NONE',  ( 3.085700922353170082E-05, 0.02511056406348019868, 0.05810745760738740551 ) ) ;
#1480 = EDGE_CURVE ( 'NONE', #4164, #3215, #3584, .T. ) ;
#1481 = CARTESIAN_POINT ( 'NONE',  ( -0.02384848075887910021, 0.003573167138547139830, 0.02239952697794900249 ) ) ;
#1482 = CARTESIAN_POINT ( 'NONE',  ( -0.02409999999999999989, 2.951398785945121396E-18, 0.000000000000000000 ) ) ;
#1483 = CARTESIAN_POINT ( 'NONE',  ( 0.01934902983291604539, 0.005342002697548648392, 0.01068400539509730199 ) ) ;
#1484 = CARTESIAN_POINT ( 'NONE',  ( -0.002020772441817400046, -0.02403187008829999957, 0.007519718656184590060 ) ) ;
#1485 = VERTEX_POINT ( 'NONE', #5567 ) ;
#1486 = CARTESIAN_POINT ( 'NONE',  ( 0.0005601296105389899464, -0.04967670737730099650, 0.03641852703635650029 ) ) ;
#1487 = CARTESIAN_POINT ( 'NONE',  ( 0.02371616044080539915, -0.004345179691164490453, 0.04984098845406120110 ) ) ;
#1488 = CARTESIAN_POINT ( 'NONE',  ( -0.0003556442655296219568, 0.02497885526010660065, 0.006460849834223120550 ) ) ;
#1489 = CARTESIAN_POINT ( 'NONE',  ( 0.02405212209754799962, 0.001762932965939360006, 0.005896404036842349539 ) ) ;
#1490 = CARTESIAN_POINT ( 'NONE',  ( 0.02712101462822219533, -0.0009810176069373565365, 0.01319325864785469982 ) ) ;
#1491 = CARTESIAN_POINT ( 'NONE',  ( 0.001961742402361319870, 0.02402002429093630029, 2.612695319706949787E-19 ) ) ;
#1492 = ORIENTED_EDGE ( 'NONE', *, *, #4449, .T. ) ;
#1493 = CARTESIAN_POINT ( 'NONE',  ( 0.04967670737729990016, 0.002281293988873620351, 0.03187117607420240223 ) ) ;
#1494 = PRODUCT_DEFINITION ( 'UNKNOWN', '', #5598, #852 ) ;
#1495 = EDGE_CURVE ( 'NONE', #5336, #1202, #3124, .T. ) ;
#1496 = CARTESIAN_POINT ( 'NONE',  ( -0.0001646336827887229888, 0.03330667567358270437, 0.001854140084469630073 ) ) ;
#1497 = EDGE_LOOP ( 'NONE', ( #4439, #1492, #2986, #4296, #2043, #232 ) ) ;
#1498 = PRESENTATION_STYLE_ASSIGNMENT (( #5954 ) ) ;
#1499 = CARTESIAN_POINT ( 'NONE',  ( -0.01748184511945720040, 0.001050059353305630083, 0.03428957797811609670 ) ) ;
#1500 = LINE ( 'NONE', #2473, #6336 ) ;
#1501 = CARTESIAN_POINT ( 'NONE',  ( -0.02662603504048310574, -0.002745051553926744839, 0.03389293452542117835 ) ) ;
#1502 = EDGE_CURVE ( 'NONE', #6379, #591, #785, .T. ) ;
#1503 = CARTESIAN_POINT ( 'NONE',  ( -0.02739583383793900082, -0.0007828974840936890264, 0.0001232932073388133955 ) ) ;
#1504 = CARTESIAN_POINT ( 'NONE',  ( 1.151866342497820089E-05, 0.02494384536677880099, 6.769550198182370292E-15 ) ) ;
#1505 = CARTESIAN_POINT ( 'NONE',  ( 0.1639999999999998959, 0.02056046467050398271, 0.000000000000000000 ) ) ;
#1506 = CARTESIAN_POINT ( 'NONE',  ( -0.0005550452661276589683, -0.02735929890758909827, 0.001949892662970309888 ) ) ;
#1507 = CARTESIAN_POINT ( 'NONE',  ( -0.02574685912131779997, 0.002937837433687620105, 0.04690571333782189711 ) ) ;
#1508 = UNCERTAINTY_MEASURE_WITH_UNIT (LENGTH_MEASURE( 1.000000000000000082E-05 ), #993, 'distance_accuracy_value', 'NONE');
#1509 = CARTESIAN_POINT ( 'NONE',  ( 0.002984339788984029934, -0.04967670737729979608, 0.02208792028286999873 ) ) ;
#1510 = CARTESIAN_POINT ( 'NONE',  ( 0.02394226820604069758, -0.002752846122514080243, 0.006160217735606699635 ) ) ;
#1511 = CARTESIAN_POINT ( 'NONE',  ( -3.460742874092930411E-05, 0.02729834196936519949, 0.006185733690552300788 ) ) ;
#1512 = CARTESIAN_POINT ( 'NONE',  ( -0.002830094353929600050, -0.02660120631114819972, 0.03435820674281499926 ) ) ;
#1513 = CARTESIAN_POINT ( 'NONE',  ( -0.04967670737730209979, -0.002961273011435520009, 0.01926384839103760169 ) ) ;
#1514 = B_SPLINE_SURFACE_WITH_KNOTS ( 'NONE', 3, 3, ( 
 ( #5592, #2563, #1143, #3154 ),
 ( #3121, #652, #2631, #4610 ),
 ( #178, #1655, #5626, #5496 ),
 ( #5129, #750, #5785, #340 ) ),
 .UNSPECIFIED., .F., .F., .F.,
 ( 4, 4 ),
 ( 4, 4 ),
 ( 0.000000000000000000, 1.000000000000000000 ),
 ( 0.1467668056984469949, 1.000000000000000000 ),
 .UNSPECIFIED. ) ;
#1515 = CARTESIAN_POINT ( 'NONE',  ( 0.02656711583435519830, -0.002890354233187819675, 0.03576411290961600126 ) ) ;
#1516 = CARTESIAN_POINT ( 'NONE',  ( 0.0005147036173102579595, 0.02525913287519340050, 0.05782208488732929613 ) ) ;
#1517 = CARTESIAN_POINT ( 'NONE',  ( -0.02353331906150149880, -0.005195637545715689996, 0.04708468027882239948 ) ) ;
#1518 = CARTESIAN_POINT ( 'NONE',  ( 0.003074837282189200362, 0.02390721731769989908, 0.05830254040665829723 ) ) ;
#1519 = CARTESIAN_POINT ( 'NONE',  ( 0.07394948935830365777, 0.01364000912233499264, 3.340838702401649386E-18 ) ) ;
#1520 = CARTESIAN_POINT ( 'NONE',  ( -0.001978021665033519953, -0.02402583541054070099, 0.05889542992128889848 ) ) ;
#1521 = EDGE_LOOP ( 'NONE', ( #4634, #5983, #3616, #169 ) ) ;
#1522 = CARTESIAN_POINT ( 'NONE',  ( -0.002760735975640759860, -0.04967670737730259939, 0.01133832123019509926 ) ) ;
#1523 = EDGE_CURVE ( 'NONE', #2229, #6254, #5214, .T. ) ;
#1524 = CARTESIAN_POINT ( 'NONE',  ( 0.02369801349677069791, 0.004383921485384779937, 0.02282533488591769952 ) ) ;
#1525 = CARTESIAN_POINT ( 'NONE',  ( 0.003078104769913690003, 0.02445160950495550017, 0.05122279073592349991 ) ) ;
#1526 = CARTESIAN_POINT ( 'NONE',  ( 0.02406820095914330090, 0.001530676570173069911, 0.004075235905777539747 ) ) ;
#1527 = CARTESIAN_POINT ( 'NONE',  ( 0.02558918720720814582, -0.001008399308788252013, 0.05708145454418122461 ) ) ;
#1528 = CARTESIAN_POINT ( 'NONE',  ( 0.1566420320640504182, 0.02039840714278208164, -0.04079681428556415634 ) ) ;
#1529 = ORIENTED_EDGE ( 'NONE', *, *, #149, .T. ) ;
#1530 = CARTESIAN_POINT ( 'NONE',  ( 0.04149169152544339434, -0.001875612101935280121, 0.04110902730123780491 ) ) ;
#1531 = CARTESIAN_POINT ( 'NONE',  ( 0.002991786811364480127, -0.02391376566300380119, 0.008608274960128970213 ) ) ;
#1532 = ORIENTED_EDGE ( 'NONE', *, *, #149, .F. ) ;
#1533 = CARTESIAN_POINT ( 'NONE',  ( -0.02622276767918529927, 0.0003858673913452429654, -0.02028299205286429943 ) ) ;
#1534 = CARTESIAN_POINT ( 'NONE',  ( -1.327723033155969960E-05, 0.03475780225712390287, -0.0005041724184803899863 ) ) ;
#1535 = CARTESIAN_POINT ( 'NONE',  ( -0.02636945956486460782, 0.003011851505322851123, 0.04413958591952669985 ) ) ;
#1536 = CARTESIAN_POINT ( 'NONE',  ( 0.0004588397894989434370, 0.02538203376393388319, 0.006088619902091828295 ) ) ;
#1537 = DIRECTION ( 'NONE',  ( -1.000000000000000000, -0.000000000000000000, -0.000000000000000000 ) ) ;
#1538 = CARTESIAN_POINT ( 'NONE',  ( -0.02395844704177440068, -0.002608273320193870044, 0.005407341021271110278 ) ) ;
#1539 = CARTESIAN_POINT ( 'NONE',  ( -0.0006393116403279209409, -0.02736643945686379961, 0.001345930437979039928 ) ) ;
#1540 = CARTESIAN_POINT ( 'NONE',  ( -0.02715591200605869948, 0.0008167679827746009927, 0.01178474517897709975 ) ) ;
#1541 = CARTESIAN_POINT ( 'NONE',  ( 0.0003639715790485390325, -0.02512165982173130210, 0.01049642400483130102 ) ) ;
#1542 = CARTESIAN_POINT ( 'NONE',  ( -0.002879499686935719886, 0.02393404962563399838, 0.05859672383399289891 ) ) ;
#1543 = CARTESIAN_POINT ( 'NONE',  ( -3.365531440008969827E-05, 0.02729901964376309914, 0.006178365052854259930 ) ) ;
#1544 = CARTESIAN_POINT ( 'NONE',  ( -0.002010594407461560248, -0.02687975589824549705, 0.02307212995469199932 ) ) ;
#1545 = CARTESIAN_POINT ( 'NONE',  ( -0.04967670737730729702, -0.002570383532412319830, 0.02995616280963680003 ) ) ;
#1546 = CARTESIAN_POINT ( 'NONE',  ( 0.02623423852026210076, -0.002707550783804219853, 0.04961658981371849797 ) ) ;
#1547 = CARTESIAN_POINT ( 'NONE',  ( -0.002691903779024359608, 0.02664883709476140172, 0.03295495364219140633 ) ) ;
#1548 = CARTESIAN_POINT ( 'NONE',  ( -0.02386839745119840109, -0.003438541746036289856, 0.02148525542790579931 ) ) ;
#1549 = CARTESIAN_POINT ( 'NONE',  ( 0.004546797549362419262, 0.02366729565251429745, 0.02421969262863499922 ) ) ;
#1550 = CARTESIAN_POINT ( 'NONE',  ( 0.001290098280607729266, -0.0007140993512418977035, 0.001428198702483794756 ) ) ;
#1551 = CARTESIAN_POINT ( 'NONE',  ( 0.001808390252254810137, -0.02404875402748129706, 0.006248191013289790437 ) ) ;
#1552 = ORIENTED_EDGE ( 'NONE', *, *, #1952, .F. ) ;
#1553 = CARTESIAN_POINT ( 'NONE',  ( -0.04967670737729789482, 0.0008887940599424140305, -0.007417489042003199730 ) ) ;
#1554 = CARTESIAN_POINT ( 'NONE',  ( 0.02466490508874980003, -0.002789534527026329893, 0.02866485301774699887 ) ) ;
#1555 = CARTESIAN_POINT ( 'NONE',  ( -0.003366326796235909885, 0.02451076481492000039, 0.04137526743001369856 ) ) ;
#1556 = CARTESIAN_POINT ( 'NONE',  ( 0.02501248111518680067, -0.0003549471759576669906, 0.001278365629214889884 ) ) ;
#1557 = CARTESIAN_POINT ( 'NONE',  ( 0.02635052429803310531, 0.002912193139697403805, 0.04554666790650249708 ) ) ;
#1558 = CARTESIAN_POINT ( 'NONE',  ( 0.000000000000000000, 0.000000000000000000, 0.000000000000000000 ) ) ;
#1559 = EDGE_LOOP ( 'NONE', ( #2629, #1882, #3091, #4872, #1276 ) ) ;
#1560 = CARTESIAN_POINT ( 'NONE',  ( 0.04149169152544199962, 3.761529150719859988E-05, -0.006233814811427050399 ) ) ;
#1561 = CARTESIAN_POINT ( 'NONE',  ( -0.003718395238307180186, -0.02381308896756439974, 0.05688335858868900224 ) ) ;
#1562 = ORIENTED_EDGE ( 'NONE', *, *, #5633, .T. ) ;
#1563 = CARTESIAN_POINT ( 'NONE',  ( -0.02622276767918549703, -0.001196342138405800037, 0.02645385610671520046 ) ) ;
#1564 = CARTESIAN_POINT ( 'NONE',  ( -3.502674945661160463E-05, 0.04221725481721219642, -0.006888208351604150140 ) ) ;
#1565 = PRODUCT_DEFINITION_SHAPE ( 'NONE', 'NONE',  #6418 ) ;
#1566 = CARTESIAN_POINT ( 'NONE',  ( 0.02409649484081305068, -0.001003722023054920030, -0.0002153148712768854971 ) ) ;
#1567 = CARTESIAN_POINT ( 'NONE',  ( -7.109778811805580253E-05, -0.02730257154696320160, 0.006027880401050280008 ) ) ;
#1568 = PLANE ( 'NONE',  #4168 ) ;
#1569 = CARTESIAN_POINT ( 'NONE',  ( -0.02498293155237410121, -0.0003054157717488360227, 0.006112665690341229259 ) ) ;
#1570 = CARTESIAN_POINT ( 'NONE',  ( -0.02351660009464149811, -0.005270664147866999452, 0.03849901835945519768 ) ) ;
#1571 = CARTESIAN_POINT ( 'NONE',  ( -0.02650613016011720002, -0.0006874807673337949990, 0.01180519364301069879 ) ) ;
#1572 = CARTESIAN_POINT ( 'NONE',  ( 0.0003586059067325070163, -0.04967670737730029568, -0.01106837121146690001 ) ) ;
#1573 = CARTESIAN_POINT ( 'NONE',  ( 0.005174264767593980165, 0.02353802071109379820, 0.03420495611083339965 ) ) ;
#1574 =( NAMED_UNIT ( * ) SI_UNIT ( $, .STERADIAN. ) SOLID_ANGLE_UNIT ( ) );
#1575 = CARTESIAN_POINT ( 'NONE',  ( 0.002962862902745420218, -0.02639354963529779927, 0.04370324819222139862 ) ) ;
#1576 = LINE ( 'NONE', #2513, #1158 ) ;
#1577 = B_SPLINE_CURVE_WITH_KNOTS ( 'NONE', 3,
 ( #1466, #1950, #5470, #530, #2504 ),
 .UNSPECIFIED., .F., .F.,
 ( 4, 1, 4 ),
 ( 1.022349330212871945E-05, 0.4285714285706372362, 1.000000000000000000 ),
 .UNSPECIFIED. ) ;
#1578 = CARTESIAN_POINT ( 'NONE',  ( 0.02684514925181800266, -0.002133492411679390084, 0.02448463841340240213 ) ) ;
#1579 = CARTESIAN_POINT ( 'NONE',  ( 0.000000000000000000, 2.326828918379970949E-18, -0.01899999999999999953 ) ) ;
#1580 = CARTESIAN_POINT ( 'NONE',  ( -0.02411563938307829946, 3.335790880853549948E-05, 0.06002954520139799910 ) ) ;
#1581 = CARTESIAN_POINT ( 'NONE',  ( 0.005363041017468070208, 0.02349569743008450215, 0.04277383602124050499 ) ) ;
#1582 = CARTESIAN_POINT ( 'NONE',  ( 0.0003076671304868352792, -0.0002431335355522661404, 0.0004862670711045320639 ) ) ;
#1583 = CARTESIAN_POINT ( 'NONE',  ( -3.460199547899909481E-05, -0.02410844962211300055, 0.05994929622193199970 ) ) ;
#1584 = ORIENTED_EDGE ( 'NONE', *, *, #4498, .T. ) ;
#1585 = CARTESIAN_POINT ( 'NONE',  ( -0.02512165982172630263, 0.002996715415404400170, 0.04002051959971759942 ) ) ;
#1586 = CARTESIAN_POINT ( 'NONE',  ( 0.02375235386110039967, 0.004158752815096510187, 0.03093614860027960045 ) ) ;
#1587 = CARTESIAN_POINT ( 'NONE',  ( -0.001533860328786999967, 0.02485923030904390110, 0.01597404712087760123 ) ) ;
#1588 = CARTESIAN_POINT ( 'NONE',  ( 0.02667265792628490187, -0.0005829336902754609197, 0.002355789856510480222 ) ) ;
#1589 = CARTESIAN_POINT ( 'NONE',  ( 0.02624684697067701522, 0.002645927693031656543, 0.04962785527256680096 ) ) ;
#1590 = CARTESIAN_POINT ( 'NONE',  ( -0.02622276767918349863, -0.0001882114453245569926, -0.02173470308026860184 ) ) ;
#1591 = ORIENTED_EDGE ( 'NONE', *, *, #1762, .T. ) ;
#1592 = CARTESIAN_POINT ( 'NONE',  ( 0.03330667567358370357, 3.493607690053209723E-05, 0.0009215669101034289993 ) ) ;
#1593 = EDGE_CURVE ( 'NONE', #1629, #1943, #1306, .T. ) ;
#1594 = CARTESIAN_POINT ( 'NONE',  ( 0.004869322201097750144, -0.02360325224003470210, 0.05119188798863129330 ) ) ;
#1595 = ORIENTED_EDGE ( 'NONE', *, *, #1219, .F. ) ;
#1596 = CARTESIAN_POINT ( 'NONE',  ( 0.000000000000000000, 0.003075443581235670024, 0.03868328254751089712 ) ) ;
#1597 = CARTESIAN_POINT ( 'NONE',  ( 2.735994021829540144E-05, 0.04221725481721219642, -0.007331533897108320243 ) ) ;
#1598 = CARTESIAN_POINT ( 'NONE',  ( 0.02402324305330395121, -0.001921926111623944913, -0.0003084836374183630133 ) ) ;
#1599 = CARTESIAN_POINT ( 'NONE',  ( -0.02622276767918369986, -2.759285119407039998E-07, -0.02308053163013940035 ) ) ;
#1600 = CARTESIAN_POINT ( 'NONE',  ( 2.841667056508930271E-05, 0.02719243311820117304, 0.005820754675839930926 ) ) ;
#1601 = CARTESIAN_POINT ( 'NONE',  ( -0.02407308837075420108, -0.001454005785053390102, 0.003471506902207599932 ) ) ;
#1602 = CARTESIAN_POINT ( 'NONE',  ( 0.000000000000000000, 0.000000000000000000, 0.000000000000000000 ) ) ;
#1603 = CARTESIAN_POINT ( 'NONE',  ( -0.02730261219899659739, 9.206982539354749829E-05, 0.006170782889808879880 ) ) ;
#1604 = CARTESIAN_POINT ( 'NONE',  ( 0.001971958465186360136, -0.03330667567358799874, 0.04763333915137389629 ) ) ;
#1605 = CARTESIAN_POINT ( 'NONE',  ( -0.0008119827850199760454, 0.02409108341499340000, 0.06024994909339689841 ) ) ;
#1606 = CARTESIAN_POINT ( 'NONE',  ( 0.0001477805220474810071, 0.02663817215090779830, 0.005475905402860799936 ) ) ;
#1607 = AXIS2_PLACEMENT_3D ( 'NONE', #4618, #692, #3161 ) ;
#1608 = CARTESIAN_POINT ( 'NONE',  ( 0.002917386582789070152, -0.02652447658210759993, 0.03811018709803119797 ) ) ;
#1609 = CLOSED_SHELL ( 'NONE', ( #5357, #3071, #2648, #2370, #1991, #1021 ) ) ;
#1610 = CYLINDRICAL_SURFACE ( 'NONE', #29, 0.02050000000000000086 ) ;
#1611 = CARTESIAN_POINT ( 'NONE',  ( 0.02701795813449469827, -0.001451562789862439985, 0.01742420388180669980 ) ) ;
#1612 = CARTESIAN_POINT ( 'NONE',  ( 0.02730590515353429823, 9.779232824969038686E-06, 0.006002978719489919859 ) ) ;
#1613 = CARTESIAN_POINT ( 'NONE',  ( -0.02403599208331699821, -0.001971049073040289853, 0.007544855909911060178 ) ) ;
#1614 = CARTESIAN_POINT ( 'NONE',  ( -0.004997471675902810141, 0.02357628121915290170, 0.04992992374895920127 ) ) ;
#1615 = CARTESIAN_POINT ( 'NONE',  ( 0.0004817771452915797304, -0.0003404228950179933677, 0.0006808457900359864102 ) ) ;
#1616 = EDGE_CURVE ( 'NONE', #4450, #740, #1113, .T. ) ;
#1617 = CARTESIAN_POINT ( 'NONE',  ( 0.002441924985989489972, -0.02399210363649679698, 0.01155070774589070023 ) ) ;
#1618 = ORIENTED_EDGE ( 'NONE', *, *, #4106, .F. ) ;
#1619 = DIRECTION ( 'NONE',  ( 0.000000000000000000, 0.000000000000000000, 1.000000000000000000 ) ) ;
#1620 = CARTESIAN_POINT ( 'NONE',  ( 0.02369679617411219949, 0.004460532840460359853, 0.03709601797944590135 ) ) ;
#1621 = B_SPLINE_SURFACE_WITH_KNOTS ( 'NONE', 3, 3, ( 
 ( #6157, #5665, #1598, #216, #1178, #3557, #5137 ),
 ( #1566, #1211, #6090, #3619, #2569, #5597, #2112 ),
 ( #152, #3586, #3192, #2672, #691, #2180, #2535 ),
 ( #5103, #4522, #1632, #183, #2145, #5071, #4103 ),
 ( #658, #121, #5169, #1083, #4167, #2638, #594 ) ),
 .UNSPECIFIED., .F., .F., .F.,
 ( 4, 1, 4 ),
 ( 4, 3, 4 ),
 ( 0.000000000000000000, 0.5714285714285709528, 1.000000000000000000 ),
 ( -0.5701584888991849676, -0.5640641125488549124, 0.04537352248412519773 ),
 .UNSPECIFIED. ) ;
#1622 = CARTESIAN_POINT ( 'NONE',  ( -0.001606732916083700039, 0.02438699576048779932, 0.05764784060059559984 ) ) ;
#1623 = CARTESIAN_POINT ( 'NONE',  ( 0.02664361163562919965, -0.0002179296041561600028, 0.004971864826492139802 ) ) ;
#1624 = CARTESIAN_POINT ( 'NONE',  ( 0.02620101953388041457, 0.002478533418495678861, 0.05110757057589529473 ) ) ;
#1625 = CARTESIAN_POINT ( 'NONE',  ( -0.02730790884454479747, 2.811706715486765034E-05, 0.005732431055142869943 ) ) ;
#1626 = ORIENTED_EDGE ( 'NONE', *, *, #1474, .F. ) ;
#1627 = CARTESIAN_POINT ( 'NONE',  ( 0.1889999999999998903, 0.000000000000000000, 0.01874999999999999931 ) ) ;
#1628 = CARTESIAN_POINT ( 'NONE',  ( 0.005257494525950640388, -0.02351956675011470169, 0.04565877344381499836 ) ) ;
#1629 = VERTEX_POINT ( 'NONE', #3961 ) ;
#1630 = CARTESIAN_POINT ( 'NONE',  ( 0.000000000000000000, 0.002273759602047409952, 0.01989679941072659830 ) ) ;
#1631 = CARTESIAN_POINT ( 'NONE',  ( 0.04967670737729969893, 0.002935752962990749882, 0.02483157036816860050 ) ) ;
#1632 = CARTESIAN_POINT ( 'NONE',  ( 0.02670745055776635110, 0.0008715373375060569841, 0.0001281655449310348022 ) ) ;
#1633 = CARTESIAN_POINT ( 'NONE',  ( 2.548736690560151434E-05, 0.02614481748535648145, 0.005111643775338785278 ) ) ;
#1634 = CARTESIAN_POINT ( 'NONE',  ( -0.02399911114538540169, -0.002203303667547860077, 0.002137259500155750010 ) ) ;
#1635 = CARTESIAN_POINT ( 'NONE',  ( 0.03838076630220227381, -0.008708065292970721544, -1.066430428780275364E-18 ) ) ;
#1636 = CARTESIAN_POINT ( 'NONE',  ( -0.02641509133800749864, -0.002971108075983109643, 0.04277518945129139827 ) ) ;
#1637 = CARTESIAN_POINT ( 'NONE',  ( -0.000000000000000000, 0.002630239299036210218, 0.04346963847552957894 ) ) ;
#1638 = CARTESIAN_POINT ( 'NONE',  ( -0.004604898220137189357, 0.02365605074960500098, 0.02566751930380930038 ) ) ;
#1639 = CARTESIAN_POINT ( 'NONE',  ( 0.0007517243771283539915, 0.02737553442589139852, 0.0005406109349492220625 ) ) ;
#1640 = CARTESIAN_POINT ( 'NONE',  ( -4.815663866612040079E-05, -0.02662512843816829816, 0.006186777000074520326 ) ) ;
#1641 = CARTESIAN_POINT ( 'NONE',  ( 0.4570000000000000173, 0.000000000000000000, 0.000000000000000000 ) ) ;
#1642 = CARTESIAN_POINT ( 'NONE',  ( 0.02667075697771510018, -0.002666170969909669765, 0.03154074109408439713 ) ) ;
#1643 = CARTESIAN_POINT ( 'NONE',  ( 0.000000000000000000, 6.578515956843808779E-05, 0.0003309238554237160226 ) ) ;
#1644 = CARTESIAN_POINT ( 'NONE',  ( -0.02369386026942680093, -0.004468336441157299763, 0.04704186509579950243 ) ) ;
#1645 = FACE_OUTER_BOUND ( 'NONE', #2177, .T. ) ;
#1646 = CARTESIAN_POINT ( 'NONE',  ( 0.1543273542709824309, 0.02031583516610297943, 0.04063167033220597968 ) ) ;
#1647 = CARTESIAN_POINT ( 'NONE',  ( -0.0003652392764652109716, -0.02498084591973820032, 0.006134243979806080181 ) ) ;
#1648 = ORIENTED_EDGE ( 'NONE', *, *, #5828, .F. ) ;
#1649 = CARTESIAN_POINT ( 'NONE',  ( -0.04967670737729299596, 0.003041894251109160223, 0.02139080718404419781 ) ) ;
#1650 = CARTESIAN_POINT ( 'NONE',  ( 0.02498085395945159881, -0.0003652321393794670090, 0.006134264816379699468 ) ) ;
#1651 = CARTESIAN_POINT ( 'NONE',  ( 0.002206945117677779934, 0.02619000713534330033, 0.02589003433148339903 ) ) ;
#1652 = CARTESIAN_POINT ( 'NONE',  ( 0.02731351349693699956, -6.382106694092008986E-05, 0.005474268057728959649 ) ) ;
#1653 = CARTESIAN_POINT ( 'NONE',  ( -0.02729982295108239823, -3.331042562625979349E-05, 0.006175214694755329706 ) ) ;
#1654 = CARTESIAN_POINT ( 'NONE',  ( -0.02730659893060220084, 2.828339077276530199E-05, 0.005732395045064299886 ) ) ;
#1655 = CARTESIAN_POINT ( 'NONE',  ( -0.03476061682374229772, 7.036748766144179895E-05, -0.0005046225958583720099 ) ) ;
#1656 = CARTESIAN_POINT ( 'NONE',  ( -0.003507399439301589917, -0.02384356602048099891, 0.01283964894212510054 ) ) ;
#1657 = ORIENTED_EDGE ( 'NONE', *, *, #2635, .F. ) ;
#1658 = CARTESIAN_POINT ( 'NONE',  ( -0.02622276767918359924, -0.0001002078206141150018, -0.02236918080236529813 ) ) ;
#1659 = CARTESIAN_POINT ( 'NONE',  ( 0.002238936440581716907, -0.001080638208088324868, -1.323400122571698558E-19 ) ) ;
#1660 = CARTESIAN_POINT ( 'NONE',  ( -0.02409999999999998949, 0.000000000000000000, 0.06813473812597234391 ) ) ;
#1661 = DIRECTION ( 'NONE',  ( 0.000000000000000000, 0.000000000000000000, 1.000000000000000000 ) ) ;
#1662 = CARTESIAN_POINT ( 'NONE',  ( -0.02501221607584320009, 0.0003548813571960430136, 0.001278092098868690131 ) ) ;
#1663 = CARTESIAN_POINT ( 'NONE',  ( 0.09945114647226292737, -0.01639538578179808651, -2.007855671846505066E-18 ) ) ;
#1664 = CARTESIAN_POINT ( 'NONE',  ( -0.001278342991052319874, -0.02408503160912039975, 0.001854221280747939951 ) ) ;
#1665 = CARTESIAN_POINT ( 'NONE',  ( 5.093142188675630125E-05, -0.02512165982173130210, 0.008210196460312568778 ) ) ;
#1666 = CARTESIAN_POINT ( 'NONE',  ( 0.002395608798146440024, -0.02676010895056219960, 0.02842164969365230248 ) ) ;
#1667 = CARTESIAN_POINT ( 'NONE',  ( 0.000000000000000000, 0.000000000000000000, 0.000000000000000000 ) ) ;
#1668 = B_SPLINE_SURFACE_WITH_KNOTS ( 'NONE', 3, 3, ( 
 ( #2482, #3888, #2390, #1409, #3465, #5347, #902, #2873, #960, #4463, #4851, #3399, #3498, #2932, #2510, #4496, #417, #4915, #2450, #5442, #1864, #4429, #6414, #3860, #5838, #4952, #4529, #6031, #1573, #5539, #4079, #63, #2086, #634, #2612, #1090, #4560, #2022, #128, #4047, #2152, #569, #3135, #6065, #2544, #190, #2577, #4112, #4016, #1605, #97, #1542, #5573, #3595, #663, #3563, #5047, #601, #2644, #2053, #3069, #1124, #3101, #3035, #5079, #4592, #159, #5508, #2118, #5996, #6098, #3531, #5109, #1638, #3625, #1059, #5017, #5605, #1154, #4623, #3286, #6185, #5232, #1818, #5199, #5660, #5268, #2310, #1206, #5165, #2210 ),
 ( #3157, #278, #788, #2762, #3713, #754, #5789, #2732, #716, #3815, #1690, #821, #2242, #3681, #6282, #3220, #4262, #5131, #4230, #3188, #686, #1756, #6219, #2793, #2699, #5693, #1240, #4778, #4678, #4194, #3750, #244, #2176, #5724, #3253, #4712, #4645, #1724, #2667, #1275, #343, #1787, #4745, #310, #6253, #4295, #212, #2276, #3783, #5756, #1309, #4163, #6153, #3845, #6346, #1423, #1848, #3320, #1974, #5849, #4932, #1878, #3412, #430, #5424, #1455, #6315, #973, #5818, #4865, #4412, #2431, #1907, #14, #3932, #4899, #3874, #3902, #6404, #6374, #1369, #1339, #5914, #1394, #3382, #3352, #3963, #5300, #857, #2824, #5361 ),
 ( #5880, #943, #913, #3446, #4807, #1939, #2885, #2372, #4442, #2946, #374, #457, #488, #2463, #4353, #2403, #5330, #2342, #4326, #4379, #886, #5394, #2916, #2857, #4835, #402, #1105, #6010, #648, #1006, #517, #2525, #4605, #2100, #2067, #5491, #4061, #4478, #3051, #4092, #1525, #2004, #3512, #3084, #3995, #2135, #6047, #78, #2493, #1137, #6079, #1622, #5030, #46, #110, #4030, #5979, #4999, #3609, #1038, #5587, #5458, #1555, #3016, #3116, #552, #5061, #2982, #4543, #2558, #4510, #3575, #5554, #2036, #3546, #4966, #2625, #5522, #1073, #584, #1587, #615, #2592, #4575, #5947, #140, #5093, #173, #1488, #3479, #2722 ),
 ( #4736, #4702, #5684, #2265, #743, #4637, #677, #2233, #6112, #302, #4185, #4219, #5259, #3211, #4768, #3704, #203, #2165, #1746, #6176, #6244, #1779, #1651, #1299, #5156, #3775, #3641, #4253, #2659, #2754, #268, #6209, #3739, #1231, #5747, #5620, #5223, #1714, #708, #812, #3277, #1168, #3243, #778, #4668, #2783, #335, #5190, #4154, #4126, #5715, #3148, #5123, #1266, #6144, #1682, #3671, #5651, #1197, #3178, #235, #2201, #2690, #367, #3344, #3373, #2817, #1332, #906, #2396, #2364, #3807, #5323, #5415, #6339, #5904, #934, #395, #6367, #3405, #2423, #965, #1900, #5810, #1868, #6305, #878, #4345, #4800, #2848, #4372 ),
 ( #3866, #1446, #4828, #3894, #1387, #6396, #4402, #849, #1930, #2332, #5842, #5385, #2907, #2878, #2937, #4892, #5873, #5353, #4857, #450, #423, #4319, #2302, #3924, #1415, #3438, #1840, #4920, #4286, #6275, #1811, #5780, #3311, #3836, #5291, #1360, #5578, #5514, #5544, #4957, #998, #509, #2550, #3955, #1964, #5939, #1516, #1096, #1479, #38, #5052, #2028, #2973, #542, #574, #606, #3503, #4535, #1128, #2516, #2486, #2583, #6070, #4468, #1995, #5970, #5483, #1030, #1547, #480, #4021, #101, #2058, #3008, #4502, #3106, #67, #3985, #2455, #5447, #4565, #6001, #4990, #4084, #3537, #6038, #5, #1064, #3042, #5022, #4052 ) ),
 .UNSPECIFIED., .F., .F., .F.,
 ( 4, 1, 4 ),
 ( 4, 2, 1, 1, 1, 1, 1, 1, 1, 1, 1, 1, 1, 1, 1, 1, 1, 1, 1, 1, 1, 1, 1, 1, 1, 1, 1, 1, 1, 1, 1, 1, 1, 1, 1, 1, 1, 1, 1, 1, 1, 1, 1, 1, 1, 1, 1, 1, 1, 1, 1, 1, 1, 1, 1, 1, 1, 1, 1, 1, 1, 1, 1, 1, 1, 1, 1, 1, 1, 1, 1, 1, 1, 1, 1, 1, 1, 1, 1, 1, 1, 1, 1, 1, 1, 1, 1, 4 ),
 ( 0.000000000000000000, 0.5714285714285709528, 1.000000000000000000 ),
 ( -0.0004632816516959649997, 0.000000000000000000, 0.004469548000576450617, 0.008939096001152901233, 0.01787819200230580247, 0.03575638400461160493, 0.07151276800922320986, 0.1430255360184460034, 0.2860510720368930060, 0.4290766080553390371, 0.5721021440737860120, 0.7151276800922320431, 0.8581532161106790735, 1.001178752129119998, 1.144204288147570026, 1.287229824166020054, 1.430255360184460089, 1.573280896202909895, 1.716306432221360145, 1.859331968239799959, 2.002357504258249765, 2.145383040276700015, 2.288408576295140051, 2.431434112313590301, 2.574459648332040107, 2.717485184350480143, 2.860510720368930393, 3.003536256387369985, 3.146561792405819791, 3.289587328424270041, 3.432612864442710077, 3.575638400461159883, 3.718663936479610133, 3.861689472498050169, 4.004715008516500419, 4.147740544534950224, 4.290766080553390260, 4.433791616571840066, 4.576817152590289872, 4.767517867281549471, 4.958218581972809957, 5.148919296664070444, 5.339620011355330043, 5.434970368700960286, 5.530320726046589641, 5.625671083392229654, 5.721021440737860786, 5.816371798083490141, 5.911722155429120384, 6.102422870120379983, 6.293123584811639581, 6.483824299502900068, 6.674525014194170325, 6.865225728885429923, 7.008251264903869959, 7.151276800922319765, 7.294302336940769571, 7.437327872959209607, 7.580353408977660301, 7.723378944996110107, 7.866404481014550143, 8.009430017033000837, 8.152455553051451531, 8.295481089069889791, 8.438506625088340485, 8.581532161106789403, 8.724557697125229438, 8.867583233143680133, 9.010608769162130827, 9.153634305180570863, 9.296659841199019780, 9.439685377217459816, 9.582710913235908734, 9.725736449254361204, 9.868761985272801240, 10.01178752129129990, 10.15481305730969908, 10.29783859332810003, 10.44086412934660046, 10.58388966536500142, 10.72691520138350008, 10.86994073740189926, 11.01296627342039969, 11.15599180943880064, 11.29901734545730108, 11.37053011346650067, 11.40628649747109868, 11.44204288147570026 ),
 .UNSPECIFIED. ) ;
#1669 = B_SPLINE_CURVE_WITH_KNOTS ( 'NONE', 3,
 ( #5471, #5074, #5503, #6091 ),
 .UNSPECIFIED., .F., .F.,
 ( 4, 4 ),
 ( -0.04592556792791509940, -0.04592166956555369939 ),
 .UNSPECIFIED. ) ;
#1670 = CIRCLE ( 'NONE', #4473, 0.02050000000000000086 ) ;
#1671 = CARTESIAN_POINT ( 'NONE',  ( -0.02725220819092736418, 2.836169837905885949E-05, 0.005779524768930492488 ) ) ;
#1672 = CARTESIAN_POINT ( 'NONE',  ( 0.001938162445346914946, -0.02402193843834105058, 0.000000000000000000 ) ) ;
#1673 = CARTESIAN_POINT ( 'NONE',  ( -0.02399210132825650016, -0.002441928435896070001, 0.01155069751231220000 ) ) ;
#1674 = ADVANCED_FACE ( 'NONE', ( #44 ), #1905, .T. ) ;
#1675 = CARTESIAN_POINT ( 'NONE',  ( -9.181157997497790704E-05, -0.03330667567358780445, 0.0009155855476366999953 ) ) ;
#1676 = CARTESIAN_POINT ( 'NONE',  ( 0.1566420320640504182, -0.02039840714278208511, 0.04079681428556415634 ) ) ;
#1677 = CARTESIAN_POINT ( 'NONE',  ( 0.001533877302646669992, -0.02485920885563359939, 0.01597400610089860090 ) ) ;
#1678 = ORIENTED_EDGE ( 'NONE', *, *, #4852, .F. ) ;
#1679 = CARTESIAN_POINT ( 'NONE',  ( 3.331159113593510344E-05, -0.02729982896176980089, 0.006175217704936550311 ) ) ;
#1680 = EDGE_CURVE ( 'NONE', #6141, #6109, #3756, .T. ) ;
#1681 = CARTESIAN_POINT ( 'NONE',  ( 0.02383202987909760137, 0.003679926612290490041, 0.02432053079589199807 ) ) ;
#1682 = CARTESIAN_POINT ( 'NONE',  ( -0.002538709264664599802, 0.02566726956535990076, 0.05113087368028750024 ) ) ;
#1683 = CARTESIAN_POINT ( 'NONE',  ( 0.02409696387249530072, 0.0009904158329929950259, -0.0001697696686596780085 ) ) ;
#1684 = CARTESIAN_POINT ( 'NONE',  ( -3.411192414998629927E-05, 0.02729864526382129800, 0.006181940276958040187 ) ) ;
#1685 = CARTESIAN_POINT ( 'NONE',  ( -0.02622276767918269719, 6.677504351075630115E-05, -0.02261026187702079929 ) ) ;
#1686 = CARTESIAN_POINT ( 'NONE',  ( 9.476813844369458956E-05, 0.04149169152544069511, -0.006228555854279130277 ) ) ;
#1687 = CARTESIAN_POINT ( 'NONE',  ( 0.4570000000000000173, 0.000000000000000000, 0.000000000000000000 ) ) ;
#1688 = CARTESIAN_POINT ( 'NONE',  ( -0.002785493153755279772, -0.02393848427669850037, 0.006429590369380280487 ) ) ;
#1689 = CARTESIAN_POINT ( 'NONE',  ( -0.002902310726683670229, -0.02392472022403700077, 0.007400195928359009495 ) ) ;
#1690 = CARTESIAN_POINT ( 'NONE',  ( 0.002164277574826599989, 0.02401914070941220045, 0.008697166467707601045 ) ) ;
#1691 = ORIENTED_EDGE ( 'NONE', *, *, #5617, .T. ) ;
#1692 = CARTESIAN_POINT ( 'NONE',  ( -0.0001580944741964716209, -0.02728206142072914578, 0.006661121239980109451 ) ) ;
#1693 = CARTESIAN_POINT ( 'NONE',  ( 0.04967670737730049690, 3.753749295206000044E-05, -0.01340884686763799995 ) ) ;
#1694 = PRODUCT_DEFINITION ( 'UNKNOWN', '', #2792, #4222 ) ;
#1695 = CARTESIAN_POINT ( 'NONE',  ( 0.000000000000000000, 0.000000000000000000, 0.07343700320369959955 ) ) ;
#1696 = EDGE_CURVE ( 'NONE', #11, #3274, #4291, .T. ) ;
#1697 = CARTESIAN_POINT ( 'NONE',  ( 0.02730659893060220084, -2.828339077276920173E-05, 0.005732395045064299886 ) ) ;
#1698 = CARTESIAN_POINT ( 'NONE',  ( -0.02498305425696690021, -0.0003047933868093560101, 0.006108907321685309692 ) ) ;
#1699 = CARTESIAN_POINT ( 'NONE',  ( 0.0003076671304868352792, -0.0002431335355522660862, -2.977527060794618720E-20 ) ) ;
#1700 = CARTESIAN_POINT ( 'NONE',  ( -0.001924520999621039900, -0.02402303517297550012, -0.0002883810629961529879 ) ) ;
#1701 = CARTESIAN_POINT ( 'NONE',  ( 0.000000000000000000, 0.001671869680902995101, 0.01359964021081929569 ) ) ;
#1702 = CARTESIAN_POINT ( 'NONE',  ( 0.0005861578647284180132, -0.02719630079589659827, 0.01039979058118680084 ) ) ;
#1703 = CARTESIAN_POINT ( 'NONE',  ( 9.625987533507920153E-05, 0.02729326845591339978, 0.006208221169549970296 ) ) ;
#1704 = CARTESIAN_POINT ( 'NONE',  ( 0.0004128385556363629904, 0.04967670737730289776, -0.01106966895594829921 ) ) ;
#1705 = CARTESIAN_POINT ( 'NONE',  ( 0.000000000000000000, 0.000000000000000000, 0.000000000000000000 ) ) ;
#1706 = CARTESIAN_POINT ( 'NONE',  ( -0.02445193186779449912, 0.003132754248147769875, 0.05077621306766819803 ) ) ;
#1707 = CARTESIAN_POINT ( 'NONE',  ( -9.538431293400229940E-05, -0.03330667567358770037, 0.0009397476971065260413 ) ) ;
#1708 = CARTESIAN_POINT ( 'NONE',  ( 0.1632247789736557542, -0.02055518108694219526, -2.517283672401797244E-18 ) ) ;
#1709 = CARTESIAN_POINT ( 'NONE',  ( 0.001737462357396100075, -0.02439978917662979918, 0.05729630361642150393 ) ) ;
#1710 = ORIENTED_EDGE ( 'NONE', *, *, #525, .T. ) ;
#1711 = CARTESIAN_POINT ( 'NONE',  ( -0.03330667567358510522, 0.001879238337364250123, 0.04826760995606050458 ) ) ;
#1712 = CARTESIAN_POINT ( 'NONE',  ( 0.02463931398360710151, 0.002905520095578240179, 0.03103000911213599916 ) ) ;
#1713 = VECTOR ( 'NONE', #4329, 1.000000000000000000 ) ;
#1714 = CARTESIAN_POINT ( 'NONE',  ( 0.002937854310592969906, 0.02574680146957400093, 0.04690558121623539939 ) ) ;
#1715 = CARTESIAN_POINT ( 'NONE',  ( -3.113963008116169874E-05, 0.02730487945157289778, 0.006155385451136799989 ) ) ;
#1716 = CARTESIAN_POINT ( 'NONE',  ( 0.02409999999999999989, 0.000000000000000000, 0.06175378874876469998 ) ) ;
#1717 = CARTESIAN_POINT ( 'NONE',  ( 7.149026863297413647E-05, 0.02730967431123171307, 0.006024340198719605431 ) ) ;
#1718 = CARTESIAN_POINT ( 'NONE',  ( 9.394354683881780358E-05, 0.04967670737729969893, -0.01339680408724269918 ) ) ;
#1719 = CARTESIAN_POINT ( 'NONE',  ( 0.04967670737730060099, 3.550597480249569478E-05, -0.01342325687985180052 ) ) ;
#1720 = CARTESIAN_POINT ( 'NONE',  ( -0.002714850145083549764, -0.02394659917336729865, 0.005850319755117520254 ) ) ;
#1721 = EDGE_CURVE ( 'NONE', #4195, #3158, #2272, .T. ) ;
#1722 = CARTESIAN_POINT ( 'NONE',  ( 0.002427700506735089737, -0.02397745091015749883, 0.003948382026123549784 ) ) ;
#1723 = CARTESIAN_POINT ( 'NONE',  ( 0.02388663194863350006, -0.003201139648410670190, 0.01000035809871729908 ) ) ;
#1724 = CARTESIAN_POINT ( 'NONE',  ( 0.004524346056851569729, 0.02368319608910900154, 0.04701942175075839864 ) ) ;
#1725 = EDGE_LOOP ( 'NONE', ( #2497, #3483, #5526, #3682 ) ) ;
#1726 = CARTESIAN_POINT ( 'NONE',  ( -0.0001822800775928637169, -0.02727759005240464399, 0.006840091799255329855 ) ) ;
#1727 = CARTESIAN_POINT ( 'NONE',  ( 3.348511806106455999E-06, 8.298471112651620399E-06, 0.000000000000000000 ) ) ;
#1728 = CARTESIAN_POINT ( 'NONE',  ( 0.04149169152543539379, -0.002995456139939069954, 0.02570336298603849781 ) ) ;
#1729 = CARTESIAN_POINT ( 'NONE',  ( 0.000000000000000000, 0.000000000000000000, 0.000000000000000000 ) ) ;
#1730 = CARTESIAN_POINT ( 'NONE',  ( -0.02667650915487849994, 0.0006391443749094410758, 0.001953180320374260214 ) ) ;
#1731 = CARTESIAN_POINT ( 'NONE',  ( 0.0004817771452915797304, -0.0003404228950179932593, -4.168978087402608854E-20 ) ) ;
#1732 = CARTESIAN_POINT ( 'NONE',  ( -0.02668333220027499855, -0.002612217121059150129, 0.03154833971235109641 ) ) ;
#1733 = CARTESIAN_POINT ( 'NONE',  ( -0.000000000000000000, 0.002399763758613968588, 0.02170903300436694688 ) ) ;
#1734 = DIRECTION ( 'NONE',  ( 0.000000000000000000, 1.000000000000000078E-15, 1.000000000000000000 ) ) ;
#1735 = CARTESIAN_POINT ( 'NONE',  ( 0.001142848716955340059, 0.02708643051124480158, 0.01460253532338390108 ) ) ;
#1736 = CARTESIAN_POINT ( 'NONE',  ( -0.02510803035869105942, 1.447644021829100071E-05, 0.001127012012441400059 ) ) ;
#1737 = CARTESIAN_POINT ( 'NONE',  ( -0.01748184511945580222, 2.654219042188189729E-07, -0.01542219715494340046 ) ) ;
#1738 = CARTESIAN_POINT ( 'NONE',  ( -0.02446161857601819936, 0.003371421606683069980, 0.04694570238151399982 ) ) ;
#1739 = CARTESIAN_POINT ( 'NONE',  ( -9.276034860533039308E-05, -0.02512165982173130210, 0.008083831303621469636 ) ) ;
#1740 = CARTESIAN_POINT ( 'NONE',  ( -0.02353303745295729985, 0.005197079264617109756, 0.03468105324525420224 ) ) ;
#1741 = CARTESIAN_POINT ( 'NONE',  ( 0.1474045838693498756, 0.02001452565399520350, 4.902144955723562260E-18 ) ) ;
#1742 = CARTESIAN_POINT ( 'NONE',  ( -3.302109943360170049E-05, -0.02430736797300670285, 0.05908258404452249729 ) ) ;
#1743 = ORIENTED_EDGE ( 'NONE', *, *, #6232, .F. ) ;
#1744 = CARTESIAN_POINT ( 'NONE',  ( -0.04149169152544309597, -0.0005530736019520360227, 0.04359160317639570320 ) ) ;
#1745 = CARTESIAN_POINT ( 'NONE',  ( 0.02445002561347340078, -0.002878079633342780098, 0.05285854449031019558 ) ) ;
#1746 = CARTESIAN_POINT ( 'NONE',  ( 0.001683695173628539958, 0.02631550826419070191, 0.02024226799299709903 ) ) ;
#1747 = DIRECTION ( 'NONE',  ( -1.000000000000000000, -0.000000000000000000, -0.000000000000000000 ) ) ;
#1748 = CARTESIAN_POINT ( 'NONE',  ( 0.02409999999999999296, -0.02409999999999999296, 0.06813473812597228840 ) ) ;
#1749 = CARTESIAN_POINT ( 'NONE',  ( 4.922279734890129814E-05, 0.02662563421756930157, 0.006179519586470099551 ) ) ;
#1750 = CARTESIAN_POINT ( 'NONE',  ( 0.002404526638431369982, 0.04967670737730599945, 0.03138504530125099667 ) ) ;
#1751 = ORIENTED_EDGE ( 'NONE', *, *, #5633, .F. ) ;
#1752 = CARTESIAN_POINT ( 'NONE',  ( 0.4570000000000000173, 0.000000000000000000, 0.000000000000000000 ) ) ;
#1753 = CARTESIAN_POINT ( 'NONE',  ( 0.02361600734668959853, 0.004806908244286030134, 0.02851020692969170184 ) ) ;
#1754 = CARTESIAN_POINT ( 'NONE',  ( 0.02360600952865839902, -0.004854830226882340255, 0.02849589118556120071 ) ) ;
#1755 =( GEOMETRIC_REPRESENTATION_CONTEXT ( 3 ) GLOBAL_UNCERTAINTY_ASSIGNED_CONTEXT ( ( #3182 ) ) GLOBAL_UNIT_ASSIGNED_CONTEXT ( ( #3136, #764, #1285 ) ) REPRESENTATION_CONTEXT ( 'NONE', 'WORKASPACE' ) );
#1756 = CARTESIAN_POINT ( 'NONE',  ( 0.003731257669894860046, 0.02382398403527629868, 0.02429378043064400056 ) ) ;
#1757 = ORIENTED_EDGE ( 'NONE', *, *, #1203, .F. ) ;
#1758 = CARTESIAN_POINT ( 'NONE',  ( -0.0002169651740497788555, -0.02727192795199535544, 0.007096610965331850637 ) ) ;
#1759 = CARTESIAN_POINT ( 'NONE',  ( 0.1186122119539707587, -0.01810906441835611821, -0.03621812883671223643 ) ) ;
#1760 = CARTESIAN_POINT ( 'NONE',  ( 0.02512165982172340217, -0.001924795585548310121, 0.02308841854817699976 ) ) ;
#1761 = FACE_BOUND ( 'NONE', #5119, .T. ) ;
#1762 = EDGE_CURVE ( 'NONE', #4665, #3158, #3437, .T. ) ;
#1763 = CARTESIAN_POINT ( 'NONE',  ( -0.02500038487123589989, 2.589694874670240014E-05, 0.003691030115250500208 ) ) ;
#1764 = CARTESIAN_POINT ( 'NONE',  ( 0.02395606139947220256, 0.002630055287146209654, 0.005583422209150800189 ) ) ;
#1765 = CARTESIAN_POINT ( 'NONE',  ( 0.0007828974840936400205, -0.02739583383793885163, 0.0001232932073391701793 ) ) ;
#1766 = CARTESIAN_POINT ( 'NONE',  ( 8.550298246919988971E-05, -0.03330667567358770037, 0.001283038991058779981 ) ) ;
#1767 = CARTESIAN_POINT ( 'NONE',  ( -0.02054999999999999882, 0.02054999999999999882, 0.07343700320369954404 ) ) ;
#1768 = CARTESIAN_POINT ( 'NONE',  ( 0.002707520294199049823, 0.02623424864617689839, 0.04961658923575059527 ) ) ;
#1769 = CARTESIAN_POINT ( 'NONE',  ( -0.02587081913328354021, 2.350895012420954627E-05, 0.004454409732533581856 ) ) ;
#1770 = FACE_OUTER_BOUND ( 'NONE', #4065, .T. ) ;
#1771 = CARTESIAN_POINT ( 'NONE',  ( -0.02451947059492550277, 0.003386863125062159786, 0.03948608012250580390 ) ) ;
#1772 = CARTESIAN_POINT ( 'NONE',  ( 0.002701478161198450200, 0.02394811090137519832, 0.005742451886731779996 ) ) ;
#1773 = CARTESIAN_POINT ( 'NONE',  ( -0.02390077381640700119, 0.003095837144635970022, 0.009054361419072998879 ) ) ;
#1774 = CARTESIAN_POINT ( 'NONE',  ( 0.1637415884084692519, -0.02056046466939306233, -2.517930724635445927E-18 ) ) ;
#1775 = CARTESIAN_POINT ( 'NONE',  ( 0.002672435736138309946, -0.02445618854117979912, 0.05373954158292140043 ) ) ;
#1776 = ORIENTED_EDGE ( 'NONE', *, *, #2845, .T. ) ;
#1777 = CARTESIAN_POINT ( 'NONE',  ( -0.04967670737730139896, -0.0009426204872616780793, 0.03594950436496800045 ) ) ;
#1778 = CARTESIAN_POINT ( 'NONE',  ( 0.02451472713324650068, -0.003396161585853349745, 0.03995383821075590425 ) ) ;
#1779 = CARTESIAN_POINT ( 'NONE',  ( 0.002084465193829019864, 0.02622179250674539983, 0.02447843365160179765 ) ) ;
#1780 = CARTESIAN_POINT ( 'NONE',  ( -0.02394226820965329738, 0.002752846097685749879, 0.006160217734538459521 ) ) ;
#1781 = CARTESIAN_POINT ( 'NONE',  ( -0.02409999999999999296, -0.02409999999999999296, 0.06813473812597228840 ) ) ;
#1782 = CARTESIAN_POINT ( 'NONE',  ( 0.0002177955275112510003, 0.02500793157231600075, 0.002283637589590300013 ) ) ;
#1783 = CARTESIAN_POINT ( 'NONE',  ( 0.002407100079350199713, 0.04149169152544699563, 0.03854273739595359682 ) ) ;
#1784 = CARTESIAN_POINT ( 'NONE',  ( -0.001305889416468160053, -0.02407435149206569799, 0.06012711767439050253 ) ) ;
#1785 = CARTESIAN_POINT ( 'NONE',  ( 0.02395349758143670155, 0.002653291091475649868, 0.005771300684615859704 ) ) ;
#1786 = CARTESIAN_POINT ( 'NONE',  ( 0.02350805630587339892, -0.005308673357994410022, 0.04563209351827610116 ) ) ;
#1787 = CARTESIAN_POINT ( 'NONE',  ( 0.003968008194687330792, 0.02378156206581590049, 0.05308882980735740026 ) ) ;
#1788 = VERTEX_POINT ( 'NONE', #6076 ) ;
#1789 = CARTESIAN_POINT ( 'NONE',  ( -0.001502150400504516327, -0.02700645123839135256, 0.01789449082046599970 ) ) ;
#1790 = CARTESIAN_POINT ( 'NONE',  ( 0.04852371010633722836, -0.01025504949985577355, -1.255881354509603802E-18 ) ) ;
#1791 = CARTESIAN_POINT ( 'NONE',  ( 0.03330667567358350234, -0.003010080466150669761, 0.03916842190989210104 ) ) ;
#1792 = CARTESIAN_POINT ( 'NONE',  ( -0.02622276767918369986, -2.759285119407140054E-07, -0.02308053163013940035 ) ) ;
#1793 = CARTESIAN_POINT ( 'NONE',  ( -0.02498488215160880183, -0.0002924059133063439944, 0.006028610625867860361 ) ) ;
#1794 = CARTESIAN_POINT ( 'NONE',  ( 0.02394811090137519832, -0.002701478161198450200, 0.005742451886731789537 ) ) ;
#1795 = CARTESIAN_POINT ( 'NONE',  ( -0.02719625898885649762, -0.0005861458300812109543, 0.01039974251804660042 ) ) ;
#1796 =( REPRESENTATION_RELATIONSHIP ('NONE','NONE', #4767, #3272 ) REPRESENTATION_RELATIONSHIP_WITH_TRANSFORMATION ( #3370 )SHAPE_REPRESENTATION_RELATIONSHIP( ) );
#1797 = CARTESIAN_POINT ( 'NONE',  ( -0.000000000000000000, 0.001101300718236375041, 0.04951197086679593601 ) ) ;
#1798 = DIRECTION ( 'NONE',  ( 0.000000000000000000, 1.000000000000000000, 1.000000000000000078E-15 ) ) ;
#1799 = DIRECTION ( 'NONE',  ( -1.000000000000000000, -0.000000000000000000, -0.000000000000000000 ) ) ;
#1800 = EDGE_CURVE ( 'NONE', #4181, #6401, #6147, .T. ) ;
#1801 = CARTESIAN_POINT ( 'NONE',  ( 0.002133492326052959659, 0.02684514884285850098, 0.02448463794735900034 ) ) ;
#1802 = CARTESIAN_POINT ( 'NONE',  ( 0.000000000000000000, 0.000000000000000000, 0.000000000000000000 ) ) ;
#1803 = CARTESIAN_POINT ( 'NONE',  ( 0.0009929857008871671459, -0.02409685857323839997, -0.0001496151470979679987 ) ) ;
#1804 = CARTESIAN_POINT ( 'NONE',  ( -0.02493364890230060152, -0.0008665687803264590086, 0.01032735894671399889 ) ) ;
#1805 = CARTESIAN_POINT ( 'NONE',  ( -0.002176480008668850094, -0.04967670737730549985, 0.03267743721554609848 ) ) ;
#1806 = CARTESIAN_POINT ( 'NONE',  ( -0.02354605148364359926, 0.005138073589121300300, 0.04896701793956959731 ) ) ;
#1807 = CARTESIAN_POINT ( 'NONE',  ( -0.02701791573941000543, 0.001454047861282200269, 0.01742386355848080104 ) ) ;
#1808 = CARTESIAN_POINT ( 'NONE',  ( -6.864546273996019818E-06, -0.02662894824104129754, 0.006172097958461380228 ) ) ;
#1809 = CARTESIAN_POINT ( 'NONE',  ( -0.02512165982172710060, 0.002582002418311120026, 0.05170529551082080066 ) ) ;
#1810 = CARTESIAN_POINT ( 'NONE',  ( 0.02453026583441480016, -0.003355224439153559838, 0.03854815210991149876 ) ) ;
#1811 = CARTESIAN_POINT ( 'NONE',  ( 0.002944690839433749749, 0.02653334235184630005, 0.03716844561198980046 ) ) ;
#1812 = CARTESIAN_POINT ( 'NONE',  ( -0.02366729503033580123, 0.004546800057181590339, 0.02421969413049209971 ) ) ;
#1813 = CARTESIAN_POINT ( 'NONE',  ( -2.735994021829340244E-05, -0.04221725481721219642, -0.007331533897108340192 ) ) ;
#1814 = CARTESIAN_POINT ( 'NONE',  ( 0.003011271797270830344, 0.02512165982172350279, 0.04632593202652039721 ) ) ;
#1815 = CARTESIAN_POINT ( 'NONE',  ( -0.002703933825768499964, -0.02394783383557759840, 0.005761784500687880742 ) ) ;
#1816 = CARTESIAN_POINT ( 'NONE',  ( 0.02538203370799576100, -0.0004588397362634400833, 0.006088619901521236111 ) ) ;
#1817 = CARTESIAN_POINT ( 'NONE',  ( 0.02364622467145490251, -0.004655095810394829954, 0.02564456829601220039 ) ) ;
#1818 = CARTESIAN_POINT ( 'NONE',  ( -0.003307511040002759743, 0.02387212476798740088, 0.01144394685114579965 ) ) ;
#1819 = ORIENTED_EDGE ( 'NONE', *, *, #6137, .F. ) ;
#1820 = CARTESIAN_POINT ( 'NONE',  ( 0.02728984862436060685, -0.0001184119273238592773, 0.006369554063585320530 ) ) ;
#1821 = CARTESIAN_POINT ( 'NONE',  ( 0.003979251012898010406, 0.001661941657750860401, -0.003323883315501719934 ) ) ;
#1822 = CARTESIAN_POINT ( 'NONE',  ( 0.04967670737730289776, -0.0004128385556363559973, -0.01106966895594829921 ) ) ;
#1823 = DIRECTION ( 'NONE',  ( 0.000000000000000000, 0.000000000000000000, -1.000000000000000000 ) ) ;
#1824 = EDGE_CURVE ( 'NONE', #3751, #1935, #4001, .T. ) ;
#1825 = CARTESIAN_POINT ( 'NONE',  ( -0.02398490362452060029, -0.002352930150469779904, 0.003344674424668009696 ) ) ;
#1826 = DIRECTION ( 'NONE',  ( 0.7521489355498118812, 4.658274186609949208E-05, -0.6589931536680280200 ) ) ;
#1827 = CARTESIAN_POINT ( 'NONE',  ( -0.000000000000000000, -0.0002089625726402337435, 0.05033785470758996017 ) ) ;
#1828 = PRODUCT_CONTEXT ( 'NONE', #5576, 'mechanical' ) ;
#1829 = CARTESIAN_POINT ( 'NONE',  ( -0.02402365881396084993, 0.001916736335629455048, -0.0003486887862651079730 ) ) ;
#1830 = CARTESIAN_POINT ( 'NONE',  ( -0.02622276767918369986, -6.267447813055410045E-05, -0.02263671466962989889 ) ) ;
#1831 = CARTESIAN_POINT ( 'NONE',  ( 0.06122476143659144610, 0.01203583586195126204, 0.000000000000000000 ) ) ;
#1832 = CARTESIAN_POINT ( 'NONE',  ( -0.0008641109286782150227, -0.02669150975354310160, 0.0003434517697163790018 ) ) ;
#1833 = CARTESIAN_POINT ( 'NONE',  ( -0.02470019662144000080, 0.002601510669872240163, 0.02630774896084149897 ) ) ;
#1834 = CARTESIAN_POINT ( 'NONE',  ( -0.0009377117721684719931, -0.04149169152544469885, 0.04322565457049340476 ) ) ;
#1835 = CARTESIAN_POINT ( 'NONE',  ( -0.02349970829371450173, 0.005345464117149280152, 0.04420262074844970301 ) ) ;
#1836 = CARTESIAN_POINT ( 'NONE',  ( 1.223409797931033241E-05, 2.367459257430025777E-05, 4.734918514860053586E-05 ) ) ;
#1837 = CARTESIAN_POINT ( 'NONE',  ( -0.001959048960054930212, -0.02625303096527040192, 0.02306606979626379950 ) ) ;
#1838 = CARTESIAN_POINT ( 'NONE',  ( -0.04149169152544379680, 0.001508684843571899987, 0.04212731087740809871 ) ) ;
#1839 = CARTESIAN_POINT ( 'NONE',  ( 0.02445261350138220116, 0.002518842475448690270, 0.05460050432198959580 ) ) ;
#1840 = CARTESIAN_POINT ( 'NONE',  ( 0.002666170980288959640, 0.02667075699397909727, 0.03154074111348909720 ) ) ;
#1841 = CARTESIAN_POINT ( 'NONE',  ( -3.331026927203849567E-05, 0.02729982336071630142, 0.006175213226706000036 ) ) ;
#1842 = CARTESIAN_POINT ( 'NONE',  ( -0.003307511040002759743, 0.02387212476798740088, 0.01144394685114579965 ) ) ;
#1843 = EDGE_CURVE ( 'NONE', #1340, #2700, #2813, .T. ) ;
#1844 = CARTESIAN_POINT ( 'NONE',  ( 0.0005318081265415750035, 0.04149169152544259637, 0.04366578062640900232 ) ) ;
#1845 = CARTESIAN_POINT ( 'NONE',  ( -0.001896163352312500109, -0.02404199778414880043, 0.006527054528835369608 ) ) ;
#1846 = CARTESIAN_POINT ( 'NONE',  ( 0.02367680303709840048, 0.004497022404660939998, 0.02424645683511929967 ) ) ;
#1847 = CARTESIAN_POINT ( 'NONE',  ( 0.02352122587618209887, -0.005250112750221080059, 0.04706182638179749744 ) ) ;
#1848 = CARTESIAN_POINT ( 'NONE',  ( -0.004288683237962379567, 0.02372647425357789913, 0.04985318486623720180 ) ) ;
#1849 = CARTESIAN_POINT ( 'NONE',  ( 0.002692492155629490520, -0.02626001087185377697, 0.04918192337041769890 ) ) ;
#1850 = CARTESIAN_POINT ( 'NONE',  ( 0.02826114334772389380, 0.007013549795020895469, 0.000000000000000000 ) ) ;
#1851 = CARTESIAN_POINT ( 'NONE',  ( 0.02512165982172500159, -0.003044401677081259947, 0.04286488461257920157 ) ) ;
#1852 = DIRECTION ( 'NONE',  ( 1.000000000000000000, 0.000000000000000000, 0.000000000000000000 ) ) ;
#1853 = ORIENTED_EDGE ( 'NONE', *, *, #1616, .F. ) ;
#1854 = CARTESIAN_POINT ( 'NONE',  ( 0.02399984883051520246, -0.002208776643283730072, 0.001914133044643660016 ) ) ;
#1855 = CARTESIAN_POINT ( 'NONE',  ( 6.845604521004680296E-05, 0.02500284064795319991, 0.004091030149803319763 ) ) ;
#1856 = CARTESIAN_POINT ( 'NONE',  ( 0.000000000000000000, 0.001298107558885288693, 0.04910603174891417511 ) ) ;
#1857 = DIRECTION ( 'NONE',  ( 0.000000000000000000, 0.000000000000000000, 1.000000000000000000 ) ) ;
#1858 = CARTESIAN_POINT ( 'NONE',  ( -0.02406860416752060194, 0.001544413289959740152, 0.003863597505638130189 ) ) ;
#1859 = CARTESIAN_POINT ( 'NONE',  ( -0.001543510856083830018, 0.02699301842343239735, 0.01886910888749429929 ) ) ;
#1860 = CARTESIAN_POINT ( 'NONE',  ( -3.583149667194940048E-05, 0.04967670737730060099, -0.01342094156759589957 ) ) ;
#1861 = CARTESIAN_POINT ( 'NONE',  ( 3.460742874093260415E-05, -0.02729834196936519949, 0.006185733690552300788 ) ) ;
#1862 = CARTESIAN_POINT ( 'NONE',  ( -0.02541646798342120026, -0.001583216437152979968, 0.05594311072132990281 ) ) ;
#1863 = CARTESIAN_POINT ( 'NONE',  ( -0.0005410766485167790504, -0.03330667567358780445, 0.05082892550270629722 ) ) ;
#1864 = CARTESIAN_POINT ( 'NONE',  ( 0.004433333405516000358, 0.02368882001326819836, 0.02279533797157690111 ) ) ;
#1865 = CARTESIAN_POINT ( 'NONE',  ( -0.0003873428114867320240, -0.02656058375310350189, 0.008970174111362349059 ) ) ;
#1866 = CARTESIAN_POINT ( 'NONE',  ( -0.04149169152543839834, -0.002729454860782410276, 0.01878155754559230131 ) ) ;
#1867 = CARTESIAN_POINT ( 'NONE',  ( 0.02581238165898110115, 0.002962401173833889914, 0.04416755291373139491 ) ) ;
#1868 = CARTESIAN_POINT ( 'NONE',  ( -0.0005125414159125120427, 0.02653595427259879819, 0.01039820099335550009 ) ) ;
#1869 = CARTESIAN_POINT ( 'NONE',  ( -0.02355178795738190056, -0.005111404611350070341, 0.04850830620937629512 ) ) ;
#1870 = DIRECTION ( 'NONE',  ( -1.000000000000000000, -0.000000000000000000, -0.000000000000000000 ) ) ;
#1871 = CARTESIAN_POINT ( 'NONE',  ( -0.0005530736019520190007, 0.04149169152544209677, 0.04359160317639659832 ) ) ;
#1872 = CARTESIAN_POINT ( 'NONE',  ( -0.004030578339770900589, -0.02377086776159390014, 0.05262803163410929852 ) ) ;
#1873 = B_SPLINE_CURVE_WITH_KNOTS ( 'NONE', 3,
 ( #3706, #1684, #3674, #5653 ),
 .UNSPECIFIED., .F., .F.,
 ( 4, 4 ),
 ( 1.014629931869117975E-05, 0.001211345273696100028 ),
 .UNSPECIFIED. ) ;
#1874 = EDGE_LOOP ( 'NONE', ( #5790, #4602, #6043, #1112 ) ) ;
#1875 = CARTESIAN_POINT ( 'NONE',  ( -0.02394811090137519832, 0.002701478161198439792, 0.005742451886731779996 ) ) ;
#1876 = ADVANCED_FACE ( 'NONE', ( #673 ), #3435, .F. ) ;
#1877 = CARTESIAN_POINT ( 'NONE',  ( 0.02404855162058459894, -0.001811155897796759952, 0.005872797973552840688 ) ) ;
#1878 = CARTESIAN_POINT ( 'NONE',  ( -0.004561904277658930008, 0.02367671910351869941, 0.04279135009969699949 ) ) ;
#1879 = CARTESIAN_POINT ( 'NONE',  ( 0.02730408992393754813, -9.260469555341528907E-05, 0.006173173447804349706 ) ) ;
#1880 = CARTESIAN_POINT ( 'NONE',  ( 0.1326814563336177477, 0.01914736586798890250, -0.03829473173597779806 ) ) ;
#1881 = CARTESIAN_POINT ( 'NONE',  ( 0.03330667567358390480, 0.001971958465186360136, 0.04763333915137749758 ) ) ;
#1882 = ORIENTED_EDGE ( 'NONE', *, *, #4106, .T. ) ;
#1883 = CARTESIAN_POINT ( 'NONE',  ( 0.02730791774704470140, -2.811596773687620020E-05, 0.005732431120066700143 ) ) ;
#1884 = CARTESIAN_POINT ( 'NONE',  ( 0.000000000000000000, 6.578515956843808779E-05, 0.0003309238554237160226 ) ) ;
#1885 = CARTESIAN_POINT ( 'NONE',  ( -0.000000000000000000, -0.003040982905760263467, 0.03531650728059494010 ) ) ;
#1886 = EDGE_CURVE ( 'NONE', #4004, #200, #1576, .T. ) ;
#1887 = DIRECTION ( 'NONE',  ( 0.000000000000000000, 0.000000000000000000, 1.000000000000000000 ) ) ;
#1888 = B_SPLINE_CURVE_WITH_KNOTS ( 'NONE', 3,
 ( #255, #6132, #321, #5671, #4724, #2288 ),
 .UNSPECIFIED., .F., .F.,
 ( 4, 2, 4 ),
 ( 4.551468311690219811E-18, 0.001097461923581490029, 0.002194923847162975287 ),
 .UNSPECIFIED. ) ;
#1889 = CARTESIAN_POINT ( 'NONE',  ( 0.02730659893060220084, -2.828339077276920173E-05, 0.005732395045064299886 ) ) ;
#1890 = CARTESIAN_POINT ( 'NONE',  ( -0.002850186091421569746, 0.02631768366734539913, 0.04691864326576329625 ) ) ;
#1891 = CARTESIAN_POINT ( 'NONE',  ( 0.002575290905111729967, 0.04967670737730529862, 0.03023284672936920117 ) ) ;
#1892 = CARTESIAN_POINT ( 'NONE',  ( -5.308059594777500155E-05, -0.02663081359835029957, 0.006156752556633420491 ) ) ;
#1893 = CARTESIAN_POINT ( 'NONE',  ( -0.02617954493070720132, 0.002247748515151910213, 0.02636074983694289969 ) ) ;
#1894 = CARTESIAN_POINT ( 'NONE',  ( -0.001923791876105689948, -0.04967670737727229724, 0.001599139545538199973 ) ) ;
#1895 = CARTESIAN_POINT ( 'NONE',  ( 0.02349569728495840004, -0.005363041402886360373, 0.04277383561447990062 ) ) ;
#1896 = CARTESIAN_POINT ( 'NONE',  ( -0.002053577139729789811, 0.02401250414649279755, 0.0009298457366543190321 ) ) ;
#1897 = CARTESIAN_POINT ( 'NONE',  ( -9.018698740044529523E-05, -0.02660864395975810065, 0.006763862830613410343 ) ) ;
#1898 = CARTESIAN_POINT ( 'NONE',  ( -0.04149169152544349842, -0.002800017316446759986, 0.03465236563620049948 ) ) ;
#1899 = CARTESIAN_POINT ( 'NONE',  ( 0.02612718814847780208, -0.002433244606834070178, 0.02871349352986470038 ) ) ;
#1900 = CARTESIAN_POINT ( 'NONE',  ( -0.0008572615401431749830, 0.02647661486180869980, 0.01321579210706609955 ) ) ;
#1901 = CARTESIAN_POINT ( 'NONE',  ( -0.02382398272126389979, 0.003731266051027509918, 0.02429377138671279940 ) ) ;
#1902 = CARTESIAN_POINT ( 'NONE',  ( -0.004497014238723259609, 0.02367680468398829924, 0.02424646007740200240 ) ) ;
#1903 = CARTESIAN_POINT ( 'NONE',  ( -5.979468666162290387E-05, 0.03330667567358289866, 0.05095909797376479977 ) ) ;
#1904 = CARTESIAN_POINT ( 'NONE',  ( -0.001901250070252640022, -0.02404159704130140116, 0.006567530439160390587 ) ) ;
#1905 = PLANE ( 'NONE',  #5623 ) ;
#1906 = CARTESIAN_POINT ( 'NONE',  ( 0.02367364325541750081, -0.004575327280905490401, 0.04560348391541029639 ) ) ;
#1907 = CARTESIAN_POINT ( 'NONE',  ( -0.003900258110020550159, 0.02379661600111019834, 0.02715489482993209761 ) ) ;
#1908 = CARTESIAN_POINT ( 'NONE',  ( -0.02402002429093630029, 0.001961742402361309895, 1.308303121145060230E-19 ) ) ;
#1909 = CARTESIAN_POINT ( 'NONE',  ( -0.002368541650644837102, -0.02614372506146828493, 0.05225616331869380182 ) ) ;
#1910 = EDGE_CURVE ( 'NONE', #6409, #713, #832, .T. ) ;
#1911 = CARTESIAN_POINT ( 'NONE',  ( 0.1632247789736557542, 0.02055518108694219526, -0.04111036217388438357 ) ) ;
#1912 = CARTESIAN_POINT ( 'NONE',  ( 0.04149169152544739808, -0.002179466390596149737, 0.03983547891524540085 ) ) ;
#1913 = CARTESIAN_POINT ( 'NONE',  ( -3.753749295205699855E-05, 0.04967670737730049690, -0.01340884686763799995 ) ) ;
#1914 = CARTESIAN_POINT ( 'NONE',  ( 0.02395355126310079810, 0.002652806461802990120, 0.005767368159644180835 ) ) ;
#1915 = LINE ( 'NONE', #5857, #4531 ) ;
#1916 = CARTESIAN_POINT ( 'NONE',  ( 0.000000000000000000, 0.0008983775817459245527, 0.04981339499117447972 ) ) ;
#1917 = SHAPE_DEFINITION_REPRESENTATION ( #3901, #829 ) ;
#1918 = CARTESIAN_POINT ( 'NONE',  ( -0.02640183677219591629, 0.003030614920920341338, 0.04275291359552420289 ) ) ;
#1919 = CARTESIAN_POINT ( 'NONE',  ( 0.04967670737730060099, -2.689257481611769771E-05, -0.01386707384036130024 ) ) ;
#1920 = CARTESIAN_POINT ( 'NONE',  ( 0.02054999999999999882, 0.000000000000000000, 0.07343700320369959955 ) ) ;
#1921 = CARTESIAN_POINT ( 'NONE',  ( 0.002994831192286790105, 0.04967670737729369679, 0.01854478443794159784 ) ) ;
#1922 = CARTESIAN_POINT ( 'NONE',  ( 0.001018633390019110015, -0.02409580766995529991, 5.153017433674500117E-05 ) ) ;
#1923 = CARTESIAN_POINT ( 'NONE',  ( -0.02498364165706489989, -0.0003059846288082990261, 0.006112485037378559416 ) ) ;
#1924 = CARTESIAN_POINT ( 'NONE',  ( -0.002404526638431339625, -0.04967670737730589536, 0.03138504530125089953 ) ) ;
#1925 = CARTESIAN_POINT ( 'NONE',  ( 0.02388663194863350006, -0.003201139648410670190, 0.01000035809871729908 ) ) ;
#1926 = CARTESIAN_POINT ( 'NONE',  ( -0.002278131210122030098, 0.02399212372141610108, 0.002740966859490049940 ) ) ;
#1927 = CARTESIAN_POINT ( 'NONE',  ( 0.001387023785135989892, -0.02637547518131920163, 0.01792290206200039884 ) ) ;
#1928 = CARTESIAN_POINT ( 'NONE',  ( -0.04967670737729979608, -0.002984339788984019960, 0.02208792028286999873 ) ) ;
#1929 = CARTESIAN_POINT ( 'NONE',  ( 0.02540954373413029793, -0.001648236936579059939, 0.05593353819236480257 ) ) ;
#1930 = CARTESIAN_POINT ( 'NONE',  ( 0.0002015501742405340221, 0.02727389989090010097, 0.006982368931196089937 ) ) ;
#1931 = CARTESIAN_POINT ( 'NONE',  ( -0.02394865088784619775, -0.002696803805306369987, 0.006125385272773420722 ) ) ;
#1932 = CARTESIAN_POINT ( 'NONE',  ( 0.0002726644366755665190, 0.02468008288288252999, -2.618324423750850718E-19 ) ) ;
#1933 = CARTESIAN_POINT ( 'NONE',  ( -6.762427836813110558E-05, 0.04149169152544259637, 0.04379003240612789477 ) ) ;
#1934 = CARTESIAN_POINT ( 'NONE',  ( -0.001811155897796759952, -0.02404855162058459894, 0.005872797973552840688 ) ) ;
#1935 = VERTEX_POINT ( 'NONE', #3006 ) ;
#1936 = CARTESIAN_POINT ( 'NONE',  ( 0.001208486282665689835, -0.04967670737730119773, 0.03548552656566000135 ) ) ;
#1937 = CIRCLE ( 'NONE', #1119, 0.02056046467050398271 ) ;
#1938 = CARTESIAN_POINT ( 'NONE',  ( 0.02371955718671690111, 0.004265864243240939831, 0.02140384614592499846 ) ) ;
#1939 = CARTESIAN_POINT ( 'NONE',  ( 0.0003731277260588629959, 0.02498049144195639906, 0.006193498041513680052 ) ) ;
#1940 = CARTESIAN_POINT ( 'NONE',  ( 0.02719243311820115569, -2.841667056508161504E-05, 0.005820754675839921385 ) ) ;
#1941 = CARTESIAN_POINT ( 'NONE',  ( 0.0004083106472091309596, -0.02722862131019784110, 0.008993903249262939423 ) ) ;
#1942 = CARTESIAN_POINT ( 'NONE',  ( 0.1606410331029352323, -0.02051151099262209926, -2.511935628279040402E-18 ) ) ;
#1943 = VERTEX_POINT ( 'NONE', #5049 ) ;
#1944 = CARTESIAN_POINT ( 'NONE',  ( 0.04967670737730119773, -0.0009323122743887770269, 0.03606377774801369784 ) ) ;
#1945 = CARTESIAN_POINT ( 'NONE',  ( -0.0001660630876374809977, 0.02512165982172380116, 0.009039133715374469275 ) ) ;
#1946 =( LENGTH_UNIT ( ) NAMED_UNIT ( * ) SI_UNIT ( $, .METRE. ) );
#1947 = CARTESIAN_POINT ( 'NONE',  ( -0.0002171376231147439982, 0.02501505576527320029, 0.002083284196948729811 ) ) ;
#1948 = CARTESIAN_POINT ( 'NONE',  ( 0.04967670737731679637, -0.002814682857649449931, 0.02811403963872960085 ) ) ;
#1949 = CARTESIAN_POINT ( 'NONE',  ( -0.02603740107025532755, -0.001893667945082535588, 0.05435615965533770189 ) ) ;
#1950 = CARTESIAN_POINT ( 'NONE',  ( -0.02662509485685774988, 4.814936518592988587E-05, 0.006186775697869514173 ) ) ;
#1951 = CARTESIAN_POINT ( 'NONE',  ( -0.0007584735211078950760, 0.02716266680785249868, 0.01180773130497910113 ) ) ;
#1952 = EDGE_CURVE ( 'NONE', #3215, #4164, #1055, .T. ) ;
#1953 = CARTESIAN_POINT ( 'NONE',  ( -3.753749295205699855E-05, 0.04967670737730049690, -0.01340884686763799995 ) ) ;
#1954 = CARTESIAN_POINT ( 'NONE',  ( -0.03475780225712390287, -3.501545166640440085E-05, -0.0003498292425328740070 ) ) ;
#1955 = PRODUCT_DEFINITION_FORMATION_WITH_SPECIFIED_SOURCE ( 'ANY', '', #3490, .NOT_KNOWN. ) ;
#1956 = CARTESIAN_POINT ( 'NONE',  ( -0.02589583734478389729, -0.002949421995894580158, 0.03997817631322760079 ) ) ;
#1957 = CARTESIAN_POINT ( 'NONE',  ( 0.002960825893239610145, -0.04149169152544559397, 0.02645406978912409959 ) ) ;
#1958 = CARTESIAN_POINT ( 'NONE',  ( 0.02393647230644359997, -0.002802988490729639830, 0.006573493982990189811 ) ) ;
#1959 = CARTESIAN_POINT ( 'NONE',  ( -0.001146700513383600017, 0.02408996046072819919, 0.001057504856624480027 ) ) ;
#1960 = CARTESIAN_POINT ( 'NONE',  ( 0.002933274742459630272, -0.02578552890877140041, 0.04555308503534349907 ) ) ;
#1961 = CARTESIAN_POINT ( 'NONE',  ( -0.02512165982172680223, -3.448836701482510579E-05, 0.008092821148951719057 ) ) ;
#1962 = VECTOR ( 'NONE', #4923, 1.000000000000000000 ) ;
#1963 = CARTESIAN_POINT ( 'NONE',  ( 0.02638577209333509838, 0.001338141058093939972, 0.01745223833245250142 ) ) ;
#1964 = CARTESIAN_POINT ( 'NONE',  ( 0.001095434310976929919, 0.02563448781856320080, 0.05687698360516740131 ) ) ;
#1965 = CARTESIAN_POINT ( 'NONE',  ( -0.02373059416857449880, -0.004210923149029640287, 0.05509550498182599898 ) ) ;
#1966 = CARTESIAN_POINT ( 'NONE',  ( -0.004142933514870729937, 0.02374134569138470000, 0.01998187580632750093 ) ) ;
#1967 = CARTESIAN_POINT ( 'NONE',  ( 0.0009430452711882249739, 0.03330667567358300274, 0.05038749855471150174 ) ) ;
#1968 = CARTESIAN_POINT ( 'NONE',  ( 0.002853591746711009805, -0.02393058026494089899, 0.007426413419303009612 ) ) ;
#1969 = EDGE_LOOP ( 'NONE', ( #5656, #6015, #3991, #3443 ) ) ;
#1970 = CARTESIAN_POINT ( 'NONE',  ( -0.0002153322155579719891, -0.04967670737730039976, -0.01252326239111050017 ) ) ;
#1971 = B_SPLINE_CURVE_WITH_KNOTS ( 'NONE', 3,
 ( #4672, #1685, #5624, #238, #1141, #4579, #2204, #1233, #144, #3612, #5590, #3119, #2628, #1171, #114, #3152, #3675, #5654, #5125, #681, #2070, #206, #6179, #1200, #5193, #4064, #6050, #1590, #5559, #1108, #3087 ),
 .UNSPECIFIED., .F., .F.,
 ( 4, 1, 1, 1, 1, 1, 1, 1, 1, 1, 1, 1, 1, 1, 1, 1, 1, 1, 1, 1, 1, 1, 1, 1, 1, 1, 1, 1, 4 ),
 ( 0.000000000000000000, 0.008928571428571429811, 0.01785714285714290125, 0.03571428571428569843, 0.07142857142857139685, 0.1428571428571430157, 0.2142857142857139963, 0.2500000000000000000, 0.2857142857142860315, 0.3571428571428569843, 0.4285714285714289917, 0.4523809523809519950, 0.4642857142857140240, 0.4761904761904759975, 0.4880952380952379710, 0.5000000000000000000, 0.5119047619047620845, 0.5238095238095240580, 0.5476190476190480050, 0.5714285714285709528, 0.5952380952380950108, 0.6190476190476190688, 0.7142857142857139685, 0.8571428571428569843, 0.9285714285714290472, 0.9642857142857139685, 0.9821428571428569843, 0.9910714285714290472, 1.000000000000000000 ),
 .UNSPECIFIED. ) ;
#1972 = CARTESIAN_POINT ( 'NONE',  ( 0.02373803893378300181, -0.004239203896805040367, 0.03140154789223029846 ) ) ;
#1973 = B_SPLINE_SURFACE_WITH_KNOTS ( 'NONE', 3, 3, ( 
 ( #1054, #2049, #155, #4556, #6094, #1086, #1538, #6061, #3031, #4525, #533, #3560, #1634, #3065, #1020, #3494, #5043, #2477, #3097, #2540, #124 ),
 ( #2081, #630, #4075, #2506, #4459, #2608, #4043, #5012, #4492, #5601, #1601, #28, #2114, #1150, #3975, #5473, #3131, #5960, #2996, #59, #6026 ),
 ( #1569, #1698, #2182, #3687, #1793, #4170, #2768, #3758, #6127, #5730, #1763, #2148, #220, #5172, #1662, #2705, #5105, #6159, #1281, #5667, #1213 ),
 ( #1180, #693, #3194, #724, #4685, #6192, #659, #2216, #2737, #4719, #250, #4201, #1315, #1730, #2675, #3789, #3655, #794, #3719, #5635, #5762 ),
 ( #2640, #5698, #3162, #4619, #1248, #3226, #4751, #4652, #5205, #760, #316, #5139, #284, #2248, #4236, #4138, #6225, #3258, #5239, #186, #2282 ) ),
 .UNSPECIFIED., .F., .F., .F.,
 ( 4, 1, 4 ),
 ( 4, 2, 1, 1, 1, 1, 1, 1, 1, 1, 1, 1, 1, 1, 3, 4 ),
 ( 0.000000000000000000, 0.5714285714285709528, 1.000000000000000000 ),
 ( 7.192261068383349754E-19, 0.001211915471552419982, 0.008831778982229690142, 0.01645164249290700237, 0.03169136951426149845, 0.06217082355697060164, 0.1231297316423889954, 0.1840886397278070075, 0.2450475478132249918, 0.3060064558986430039, 0.3669653639840609882, 0.4279242720694789726, 0.4888831801548979561, 0.5498420882403159959, 0.6108009963257340358, 0.6169090062889910353 ),
 .UNSPECIFIED. ) ;
#1974 = CARTESIAN_POINT ( 'NONE',  ( -0.004468336657692350070, 0.02369386321114430247, 0.04704186287518610093 ) ) ;
#1975 = CARTESIAN_POINT ( 'NONE',  ( 0.02502349531723402354, -1.302000411311818212E-05, 0.0005639954964818385749 ) ) ;
#1976 = CARTESIAN_POINT ( 'NONE',  ( 0.02689029197925649553, 0.001952222066296122223, 0.02310166393540388774 ) ) ;
#1977 = DIRECTION ( 'NONE',  ( 1.000000000000000000, 0.000000000000000000, 0.000000000000000000 ) ) ;
#1978 = ORIENTED_EDGE ( 'NONE', *, *, #3715, .T. ) ;
#1979 = CARTESIAN_POINT ( 'NONE',  ( 0.04967670737730729702, 0.002570383532412289906, 0.02995616280963680003 ) ) ;
#1980 = CARTESIAN_POINT ( 'NONE',  ( -3.493607690052999659E-05, 0.03330667567358280151, 0.0009215669101042349952 ) ) ;
#1981 = CARTESIAN_POINT ( 'NONE',  ( 0.000000000000000000, 0.002579217041314809614, 0.04460389768228229662 ) ) ;
#1982 = CARTESIAN_POINT ( 'NONE',  ( -0.000000000000000000, -0.001397503184967518975, 0.01113975840999900657 ) ) ;
#1983 = CARTESIAN_POINT ( 'NONE',  ( -0.02638263128437701513, -0.002951796410119561596, 0.04416459095803080409 ) ) ;
#1984 = CARTESIAN_POINT ( 'NONE',  ( -4.968802868430609949E-05, -0.02730257154696320160, 0.005881921061296270167 ) ) ;
#1985 = CARTESIAN_POINT ( 'NONE',  ( -0.02622276767918369986, -2.759285119407140054E-07, -0.02308053163013940035 ) ) ;
#1986 = DIRECTION ( 'NONE',  ( 1.000000000000000000, 0.000000000000000000, 0.000000000000000000 ) ) ;
#1987 = CARTESIAN_POINT ( 'NONE',  ( -0.02365576320249290071, -0.004607623890584690123, 0.02566741067993530065 ) ) ;
#1988 = CARTESIAN_POINT ( 'NONE',  ( -0.02603325733566810157, 0.002719428076280240233, 0.03294383108542670024 ) ) ;
#1989 = CARTESIAN_POINT ( 'NONE',  ( 0.002800017316446750011, -0.04149169152544499722, 0.03465236563619920190 ) ) ;
#1990 = CARTESIAN_POINT ( 'NONE',  ( 0.02349970915177199832, -0.005345456666833270191, 0.04420261121039689711 ) ) ;
#1991 = ADVANCED_FACE ( 'NONE', ( #540 ), #1610, .T. ) ;
#1992 = CARTESIAN_POINT ( 'NONE',  ( -0.001742625757321590021, -0.02694909642258670052, 0.02024757091247769702 ) ) ;
#1993 = CARTESIAN_POINT ( 'NONE',  ( -0.04967670737730149610, -0.001979508078096270385, 0.03327148758153540553 ) ) ;
#1994 = CARTESIAN_POINT ( 'NONE',  ( 0.02553361923013219847, -0.002058709303051149860, 0.05439362658594699973 ) ) ;
#1995 = CARTESIAN_POINT ( 'NONE',  ( -0.002928522685764370012, 0.02651331530471669889, 0.03857782875598349953 ) ) ;
#1996 = CARTESIAN_POINT ( 'NONE',  ( -0.02357628450105389920, -0.004997486350686350387, 0.04992993841574079605 ) ) ;
#1997 = CARTESIAN_POINT ( 'NONE',  ( 0.002727511033724349873, 0.02394516186920849984, 0.005953624322288679493 ) ) ;
#1998 = APPLICATION_CONTEXT ( 'automotive_design' ) ;
#1999 = CARTESIAN_POINT ( 'NONE',  ( 0.002238936440581716907, 0.001080638208088324868, 2.646800245143397115E-19 ) ) ;
#2000 = CARTESIAN_POINT ( 'NONE',  ( -0.001793074615422279947, -0.02482659364874129776, 0.01782545858144759729 ) ) ;
#2001 = ORIENTED_EDGE ( 'NONE', *, *, #2470, .T. ) ;
#2002 = CARTESIAN_POINT ( 'NONE',  ( 0.002570383532412339779, -0.04967670737730729702, 0.02995616280963680003 ) ) ;
#2003 = CARTESIAN_POINT ( 'NONE',  ( 0.02393460609163410024, -0.002947616016882610018, 0.01577704706781269881 ) ) ;
#2004 = CARTESIAN_POINT ( 'NONE',  ( 0.002878024950545669813, 0.02445000730341380032, 0.05285843186490429835 ) ) ;
#2005 = CARTESIAN_POINT ( 'NONE',  ( 0.02510802602884358234, -1.448004060010627485E-05, 0.001127012970859720895 ) ) ;
#2006 = CARTESIAN_POINT ( 'NONE',  ( 0.02649981760979470621, -0.002987241808905628966, 0.03856958504996830378 ) ) ;
#2007 = CARTESIAN_POINT ( 'NONE',  ( 0.1637415884084692519, 0.02056046466939306233, -0.04112092933878611772 ) ) ;
#2008 = ORIENTED_EDGE ( 'NONE', *, *, #3527, .T. ) ;
#2009 = CARTESIAN_POINT ( 'NONE',  ( 0.02512165982172540057, -0.001277631744305070044, 0.05696629148721039926 ) ) ;
#2010 = CARTESIAN_POINT ( 'NONE',  ( 0.002653291091475609969, -0.02395349758143670155, 0.005771300684615570005 ) ) ;
#2011 = EDGE_LOOP ( 'NONE', ( #5034, #683 ) ) ;
#2012 = CARTESIAN_POINT ( 'NONE',  ( 0.000000000000000000, 0.0008623232451758069744, 0.006328260997363139607 ) ) ;
#2013 = CARTESIAN_POINT ( 'NONE',  ( 0.04967670737730060099, -8.991404271427588942E-05, -0.01342090596433279971 ) ) ;
#2014 = CARTESIAN_POINT ( 'NONE',  ( -0.02654680589134711735, -0.002886039465481257237, 0.03717347899231979863 ) ) ;
#2015 = CARTESIAN_POINT ( 'NONE',  ( -0.02663293325692750110, 6.859172403304510315E-06, 0.006175853502980750177 ) ) ;
#2016 = CARTESIAN_POINT ( 'NONE',  ( 2.667251919534684588E-05, 0.02635729334936167886, 0.005481045393846435861 ) ) ;
#2017 =( GEOMETRIC_REPRESENTATION_CONTEXT ( 3 ) GLOBAL_UNCERTAINTY_ASSIGNED_CONTEXT ( ( #5783 ) ) GLOBAL_UNIT_ASSIGNED_CONTEXT ( ( #697, #729, #6196 ) ) REPRESENTATION_CONTEXT ( 'NONE', 'WORKASPACE' ) );
#2018 = DIRECTION ( 'NONE',  ( -8.720158745967485309E-05, 0.7522870727714127126, -0.6588354517911906294 ) ) ;
#2019 = CARTESIAN_POINT ( 'NONE',  ( -0.02729834969703550177, -3.406834207256490124E-05, 0.006181889013820500607 ) ) ;
#2020 = CARTESIAN_POINT ( 'NONE',  ( -0.02653307800631560243, 0.002950599377497800310, 0.03716995685092729790 ) ) ;
#2021 = CARTESIAN_POINT ( 'NONE',  ( 0.0001619348072018340185, -0.04967670737730009445, -0.01251463545584600122 ) ) ;
#2022 = CARTESIAN_POINT ( 'NONE',  ( 0.005250115521323050344, 0.02352122449896209763, 0.04706182204250660556 ) ) ;
#2023 = CARTESIAN_POINT ( 'NONE',  ( 0.0008950756309253870809, 0.02669349449691599957, 0.0001221662507857989969 ) ) ;
#2024 = CARTESIAN_POINT ( 'NONE',  ( -0.0001788148509678999997, -0.02727817346198690290, 0.006814460077552770244 ) ) ;
#2025 = CARTESIAN_POINT ( 'NONE',  ( -0.04967670737730119773, 0.0009323122743887659681, 0.03606377774801369784 ) ) ;
#2026 = PRODUCT_DEFINITION_SHAPE ( 'NONE', 'NONE',  #5834 ) ;
#2027 = CARTESIAN_POINT ( 'NONE',  ( 0.02728984862436070052, -0.0001184119273238720032, 0.006369554063585320530 ) ) ;
#2028 = CARTESIAN_POINT ( 'NONE',  ( -0.0009436238395755410218, 0.02559124557619949988, 0.05708677043889159863 ) ) ;
#2029 = CARTESIAN_POINT ( 'NONE',  ( -0.02384434177198969940, -0.003567819633560600102, 0.05491508617671310433 ) ) ;
#2030 = CARTESIAN_POINT ( 'NONE',  ( -0.005195634675346639912, 0.02353331840690780011, 0.04708467733569170199 ) ) ;
#2031 = CARTESIAN_POINT ( 'NONE',  ( 0.02826114334772389380, 0.007013549795020892000, 0.01402709959004178920 ) ) ;
#2032 = CARTESIAN_POINT ( 'NONE',  ( 0.004562464032406880581, -0.02367674001288720340, 0.04184302429375380550 ) ) ;
#2033 = ORIENTED_EDGE ( 'NONE', *, *, #2359, .F. ) ;
#2034 = CARTESIAN_POINT ( 'NONE',  ( -0.02512165982172699999, 0.0008904916611158200570, 0.01408091294462560095 ) ) ;
#2035 = CARTESIAN_POINT ( 'NONE',  ( 0.02380824069328979845, 0.003830579505779449761, 0.02620998169893489979 ) ) ;
#2036 = CARTESIAN_POINT ( 'NONE',  ( -0.002505013901194909874, 0.02471535350255999949, 0.02585924539589369922 ) ) ;
#2037 = CARTESIAN_POINT ( 'NONE',  ( 0.02494384536677880099, -1.151866342497600030E-05, 6.768925697731020787E-15 ) ) ;
#2038 = CARTESIAN_POINT ( 'NONE',  ( 0.02691438784512180729, -0.001876614543766271567, 0.02165980441420629898 ) ) ;
#2039 = CARTESIAN_POINT ( 'NONE',  ( 0.1639999999999998959, 0.02056046467050398271, -0.04112092934100795849 ) ) ;
#2040 = VERTEX_POINT ( 'NONE', #5082 ) ;
#2041 = CARTESIAN_POINT ( 'NONE',  ( 0.04149169152544159717, 0.0001633642120505880159, -0.005329641824941529563 ) ) ;
#2042 = CARTESIAN_POINT ( 'NONE',  ( -8.644873561279490355E-05, 0.02512165982172380116, 0.008464356759896190380 ) ) ;
#2043 = ORIENTED_EDGE ( 'NONE', *, *, #108, .T. ) ;
#2044 = CARTESIAN_POINT ( 'NONE',  ( -0.008740922559727880292, 1.778524306676749882E-05, 0.04275688218979629973 ) ) ;
#2045 = CARTESIAN_POINT ( 'NONE',  ( 2.828390166641530222E-05, 0.02729834969703550177, 0.005739622587699689908 ) ) ;
#2046 = DIRECTION ( 'NONE',  ( 1.000000000000000000, 0.000000000000000000, 0.000000000000000000 ) ) ;
#2047 = DIRECTION ( 'NONE',  ( -1.000000000000000000, -0.000000000000000000, -0.000000000000000000 ) ) ;
#2048 = CARTESIAN_POINT ( 'NONE',  ( 2.824557285566082094E-05, 0.02684672819829930779, 0.005884362645173136890 ) ) ;
#2049 = CARTESIAN_POINT ( 'NONE',  ( -0.02395354939223150181, -0.002652823356354249828, 0.005767505141804430205 ) ) ;
#2050 = CARTESIAN_POINT ( 'NONE',  ( -0.02376327931379169922, -0.004015264405727710269, 0.01855928164439690081 ) ) ;
#2051 = CARTESIAN_POINT ( 'NONE',  ( -0.02586623577880440075, 0.001521555119487869858, 0.05585406740364149553 ) ) ;
#2052 = CARTESIAN_POINT ( 'NONE',  ( 0.002281293988873630326, -0.04967670737729990016, 0.03187117607420240223 ) ) ;
#2053 = CARTESIAN_POINT ( 'NONE',  ( -0.005254678767829190460, 0.02352018556356180040, 0.04565834275067440218 ) ) ;
#2054 =( NAMED_UNIT ( * ) PLANE_ANGLE_UNIT ( ) SI_UNIT ( $, .RADIAN. ) );
#2055 = CARTESIAN_POINT ( 'NONE',  ( -0.0001183422098473140043, -0.02728959847087259957, 0.006369269822984149898 ) ) ;
#2056 = CARTESIAN_POINT ( 'NONE',  ( -0.04967670737730289776, 0.0004128385556363500341, -0.01106966895594829921 ) ) ;
#2057 = CARTESIAN_POINT ( 'NONE',  ( 0.02712101462822229941, -0.0009810176069373669448, 0.01319325864785469982 ) ) ;
#2058 = CARTESIAN_POINT ( 'NONE',  ( -0.002309961096991380337, 0.02678711462755459932, 0.02732709011436069979 ) ) ;
#2059 = CARTESIAN_POINT ( 'NONE',  ( -0.02375329568559510218, -0.004135780636329779159, 0.05140620640920710166 ) ) ;
#2060 = CARTESIAN_POINT ( 'NONE',  ( 0.004269661583557409976, 0.02372014897760250235, 0.05507920713004359897 ) ) ;
#2061 = CARTESIAN_POINT ( 'NONE',  ( 0.002238936440581716907, -0.001080638208088324868, -1.323400122571698558E-19 ) ) ;
#2062 = CARTESIAN_POINT ( 'NONE',  ( 0.003744674791941569967, -0.02381711842044000049, 0.05401112579034710037 ) ) ;
#2063 = VERTEX_POINT ( 'NONE', #6102 ) ;
#2064 = CARTESIAN_POINT ( 'NONE',  ( -0.02512165982172690284, 0.0004150945801003209901, 0.01043256331049020012 ) ) ;
#2065 = AXIS2_PLACEMENT_3D ( 'NONE', #1602, #3098, #3592 ) ;
#2066 = CARTESIAN_POINT ( 'NONE',  ( 0.02479217781509040000, -0.002034886506502849718, 0.02018072601565830057 ) ) ;
#2067 = CARTESIAN_POINT ( 'NONE',  ( 0.003437170484774900153, 0.02448818383397730059, 0.04275871255256409598 ) ) ;
#2068 = CARTESIAN_POINT ( 'NONE',  ( 0.02663310478505030027, -9.872908392446919047E-05, 0.005827222838583900194 ) ) ;
#2069 = CARTESIAN_POINT ( 'NONE',  ( 0.02587353113954752801, 0.001455894591145499416, 0.05586346877092962515 ) ) ;
#2070 = CARTESIAN_POINT ( 'NONE',  ( -0.02622276767917439827, -0.002249904614989639996, 0.02304031394320499998 ) ) ;
#2071 = VERTEX_POINT ( 'NONE', #3104 ) ;
#2072 = CARTESIAN_POINT ( 'NONE',  ( 0.04149169152545859746, 0.001870188592133220119, 0.008794131317338239190 ) ) ;
#2073 = CARTESIAN_POINT ( 'NONE',  ( -0.003146633886433020111, -0.02389678130831819972, 0.05816189204364430321 ) ) ;
#2074 = ORIENTED_EDGE ( 'NONE', *, *, #4864, .F. ) ;
#2075 = CARTESIAN_POINT ( 'NONE',  ( -0.01748184511945770001, 0.0003866808679165369567, -0.01262879085028210079 ) ) ;
#2076 = CARTESIAN_POINT ( 'NONE',  ( 0.04967670737727229724, -0.001923791876105629883, 0.001599139545538189999 ) ) ;
#2077 = B_SPLINE_SURFACE_WITH_KNOTS ( 'NONE', 3, 3, ( 
 ( #5881, #5395, #518, #2917, #6011, #4900, #3447, #2983, #5425, #3017, #5000, #828, #4511, #2800, #79, #3292, #4933, #3903, #5980 ),
 ( #1489, #4967, #2947, #5275, #4301, #489, #2464, #15, #3964, #1526, #5948, #2494, #47, #5459, #4479, #3117, #1683, #3672, #4544 ),
 ( #4576, #3642, #236, #3610, #4062, #5652, #709, #6048, #3576, #616, #2593, #2101, #2626, #1556, #5094, #5621, #1169, #4093, #5588 ),
 ( #1138, #5555, #2202, #111, #1198, #649, #2068, #4669, #1623, #2660, #4186, #4606, #1588, #5523, #174, #2136, #3180, #1106, #6080 ),
 ( #5157, #3085, #141, #4127, #5062, #585, #6114, #1652, #3149, #3052, #5124, #3547, #678, #2691, #204, #4638, #2167, #4155, #1074 ) ),
 .UNSPECIFIED., .F., .F., .F.,
 ( 4, 1, 4 ),
 ( 4, 2, 1, 1, 1, 1, 1, 1, 1, 1, 1, 1, 3, 4 ),
 ( 0.000000000000000000, 0.5714285714285709528, 1.000000000000000000 ),
 ( -1.738129758192710056E-18, 0.001211915471620609794, 0.008831778982297070271, 0.01645164249297350126, 0.03169136951432649507, 0.06217082355703230229, 0.1231297316424440069, 0.1840886397278559961, 0.2450475478132670137, 0.3060064558986790306, 0.3669653639840909642, 0.4888831801549139988, 0.6108009963257370334, 0.6169090062889940329 ),
 .UNSPECIFIED. ) ;
#2078 = DIRECTION ( 'NONE',  ( 1.000000000000000000, 1.345248005336729958E-13, 3.038404097356100215E-15 ) ) ;
#2079 = CARTESIAN_POINT ( 'NONE',  ( 0.0002803619004523698072, 0.02574185495071872054, 0.006120301717477102769 ) ) ;
#2080 = CARTESIAN_POINT ( 'NONE',  ( 2.779959971853704072E-05, 0.02665122319598138556, 0.005792311592414182454 ) ) ;
#2081 = CARTESIAN_POINT ( 'NONE',  ( -0.02405212209754799962, -0.001762932965939360006, 0.005896404036842349539 ) ) ;
#2082 = EDGE_CURVE ( 'NONE', #755, #3240, #4924, .T. ) ;
#2083 = CARTESIAN_POINT ( 'NONE',  ( -0.0008079131411232990832, -0.02738000709510170216, 0.0001381408674906040111 ) ) ;
#2084 = CARTESIAN_POINT ( 'NONE',  ( -0.02643382982782480073, 0.003031673992492470073, 0.04136164590882750181 ) ) ;
#2085 = CARTESIAN_POINT ( 'NONE',  ( 0.0008413029347685699929, -0.02512165982173100026, 0.01416669152223709940 ) ) ;
#2086 = CARTESIAN_POINT ( 'NONE',  ( 0.005350070565409969885, 0.02349865707600259923, 0.03991806086854179925 ) ) ;
#2087 = CARTESIAN_POINT ( 'NONE',  ( 0.0002179296041560100034, 0.02664361163563109744, 0.004971864826495329959 ) ) ;
#2088 = CARTESIAN_POINT ( 'NONE',  ( 0.0001036876196782918463, -0.0001089463074955814438, -1.334207467533871028E-20 ) ) ;
#2089 = CARTESIAN_POINT ( 'NONE',  ( -0.001139886567004139931, -0.02566184314719990173, 0.05678096634472939996 ) ) ;
#2090 = DIRECTION ( 'NONE',  ( -1.000000000000000000, -0.000000000000000000, -0.000000000000000000 ) ) ;
#2091 = CARTESIAN_POINT ( 'NONE',  ( 0.02558918720720819787, -0.001008399308788229896, 0.05708145454418120379 ) ) ;
#2092 = CARTESIAN_POINT ( 'NONE',  ( 0.02730296596584470131, 2.337748516052850172E-05, 0.006102006287696620096 ) ) ;
#2093 = CARTESIAN_POINT ( 'NONE',  ( -0.02394078667419390072, -0.002897385635876489635, 0.01580816384131479915 ) ) ;
#2094 = CARTESIAN_POINT ( 'NONE',  ( 0.003356687371934789950, 0.02386525955500409801, 0.01141967579115930019 ) ) ;
#2095 = CARTESIAN_POINT ( 'NONE',  ( 0.09945114647226292737, -0.01639538578179808997, 0.03279077156359616607 ) ) ;
#2096 = CARTESIAN_POINT ( 'NONE',  ( -0.0004877456144099780134, -0.02497073272765260032, 0.007022676362451979286 ) ) ;
#2097 = VERTEX_POINT ( 'NONE', #4174 ) ;
#2098 = CARTESIAN_POINT ( 'NONE',  ( -0.002208776643288370024, -0.02399984883051480000, 0.001914133044679600017 ) ) ;
#2099 = CARTESIAN_POINT ( 'NONE',  ( 0.02491126184004630040, -0.001095288632309309980, 0.01171189036410199939 ) ) ;
#2100 = CARTESIAN_POINT ( 'NONE',  ( 0.003424057710298160015, 0.02450056773459110063, 0.04135718463153720270 ) ) ;
#2101 = CARTESIAN_POINT ( 'NONE',  ( 0.02500386757851029776, -0.0001081901176309190088, 0.003088077799444060266 ) ) ;
#2102 = CARTESIAN_POINT ( 'NONE',  ( 0.02405212563208575238, 0.001762892465329380992, 0.005896236215990191022 ) ) ;
#2103 = CARTESIAN_POINT ( 'NONE',  ( 0.02586620731435293821, -0.001521563017435169493, 0.05585403258877309762 ) ) ;
#2104 = B_SPLINE_CURVE_WITH_KNOTS ( 'NONE', 3,
 ( #6321, #435, #380, #4237, #3850, #1316, #892, #2863, #4841, #6226, #1764, #3259, #2380, #3908, #1914, #2627 ),
 .UNSPECIFIED., .F., .F.,
 ( 4, 1, 1, 1, 1, 1, 1, 1, 1, 1, 1, 2, 4 ),
 ( -0.5827740216577309562, -0.4888831801549139988, -0.3669653639840909642, -0.3060064558986790306, -0.2450475478132669860, -0.1840886397278559961, -0.1231297316424440624, -0.06217082355703229535, -0.03169136951432649507, -0.01645164249297348391, -0.008831778982297033842, -0.001211915471620583773, -2.074638670845896371E-05 ),
 .UNSPECIFIED. ) ;
#2105 = CARTESIAN_POINT ( 'NONE',  ( 2.827965636514400032E-05, 0.02730930028360860004, 0.005730053777633760045 ) ) ;
#2106 = ORIENTED_EDGE ( 'NONE', *, *, #2351, .T. ) ;
#2107 = CARTESIAN_POINT ( 'NONE',  ( 0.04967670737730209979, 0.002961273011435549933, 0.01926384839103760169 ) ) ;
#2108 = CARTESIAN_POINT ( 'NONE',  ( -0.004903114720909159709, -0.02359617065590470172, 0.05133880587036779991 ) ) ;
#2109 = ORIENTED_EDGE ( 'NONE', *, *, #4480, .T. ) ;
#2110 = CARTESIAN_POINT ( 'NONE',  ( 0.000000000000000000, 2.586034953678619956E-05, 0.05041202323333090346 ) ) ;
#2111 = CARTESIAN_POINT ( 'NONE',  ( 1.223409797931033241E-05, 2.367459257430026793E-05, -4.734918514860052231E-05 ) ) ;
#2112 = CARTESIAN_POINT ( 'NONE',  ( 0.02404863888088860230, -0.001810315968549290090, 0.005872943412309250370 ) ) ;
#2113 = CARTESIAN_POINT ( 'NONE',  ( 0.1889999999999998903, 0.000000000000000000, 0.000000000000000000 ) ) ;
#2114 = CARTESIAN_POINT ( 'NONE',  ( -0.02408198417609189873, -0.001300414733882320102, 0.002264453473323580022 ) ) ;
#2115 = CARTESIAN_POINT ( 'NONE',  ( 0.0001036876196782918463, -0.0001089463074955814438, -1.334207467533871028E-20 ) ) ;
#2116 = CARTESIAN_POINT ( 'NONE',  ( -0.02647765843874850047, 0.003011664430757289915, 0.03950266686215710144 ) ) ;
#2117 = CARTESIAN_POINT ( 'NONE',  ( -0.000000000000000000, 0.001371104876605201131, 0.01084649593211060685 ) ) ;
#2118 = CARTESIAN_POINT ( 'NONE',  ( -0.005054016335657020124, 0.02356414100920770083, 0.03278243954868850091 ) ) ;
#2119 = CARTESIAN_POINT ( 'NONE',  ( 0.0008107281647275920615, 0.02738023117316474783, 0.0001179773568638575959 ) ) ;
#2120 = CIRCLE ( 'NONE', #1092, 0.02409999999999999989 ) ;
#2121 = CARTESIAN_POINT ( 'NONE',  ( -0.003023862540526489878, -0.02646632943121949785, 0.03996889697978030231 ) ) ;
#2122 = CLOSED_SHELL ( 'NONE', ( #859, #3330, #4348, #2674, #3246, #5128, #4569, #2395, #613, #1876, #2166, #3510, #3814, #1208, #5133, #1047, #185, #2436, #5924, #2826, #1220, #5851, #4472, #746, #3835, #2630, #547, #3596, #3114, #350, #4818, #3030, #6338, #4227, #3921 ) ) ;
#2123 = CARTESIAN_POINT ( 'NONE',  ( 0.000000000000000000, 1.348122736537840037E-06, -0.0001055282045514080078 ) ) ;
#2124 =( REPRESENTATION_RELATIONSHIP ('NONE','NONE', #829, #4107 ) REPRESENTATION_RELATIONSHIP_WITH_TRANSFORMATION ( #5255 )SHAPE_REPRESENTATION_RELATIONSHIP( ) );
#2125 = CARTESIAN_POINT ( 'NONE',  ( 0.02649981760979479989, -0.002987241808905630267, 0.03856958504996830378 ) ) ;
#2126 = CARTESIAN_POINT ( 'NONE',  ( -0.02622276767918369986, 4.173838342016479835E-05, -0.02278308637945370210 ) ) ;
#2127 = CARTESIAN_POINT ( 'NONE',  ( -0.02368818476815010010, -0.004505055418417630402, 0.03852003536383200033 ) ) ;
#2128 = CARTESIAN_POINT ( 'NONE',  ( -0.005181791489890779680, 0.02353635657453029967, 0.03563765428754649828 ) ) ;
#2129 = CARTESIAN_POINT ( 'NONE',  ( 0.0004817771452915797304, 0.0003404228950179932593, 8.337956174805217709E-20 ) ) ;
#2130 = CARTESIAN_POINT ( 'NONE',  ( 0.003087313177766890133, -0.02391709175478510044, 0.01770146257047439803 ) ) ;
#2131 = ORIENTED_EDGE ( 'NONE', *, *, #1721, .F. ) ;
#2132 = CARTESIAN_POINT ( 'NONE',  ( -0.001961742402361319870, -0.02402002429093630029, 3.448709277471965182E-20 ) ) ;
#2133 = CARTESIAN_POINT ( 'NONE',  ( 0.02399239079978690223, 0.002444070481828209719, 0.01154932451429349985 ) ) ;
#2134 = PRODUCT_DEFINITION_SHAPE ( 'NONE', 'NONE',  #2377 ) ;
#2135 = CARTESIAN_POINT ( 'NONE',  ( 0.001323664430716240022, 0.02435396379032290018, 0.05817385661346619746 ) ) ;
#2136 = CARTESIAN_POINT ( 'NONE',  ( 0.02669331373965670023, -0.0008922555712694799643, 0.0001423194678066210135 ) ) ;
#2137 = CARTESIAN_POINT ( 'NONE',  ( 4.988542413788318847E-05, 0.02731219053754667392, 0.005874846207195654271 ) ) ;
#2138 = VERTEX_POINT ( 'NONE', #2155 ) ;
#2139 = CARTESIAN_POINT ( 'NONE',  ( 0.04149169152544359557, 0.002960825893239600170, 0.02645406978912590024 ) ) ;
#2140 = CARTESIAN_POINT ( 'NONE',  ( 0.02729834969703550177, -7.752104750415159161E-06, 0.005885252926493760722 ) ) ;
#2141 = CARTESIAN_POINT ( 'NONE',  ( -0.002701478161198439792, -0.02394811090137519832, 0.005742451886731779996 ) ) ;
#2142 = ORIENTED_EDGE ( 'NONE', *, *, #5145, .F. ) ;
#2143 = CARTESIAN_POINT ( 'NONE',  ( -0.0001719098618285956951, -0.02727944703256864056, 0.006763319372968159236 ) ) ;
#2144 = CARTESIAN_POINT ( 'NONE',  ( 0.002238936440581716907, 0.001080638208088324868, -0.002161276416176649302 ) ) ;
#2145 = CARTESIAN_POINT ( 'NONE',  ( 0.02668709043691430000, 0.0005761369836682219510, 0.002157398562440399851 ) ) ;
#2146 = DIRECTION ( 'NONE',  ( 0.000000000000000000, 0.000000000000000000, 1.000000000000000000 ) ) ;
#2147 = ADVANCED_FACE ( 'NONE', ( #4725 ), #3661, .F. ) ;
#2148 = CARTESIAN_POINT ( 'NONE',  ( -0.02500378301881190160, 0.0001081311936291540096, 0.003087886209489560004 ) ) ;
#2149 = CARTESIAN_POINT ( 'NONE',  ( 0.06122476143659144610, -0.01203583586195126204, -1.473964786340153803E-18 ) ) ;
#2150 = CARTESIAN_POINT ( 'NONE',  ( -0.02668225722919390086, 0.002638139678682440391, 0.03107102166448379860 ) ) ;
#2151 = CARTESIAN_POINT ( 'NONE',  ( -0.000000000000000000, 0.001365479947815902758, 0.01079508245987984005 ) ) ;
#2152 = CARTESIAN_POINT ( 'NONE',  ( 0.004886432658314909978, 0.02359969751827420067, 0.05149687790242200164 ) ) ;
#2153 = ADVANCED_FACE ( 'NONE', ( #3168 ), #4658, .T. ) ;
#2154 = PRESENTATION_STYLE_ASSIGNMENT (( #3763 ) ) ;
#2155 = CARTESIAN_POINT ( 'NONE',  ( -9.260469400848179641E-05, -0.02730408990675759970, 0.006173173452817339729 ) ) ;
#2156 = CARTESIAN_POINT ( 'NONE',  ( 0.02715508429174970026, -0.0008139143704354099944, 0.01178433323990809960 ) ) ;
#2157 = CARTESIAN_POINT ( 'NONE',  ( 0.002608273320193899968, -0.02395844704177450130, 0.005407341021271300230 ) ) ;
#2158 = CARTESIAN_POINT ( 'NONE',  ( -0.02498443143005110029, 0.0003583232685921979802, 0.006113425030764800018 ) ) ;
#2159 = CARTESIAN_POINT ( 'NONE',  ( -1.151866342497669995E-05, -0.02494384536677880099, 6.768648141974860017E-15 ) ) ;
#2160 = CARTESIAN_POINT ( 'NONE',  ( 0.1429219362925316372, 0.01977994956041832092, 4.844690383292478870E-18 ) ) ;
#2161 = CARTESIAN_POINT ( 'NONE',  ( 0.002711030105059330283, -0.02467817465282530140, 0.02836620765911819844 ) ) ;
#2162 = ORIENTED_EDGE ( 'NONE', *, *, #5816, .T. ) ;
#2163 = CARTESIAN_POINT ( 'NONE',  ( -0.04149169152544519845, 0.002760980262092860120, 0.01849848874691700090 ) ) ;
#2164 = CARTESIAN_POINT ( 'NONE',  ( 0.02367874154173829973, 0.004550261755871960398, 0.04421205074155429987 ) ) ;
#2165 = CARTESIAN_POINT ( 'NONE',  ( 0.001539587275022259987, 0.02634630023118299941, 0.01883038835624229954 ) ) ;
#2166 = ADVANCED_FACE ( 'NONE', ( #766 ), #4275, .T. ) ;
#2167 = CARTESIAN_POINT ( 'NONE',  ( 0.02738023117316474783, -0.0008107281647275900015, 0.0001179773568638607943 ) ) ;
#2168 = CARTESIAN_POINT ( 'NONE',  ( 0.000000000000000000, 0.000000000000000000, 0.000000000000000000 ) ) ;
#2169 = EDGE_CURVE ( 'NONE', #4646, #3714, #1670, .T. ) ;
#2170 = PRODUCT_DEFINITION_FORMATION_WITH_SPECIFIED_SOURCE ( 'ANY', '', #690, .NOT_KNOWN. ) ;
#2171 = CARTESIAN_POINT ( 'NONE',  ( -0.02731468076792820110, 2.827751929175269940E-05, 0.005725352261985730377 ) ) ;
#2172 = CARTESIAN_POINT ( 'NONE',  ( 0.002577521596698119886, 0.04149169152544629480, 0.03739033900337319916 ) ) ;
#2173 = ORIENTED_EDGE ( 'NONE', *, *, #1293, .F. ) ;
#2174 = CARTESIAN_POINT ( 'NONE',  ( 0.03330667567358370357, 0.0003620939033791629970, 0.003307482622663249997 ) ) ;
#2175 = CARTESIAN_POINT ( 'NONE',  ( -0.005356665480071809600, -0.02349716054094909759, 0.03991805067240959681 ) ) ;
#2176 = CARTESIAN_POINT ( 'NONE',  ( 0.004591704150130600064, 0.02367131690523120030, 0.03993112158884409846 ) ) ;
#2177 = EDGE_LOOP ( 'NONE', ( #5453, #6181, #245, #2943 ) ) ;
#2178 = CARTESIAN_POINT ( 'NONE',  ( -0.008740922559728150909, -0.003017579431498239751, 0.02072203306544959794 ) ) ;
#2179 = CARTESIAN_POINT ( 'NONE',  ( 0.04967670737730209979, 0.002961273011435549933, 0.01926384839103760169 ) ) ;
#2180 = CARTESIAN_POINT ( 'NONE',  ( 0.02500284064795299868, -6.845604521262930477E-05, 0.004091030149821540431 ) ) ;
#2181 = CARTESIAN_POINT ( 'NONE',  ( 0.04967670737730060099, -2.689257481611769771E-05, -0.01386707384036130024 ) ) ;
#2182 = CARTESIAN_POINT ( 'NONE',  ( -0.02498320985674790107, -0.0003041419687754829716, 0.006105234027478940312 ) ) ;
#2183 =( BOUNDED_SURFACE ( )  B_SPLINE_SURFACE ( 2, 2, ( 
 ( #4221, #4738, #304, #5192, #4704, #3313, #270, #4670, #5782 ),
 ( #2785, #6211, #1199, #3809, #745, #1781, #1334, #1748, #5159 ),
 ( #5717, #3741, #337, #2692, #2724, #2235, #2304, #710, #1716 ) ),
 .UNSPECIFIED., .F., .T., .F. ) 
 B_SPLINE_SURFACE_WITH_KNOTS ( ( 3, 3 ),
 ( 3, 2, 2, 2, 3 ),
 ( -0.5899789668299220136, 0.000000000000000000 ),
 ( -3.141592653589790007, -1.570796326794899889, 0.000000000000000000, 1.570796326794899889, 3.141592653589790007 ),
 .UNSPECIFIED. ) 
 GEOMETRIC_REPRESENTATION_ITEM ( )  RATIONAL_B_SPLINE_SURFACE ( (
 ( 1.000000000000000000, 0.7071067811865480168, 1.000000000000000000, 0.7071067811865480168, 1.000000000000000000, 0.7071067811865480168, 1.000000000000000000, 0.7071067811865480168, 1.000000000000000000),
 ( 0.9568051998584570228, 0.6765634450944649769, 0.9568051998584570228, 0.6765634450944649769, 0.9568051998584570228, 0.6765634450944649769, 0.9568051998584570228, 0.6765634450944649769, 0.9568051998584570228),
 ( 1.000000000000000000, 0.7071067811865480168, 1.000000000000000000, 0.7071067811865480168, 1.000000000000000000, 0.7071067811865480168, 1.000000000000000000, 0.7071067811865480168, 1.000000000000000000) ) ) 
 REPRESENTATION_ITEM ( '' )  SURFACE ( )  );
#2184 = CARTESIAN_POINT ( 'NONE',  ( -0.04221725481721219642, 6.793143845413590027E-06, -0.007185384979938819715 ) ) ;
#2185 = CARTESIAN_POINT ( 'NONE',  ( -0.0003534639244526140015, -0.02498570205088219975, 0.006098871440341999475 ) ) ;
#2186 = CARTESIAN_POINT ( 'NONE',  ( -0.000000000000000000, 0.002659910613364182500, 0.02549139838775893452 ) ) ;
#2187 = B_SPLINE_CURVE_WITH_KNOTS ( 'NONE', 3,
 ( #352, #6289, #2283, #2891, #4752, #863, #5764, #1825, #5795, #4873, #3389, #407, #5337, #3327, #5368, #5731, #6260, #5307 ),
 .UNSPECIFIED., .F., .F.,
 ( 4, 1, 1, 1, 1, 1, 1, 1, 1, 1, 1, 1, 1, 2, 4 ),
 ( -0.5827740216577269594, -0.5498420882403159959, -0.4888831801548979561, -0.4279242720694789726, -0.3669653639840609882, -0.3060064558986430039, -0.2450475478132250196, -0.1840886397278069797, -0.1231297316423889399, -0.06217082355697056695, -0.03169136951426154702, -0.01645164249290698155, -0.008831778982229643304, -0.001211915471552416079, -2.074638669169459604E-05 ),
 .UNSPECIFIED. ) ;
#2188 = CARTESIAN_POINT ( 'NONE',  ( 0.000000000000000000, 0.000000000000000000, 0.06175378874876469998 ) ) ;
#2189 = CARTESIAN_POINT ( 'NONE',  ( 0.001299717584410370070, 0.02705236281086670011, 0.01601321161633329979 ) ) ;
#2190 = VECTOR ( 'NONE', #1537, 1.000000000000000000 ) ;
#2191 = CARTESIAN_POINT ( 'NONE',  ( -0.02684672828818095505, 2.824549647374119559E-05, 0.005884362117111045440 ) ) ;
#2192 = CARTESIAN_POINT ( 'NONE',  ( 0.001757325496117970176, -0.02405252026549600103, 0.005861492433409750194 ) ) ;
#2193 = CARTESIAN_POINT ( 'NONE',  ( -0.02450057219565249939, 0.003424061124889469804, 0.04135718619381169997 ) ) ;
#2194 = EDGE_CURVE ( 'NONE', #2071, #2655, #3229, .T. ) ;
#2195 = CARTESIAN_POINT ( 'NONE',  ( 0.002703933829917660146, 0.02394783383507989930, 0.005761784498866419357 ) ) ;
#2196 = CARTESIAN_POINT ( 'NONE',  ( 0.1429219362925316372, -0.01977994956041832092, -2.422345191646239435E-18 ) ) ;
#2197 = CARTESIAN_POINT ( 'NONE',  ( -0.002933941714040289809, -0.02445036260780010171, 0.05241314430220440218 ) ) ;
#2198 = ORIENTED_EDGE ( 'NONE', *, *, #3554, .F. ) ;
#2199 = CARTESIAN_POINT ( 'NONE',  ( -0.04149169152543669831, 0.003008877065065619638, 0.03201092367927929616 ) ) ;
#2200 = CARTESIAN_POINT ( 'NONE',  ( 0.02662896567651269752, -6.646357125313619685E-06, 0.006170570179622600002 ) ) ;
#2201 = CARTESIAN_POINT ( 'NONE',  ( -0.002974750558244079832, 0.02583980529747029881, 0.04277614422739040023 ) ) ;
#2202 = CARTESIAN_POINT ( 'NONE',  ( 0.02662563421756930157, -4.922279734895439695E-05, 0.006179519586469730055 ) ) ;
#2203 = CARTESIAN_POINT ( 'NONE',  ( -2.689795949423259825E-05, -0.04967670737730060099, -0.01386711213951230016 ) ) ;
#2204 = CARTESIAN_POINT ( 'NONE',  ( -0.02622276767916510015, 0.001603810201574070154, -0.01019033425531080082 ) ) ;
#2205 = CARTESIAN_POINT ( 'NONE',  ( 0.002994831192286790105, 0.04967670737729369679, 0.01854478443794159784 ) ) ;
#2206 = CARTESIAN_POINT ( 'NONE',  ( -8.991404271427289431E-05, -0.04967670737730060099, -0.01342090596433279971 ) ) ;
#2207 = CARTESIAN_POINT ( 'NONE',  ( -0.004657804715194350555, -0.02364593656380599776, 0.02564428109929040023 ) ) ;
#2208 = CARTESIAN_POINT ( 'NONE',  ( 0.002502442245026640158, -0.02396976563256460191, 0.004552089472191159919 ) ) ;
#2209 = CARTESIAN_POINT ( 'NONE',  ( 0.02350771530622599789, 0.005310115611891179886, 0.04279712700126529767 ) ) ;
#2210 = CARTESIAN_POINT ( 'NONE',  ( -0.002653291091475649868, 0.02395349758143670155, 0.005771300684615960318 ) ) ;
#2211 = VERTEX_POINT ( 'NONE', #1920 ) ;
#2212 = CARTESIAN_POINT ( 'NONE',  ( -0.008740922559727909782, -6.711290534879909371E-05, -0.007281706355014030095 ) ) ;
#2213 = CARTESIAN_POINT ( 'NONE',  ( 4.611134480102764750E-05, -6.054612536567709441E-05, -7.414761862985082345E-21 ) ) ;
#2214 = CARTESIAN_POINT ( 'NONE',  ( 0.04149169152541239830, -0.001924122861800809867, 0.008762233856224500503 ) ) ;
#2215 = CARTESIAN_POINT ( 'NONE',  ( -3.460151092781705239E-05, 0.02729839739665199799, 0.006185642976533220483 ) ) ;
#2216 = CARTESIAN_POINT ( 'NONE',  ( -0.02663814303697899927, 0.0001477803664896399846, 0.005475868412554190517 ) ) ;
#2217 = CARTESIAN_POINT ( 'NONE',  ( 0.1186122119539707587, -0.01810906441835612168, -2.217720777549305070E-18 ) ) ;
#2218 = CARTESIAN_POINT ( 'NONE',  ( -0.001009054469035292056, -0.02409627225379000134, -0.0001751297032776139842 ) ) ;
#2219 = CARTESIAN_POINT ( 'NONE',  ( 3.735075217872610361E-05, -0.03330667567358770037, 0.0009387196546751609477 ) ) ;
#2220 = CARTESIAN_POINT ( 'NONE',  ( 0.0009257844281373620683, -0.02712919995093250256, 0.01321881671849940015 ) ) ;
#2221 = CARTESIAN_POINT ( 'NONE',  ( 0.002972847490885290132, 0.02633743390531890008, 0.04552177264646140031 ) ) ;
#2222 = CARTESIAN_POINT ( 'NONE',  ( 0.02661469508665520109, 0.002766733127884080014, 0.03436170823482440073 ) ) ;
#2223 = CARTESIAN_POINT ( 'NONE',  ( 0.002278131206237310295, -0.02399212372182039921, 0.002740966859785840242 ) ) ;
#2224 = CARTESIAN_POINT ( 'NONE',  ( -0.02481921723787059927, -0.001837049874920600049, 0.01880123004966999939 ) ) ;
#2225 = CARTESIAN_POINT ( 'NONE',  ( -2.824549647374031467E-05, -0.02684672828818095852, 0.005884362117111045440 ) ) ;
#2226 = CARTESIAN_POINT ( 'NONE',  ( -0.02352122318436259893, 0.005250141875774459732, 0.04706187354175309784 ) ) ;
#2227 = CARTESIAN_POINT ( 'NONE',  ( 0.1096666310221343366, 0.01735134774780397460, 0.03470269549560796307 ) ) ;
#2228 = CARTESIAN_POINT ( 'NONE',  ( 0.003109238755038899737, -0.02459332681175159865, 0.03432222581102559872 ) ) ;
#2229 = VERTEX_POINT ( 'NONE', #2868 ) ;
#2230 = CARTESIAN_POINT ( 'NONE',  ( -0.03330667567358510522, 0.002409679725432129806, 0.04570040707104949806 ) ) ;
#2232 = CARTESIAN_POINT ( 'NONE',  ( 0.02442717431182829871, -0.002186427286588140274, 0.05621493431903539645 ) ) ;
#2231 = ADVANCED_BREP_SHAPE_REPRESENTATION ( '', ( #5099, #5181 ), #6125 ) ;
#2233 = CARTESIAN_POINT ( 'NONE',  ( 6.409201621695479010E-05, 0.02661398042297960162, 0.006575674915511780204 ) ) ;
#2234 = CARTESIAN_POINT ( 'NONE',  ( 0.1639999999999998959, 0.000000000000000000, 0.000000000000000000 ) ) ;
#2235 = CARTESIAN_POINT ( 'NONE',  ( -0.02409999999999998949, -0.02409999999999998949, 0.06175378874876467222 ) ) ;
#2236 = CARTESIAN_POINT ( 'NONE',  ( 4.813195489823720035E-05, 0.02662503704592479939, 0.006186864140998269736 ) ) ;
#2237 = CARTESIAN_POINT ( 'NONE',  ( 0.0008887940599423889854, 0.04967670737729789482, -0.007417489042003199730 ) ) ;
#2238 = ORIENTED_EDGE ( 'NONE', *, *, #385, .T. ) ;
#2239 = CARTESIAN_POINT ( 'NONE',  ( -0.002701478161198439792, -0.02394811090137519832, 0.005742451886731779996 ) ) ;
#2240 = CARTESIAN_POINT ( 'NONE',  ( 0.02357628460900320147, 0.004997490549825629735, 0.04992993896625559647 ) ) ;
#2241 = CARTESIAN_POINT ( 'NONE',  ( 0.02392472069062650045, -0.002902307107571389967, 0.007400197591612540059 ) ) ;
#2242 = CARTESIAN_POINT ( 'NONE',  ( 0.002492499792075029714, 0.02398684905018600225, 0.01152657953120180163 ) ) ;
#2243 = EDGE_LOOP ( 'NONE', ( #1365, #5058, #5220, #1757 ) ) ;
#2244 = CARTESIAN_POINT ( 'NONE',  ( -0.0001183422098472955051, -0.02728959847087244345, 0.006369269822984149898 ) ) ;
#2245 = CARTESIAN_POINT ( 'NONE',  ( 0.04967670737730729702, 0.002570383532412289906, 0.02995616280963680003 ) ) ;
#2246 = CARTESIAN_POINT ( 'NONE',  ( 0.02512165982172520282, -0.0001300137924454700057, 0.008349336275536250671 ) ) ;
#2247 = CARTESIAN_POINT ( 'NONE',  ( 0.04967670737730060099, -8.991404271427588942E-05, -0.01342090596433279971 ) ) ;
#2248 = CARTESIAN_POINT ( 'NONE',  ( -0.02735929890758879990, 0.0005550452661277420182, 0.001949892662969959908 ) ) ;
#2249 = CARTESIAN_POINT ( 'NONE',  ( 0.1096666310221343366, -0.01735134774780398154, -2.124927248024078249E-18 ) ) ;
#2250 = CARTESIAN_POINT ( 'NONE',  ( 0.0007858136224171150333, -0.02739608168831365181, 0.0001031901935993042105 ) ) ;
#2251 = APPLICATION_CONTEXT ( 'automotive_design' ) ;
#2252 = CARTESIAN_POINT ( 'NONE',  ( -0.000000000000000000, 0.002885776192858189107, 0.04007958577113587828 ) ) ;
#2253 = CARTESIAN_POINT ( 'NONE',  ( -0.02054999999999999882, 0.000000000000000000, 0.07343700320369959955 ) ) ;
#2254 = CARTESIAN_POINT ( 'NONE',  ( 0.003016665854323529860, 0.02646667836259620002, 0.03996738405657280363 ) ) ;
#2255 = CARTESIAN_POINT ( 'NONE',  ( -0.02706126736515870185, 2.844348465475625738E-05, 0.005877936461007769557 ) ) ;
#2256 = CARTESIAN_POINT ( 'NONE',  ( 0.001901199471121464875, -0.02402489223446999805, -0.0002977276740298839537 ) ) ;
#2257 = CARTESIAN_POINT ( 'NONE',  ( -0.02442718274232870065, 0.002186456176199310167, 0.05621495305817809929 ) ) ;
#2258 = CARTESIAN_POINT ( 'NONE',  ( -0.0002167938984013799918, -0.03330667567358770037, 0.001812634475565340179 ) ) ;
#2259 = CARTESIAN_POINT ( 'NONE',  ( -0.02394516186729499924, 0.002727511042400390228, 0.005953624323229570088 ) ) ;
#2260 = CARTESIAN_POINT ( 'NONE',  ( 0.1632247789736557542, 0.02055518108694218485, 0.04111036217388439051 ) ) ;
#2261 = CARTESIAN_POINT ( 'NONE',  ( 0.001210469083189909863, -0.02489755654983799929, 0.01314740028811890032 ) ) ;
#2262 = VERTEX_POINT ( 'NONE', #412 ) ;
#2263 = CARTESIAN_POINT ( 'NONE',  ( -0.04149169152544349842, 0.001267888313791829978, 0.04264535186714240450 ) ) ;
#2264 = CARTESIAN_POINT ( 'NONE',  ( 0.02487871050603110076, 0.001377417379561709891, 0.01455990936921939920 ) ) ;
#2265 = CARTESIAN_POINT ( 'NONE',  ( 9.401031738006220616E-06, 0.02662864117216999851, 0.006189755147608550293 ) ) ;
#2266 = CARTESIAN_POINT ( 'NONE',  ( -0.02394783383507209998, 0.002703933829930370032, 0.005761784498877749704 ) ) ;
#2267 = CARTESIAN_POINT ( 'NONE',  ( 3.415093684462710644E-05, -0.03475780225712390287, -0.0003559796631354789575 ) ) ;
#2268 = ADVANCED_FACE ( 'NONE', ( #440 ), #4627, .F. ) ;
#2269 = CARTESIAN_POINT ( 'NONE',  ( -0.001896192461877875025, 0.02402528898701354956, -0.0003380546380991179909 ) ) ;
#2270 = FACE_OUTER_BOUND ( 'NONE', #1969, .T. ) ;
#2271 = CARTESIAN_POINT ( 'NONE',  ( -0.005204008398159459814, -0.02353160191161330142, 0.04801529419063230164 ) ) ;
#2272 = B_SPLINE_CURVE_WITH_KNOTS ( 'NONE', 3,
 ( #3992, #5976, #4351, #201, #3543, #4152 ),
 .UNSPECIFIED., .F., .F.,
 ( 4, 2, 4 ),
 ( 0.000000000000000000, 0.001097461923581465092, 0.002194923847162930184 ),
 .UNSPECIFIED. ) ;
#2273 = CARTESIAN_POINT ( 'NONE',  ( 0.02394865080255179773, 0.002696804521459229657, 0.006125392219262120082 ) ) ;
#2274 = CARTESIAN_POINT ( 'NONE',  ( 0.02364935019410909986, -0.004642458318023259985, 0.05322116362129680062 ) ) ;
#2275 = AXIS2_PLACEMENT_3D ( 'NONE', #5245, #4723, #5110 ) ;
#2276 = CARTESIAN_POINT ( 'NONE',  ( 0.0007444005751663909567, 0.02409231765606410086, 0.05976749086323010496 ) ) ;
#2277 = VERTEX_POINT ( 'NONE', #3096 ) ;
#2278 = CARTESIAN_POINT ( 'NONE',  ( -0.02622276767918349863, -0.0001882114453245569926, -0.02173470308026860184 ) ) ;
#2279 = CARTESIAN_POINT ( 'NONE',  ( 0.03838076630220227381, -0.008708065292970719809, -0.01741613058594143962 ) ) ;
#2280 = CARTESIAN_POINT ( 'NONE',  ( 0.04149169152544679440, -0.002577521596698129861, 0.03739033900337280364 ) ) ;
#2281 = AXIS2_PLACEMENT_3D ( 'NONE', #1558, #2466, #1977 ) ;
#2282 = CARTESIAN_POINT ( 'NONE',  ( -0.02738067932929084958, 0.0008163582119361680435, 7.765033561036990210E-05 ) ) ;
#2283 = CARTESIAN_POINT ( 'NONE',  ( -0.02401771286421739912, -0.001990130493155129691, 0.0004186619959044660133 ) ) ;
#2284 = CARTESIAN_POINT ( 'NONE',  ( 0.001916736335629914967, 0.02402365881396084993, -0.0003486887862615430079 ) ) ;
#2285 = CARTESIAN_POINT ( 'NONE',  ( -0.000000000000000000, -0.002023134908775071905, 0.04690410088967181951 ) ) ;
#2286 = CARTESIAN_POINT ( 'NONE',  ( 0.000000000000000000, 0.000000000000000000, 0.000000000000000000 ) ) ;
#2287 = B_SPLINE_CURVE_WITH_KNOTS ( 'NONE', 3,
 ( #176, #2137, #1717, #3183 ),
 .UNSPECIFIED., .F., .F.,
 ( 4, 4 ),
 ( 0.000000000000000000, 1.000003042469343795 ),
 .UNSPECIFIED. ) ;
#2288 = CARTESIAN_POINT ( 'NONE',  ( 0.02402002429093630029, -0.001961742402361319870, 7.563834184493510377E-20 ) ) ;
#2289 = DIRECTION ( 'NONE',  ( 1.000000000000000000, 0.000000000000000000, 0.000000000000000000 ) ) ;
#2290 = CARTESIAN_POINT ( 'NONE',  ( 0.1639999999999998959, 2.296212748401287186E-18, -0.01874999999999999931 ) ) ;
#2291 = CARTESIAN_POINT ( 'NONE',  ( 0.0001036876196782918463, 0.0001089463074955814438, 2.668414935067742056E-20 ) ) ;
#2292 = CARTESIAN_POINT ( 'NONE',  ( -0.0001341490878060509968, -0.02731983425409820199, 0.004969895049525880140 ) ) ;
#2293 = CARTESIAN_POINT ( 'NONE',  ( -0.02459964020466690049, -0.003083673140309440164, 0.03385175420550620012 ) ) ;
#2294 = CARTESIAN_POINT ( 'NONE',  ( -1.447644021826080567E-05, -0.02510803035869110106, 0.001127012012441403529 ) ) ;
#2295 = CARTESIAN_POINT ( 'NONE',  ( -0.02373270874866400051, 0.004194065539192570226, 0.01994793103584460020 ) ) ;
#2296 = CARTESIAN_POINT ( 'NONE',  ( 0.1326814563336177477, -0.01914736586798890250, -2.344876032233589121E-18 ) ) ;
#2297 = CARTESIAN_POINT ( 'NONE',  ( 0.001983491174169010364, -0.02479899921228180190, 0.02021476859575859972 ) ) ;
#2298 = CONTEXT_DEPENDENT_SHAPE_REPRESENTATION ( #2124, #4521 ) ;
#2299 = B_SPLINE_CURVE_WITH_KNOTS ( 'NONE', 3,
 ( #5737, #3264, #1736, #358, #732, #5704, #3796, #1769, #3299, #2744, #5178, #800, #767, #291, #4145, #2774, #2191, #6266, #2255, #839, #1671, #3765 ),
 .UNSPECIFIED., .F., .F.,
 ( 4, 2, 2, 2, 2, 2, 2, 2, 2, 2, 4 ),
 ( 7.047677127089219512E-17, 0.001707580017957214700, 0.003415160035914359144, 0.004268950044892930173, 0.005122740053871503371, 0.005549635058360786501, 0.005976530062850070497, 0.006189977565094712496, 0.006403425067339354494, 0.006616872569583997360, 0.006830320071828639358 ),
 .UNSPECIFIED. ) ;
#2300 = CARTESIAN_POINT ( 'NONE',  ( -0.03330667567358500114, -0.001198264028911099960, 0.04983959723528920416 ) ) ;
#2301 = CARTESIAN_POINT ( 'NONE',  ( 0.02662864131034049786, -9.401039774226640540E-06, 0.006189755332774620269 ) ) ;
#2302 = CARTESIAN_POINT ( 'NONE',  ( 0.002253254849277699923, 0.02680992227135239880, 0.02589634541734180118 ) ) ;
#2303 = CARTESIAN_POINT ( 'NONE',  ( -0.02357491806357000022, 0.005003833459862890021, 0.03087346064433709944 ) ) ;
#2304 = CARTESIAN_POINT ( 'NONE',  ( 0.000000000000000000, -0.02409999999999999989, 0.06175378874876469998 ) ) ;
#2305 = CARTESIAN_POINT ( 'NONE',  ( 8.991404271427899295E-05, 0.04967670737730060099, -0.01342090596433279971 ) ) ;
#2306 = CARTESIAN_POINT ( 'NONE',  ( 0.003657328002720790228, -0.02382255811574039706, 0.05689746429548230011 ) ) ;
#2307 = VERTEX_POINT ( 'NONE', #6024 ) ;
#2308 = CARTESIAN_POINT ( 'NONE',  ( 0.02352533630918370033, 0.005231561963405509906, 0.03706764513470829636 ) ) ;
#2309 = CARTESIAN_POINT ( 'NONE',  ( 0.02353983646163099880, -0.005166166530529730204, 0.04849085625934070054 ) ) ;
#2310 = CARTESIAN_POINT ( 'NONE',  ( -0.002754177750348390206, 0.02394213779541549958, 0.006598253252375190295 ) ) ;
#2311 = VERTEX_POINT ( 'NONE', #2963 ) ;
#2312 = CARTESIAN_POINT ( 'NONE',  ( 0.02728556481682829424, -0.0001466145721724163150, 0.006574956087820830325 ) ) ;
#2313 = CARTESIAN_POINT ( 'NONE',  ( 0.02826114334772389380, 0.007013549795020894602, -0.01402709959004178747 ) ) ;
#2314 = CARTESIAN_POINT ( 'NONE',  ( 0.04149169152544219391, -9.086281134462819928E-05, -0.006252660208346290036 ) ) ;
#2315 = DIRECTION ( 'NONE',  ( 0.000000000000000000, 0.000000000000000000, -1.000000000000000000 ) ) ;
#2316 = CARTESIAN_POINT ( 'NONE',  ( 0.02614481748535648145, -2.548736690559050969E-05, 0.005111643775338752319 ) ) ;
#2317 = CARTESIAN_POINT ( 'NONE',  ( -0.001221505606431147169, 0.02416556969250185580, 1.219727444046192488E-19 ) ) ;
#2318 = CARTESIAN_POINT ( 'NONE',  ( -0.001919331223626744975, -0.02402345093363239883, -0.0003285862118414089586 ) ) ;
#2319 = CARTESIAN_POINT ( 'NONE',  ( -0.000000000000000000, -0.001241479865758054633, 0.04920899228941512382 ) ) ;
#2320 = PRODUCT_CONTEXT ( 'NONE', #1998, 'mechanical' ) ;
#2321 = CARTESIAN_POINT ( 'NONE',  ( -2.689257481611469921E-05, -0.04967670737730060099, -0.01386707384036130024 ) ) ;
#2322 = CARTESIAN_POINT ( 'NONE',  ( -0.002516097977181120000, 0.02671784667825020249, 0.03014133022834160000 ) ) ;
#2323 = CARTESIAN_POINT ( 'NONE',  ( 4.611134480102764750E-05, 6.054612536567709441E-05, 0.000000000000000000 ) ) ;
#2324 = CARTESIAN_POINT ( 'NONE',  ( -0.0001081311936293049983, -0.02500378301881210283, 0.003087886209490159784 ) ) ;
#2325 = CARTESIAN_POINT ( 'NONE',  ( -0.02483940906750359973, -0.001687998666489090062, 0.01738782987628050003 ) ) ;
#2326 = CARTESIAN_POINT ( 'NONE',  ( -0.001512998203191619987, -0.03330667567358799874, 0.04928693742895839947 ) ) ;
#2327 = CARTESIAN_POINT ( 'NONE',  ( 0.02364935019410909986, -0.004642458318023259985, 0.05322116362129680062 ) ) ;
#2328 = B_SPLINE_CURVE_WITH_KNOTS ( 'NONE', 3,
 ( #132, #3567, #3076, #3600, #2092, #1612, #4434, #3470, #3140 ),
 .UNSPECIFIED., .F., .F.,
 ( 4, 2, 1, 1, 1, 4 ),
 ( 0.001211345273694740005, 0.001211915471620609794, 0.008831778982297070271, 0.01645164249297350126, 0.03169136951432649507, 0.04622122677541570107 ),
 .UNSPECIFIED. ) ;
#2329 = CARTESIAN_POINT ( 'NONE',  ( 0.001021850985461669878, -0.02644622313420429832, 0.01462706677656050100 ) ) ;
#2330 = CARTESIAN_POINT ( 'NONE',  ( -0.04967670737730149610, -7.500976252173870292E-05, 0.03662082091003460160 ) ) ;
#2331 = CARTESIAN_POINT ( 'NONE',  ( 0.02473648164256189719, 0.002381957702778079739, 0.02444913889817299998 ) ) ;
#2332 = CARTESIAN_POINT ( 'NONE',  ( 0.0003114553986684549976, 0.02725425498553499942, 0.007801726571011259256 ) ) ;
#2333 = CARTESIAN_POINT ( 'NONE',  ( -0.001188357626222145665, -0.02445650444880068455, 0.005968332566947670906 ) ) ;
#2334 = LINE ( 'NONE', #369, #1962 ) ;
#2335 = UNCERTAINTY_MEASURE_WITH_UNIT (LENGTH_MEASURE( 1.000000000000000082E-05 ), #3130, 'distance_accuracy_value', 'NONE');
#2336 = CARTESIAN_POINT ( 'NONE',  ( -0.001198264028911089985, 0.03330667567358300274, 0.04983959723529100133 ) ) ;
#2337 = CARTESIAN_POINT ( 'NONE',  ( -0.04967670737730060099, 2.689257481611170072E-05, -0.01386707384036130024 ) ) ;
#2338 = DIRECTION ( 'NONE',  ( 0.7521500358548259824, 4.114164378960959904E-05, -0.6589918981830880096 ) ) ;
#2339 = AXIS2_PLACEMENT_3D ( 'NONE', #628, #3558, #2475 ) ;
#2340 = APPLICATION_CONTEXT ( 'automotive_design' ) ;
#2341 = CARTESIAN_POINT ( 'NONE',  ( 0.02393647230644359997, -0.002802988490729639830, 0.006573493982990189811 ) ) ;
#2342 = CARTESIAN_POINT ( 'NONE',  ( 0.001890830245275699952, 0.02481282107234560053, 0.01876732081719480194 ) ) ;
#2343 = CARTESIAN_POINT ( 'NONE',  ( 0.001687758194342577111, -0.02695908043380395441, 0.02028153536230449874 ) ) ;
#2344 = CARTESIAN_POINT ( 'NONE',  ( 0.1262846389679519454, -0.01869886441939025076, -2.289950445889660116E-18 ) ) ;
#2345 = CARTESIAN_POINT ( 'NONE',  ( 0.02512165982172469975, -0.002996715415404400170, 0.04002051959971899414 ) ) ;
#2346 = CARTESIAN_POINT ( 'NONE',  ( 0.000000000000000000, 0.000000000000000000, 0.01899999999999999953 ) ) ;
#2347 = CARTESIAN_POINT ( 'NONE',  ( -0.002352930155506309691, 0.02398490362383350061, 0.003344674423864979745 ) ) ;
#2348 = CARTESIAN_POINT ( 'NONE',  ( 0.02402002429093630029, -0.001961742402361319870, 7.563834184493510377E-20 ) ) ;
#2349 = CARTESIAN_POINT ( 'NONE',  ( 0.0003534639244526199646, 0.02498570205088219975, 0.006098871440342009884 ) ) ;
#2350 = CARTESIAN_POINT ( 'NONE',  ( -0.000000000000000000, -0.002678347456006182226, 0.02588187203382293425 ) ) ;
#2351 = EDGE_CURVE ( 'NONE', #1399, #1935, #1669, .T. ) ;
#2352 = CARTESIAN_POINT ( 'NONE',  ( 0.02054999999999999882, 0.000000000000000000, 0.07343700320369959955 ) ) ;
#2353 = CARTESIAN_POINT ( 'NONE',  ( 3.085700922353170082E-05, 0.02511056406348019868, 0.05810745760738740551 ) ) ;
#2354 = CARTESIAN_POINT ( 'NONE',  ( 0.09945114647226292737, 0.01639538578179808651, 0.000000000000000000 ) ) ;
#2355 = CARTESIAN_POINT ( 'NONE',  ( 0.0009878459650988250743, -0.02409706917175220148, -0.0001899241902213854975 ) ) ;
#2356 = CARTESIAN_POINT ( 'NONE',  ( -0.02607489408114260082, 0.002602641813000319999, 0.03106490212268499945 ) ) ;
#2357 = CARTESIAN_POINT ( 'NONE',  ( -0.002579771726724740082, -0.03330667567358819997, 0.04454780323681509918 ) ) ;
#2358 = CARTESIAN_POINT ( 'NONE',  ( 0.1639999999999998959, 0.000000000000000000, 0.01874999999999999931 ) ) ;
#2359 = EDGE_CURVE ( 'NONE', #2700, #4646, #4042, .T. ) ;
#2360 = CARTESIAN_POINT ( 'NONE',  ( -0.002440942647163309685, -0.02562161315764939842, 0.05228675383787489972 ) ) ;
#2361 = CONTEXT_DEPENDENT_SHAPE_REPRESENTATION ( #3673, #2548 ) ;
#2362 = CARTESIAN_POINT ( 'NONE',  ( -0.04149169152544409517, -0.002960825893239580221, 0.02645406978912540064 ) ) ;
#2363 = CARTESIAN_POINT ( 'NONE',  ( 0.02592483442037829891, 0.002914846478019639947, 0.03857472409555679632 ) ) ;
#2364 = CARTESIAN_POINT ( 'NONE',  ( -0.002478379781333990301, 0.02610718768917190055, 0.03013520791260679982 ) ) ;
#2365 = CARTESIAN_POINT ( 'NONE',  ( -0.02382171699561830280, 0.003655673957994960178, 0.01425995246521829900 ) ) ;
#2366 = CARTESIAN_POINT ( 'NONE',  ( -0.004383926307812610265, 0.02369801252129100089, 0.02282532648232719896 ) ) ;
#2367 = CARTESIAN_POINT ( 'NONE',  ( -0.002565039271639340222, 0.03330667567358330111, 0.04432457331142120038 ) ) ;
#2368 = CARTESIAN_POINT ( 'NONE',  ( 0.004386437377692680058, -0.02369783996507270063, 0.02282550045453430113 ) ) ;
#2369 = CARTESIAN_POINT ( 'NONE',  ( 3.583149667195550589E-05, -0.04967670737730060099, -0.01342094156759589957 ) ) ;
#2370 = ADVANCED_FACE ( 'NONE', ( #2538, #629 ), #2607, .F. ) ;
#2371 = CARTESIAN_POINT ( 'NONE',  ( 0.02394865080255179773, 0.002696804521459229657, 0.006125392219262120082 ) ) ;
#2372 = CARTESIAN_POINT ( 'NONE',  ( 0.0004156709868326570229, 0.02497714170779560122, 0.006500846740039359882 ) ) ;
#2373 = CARTESIAN_POINT ( 'NONE',  ( 0.02730225827777179454, -9.458523035328850344E-05, 0.006188452128235959714 ) ) ;
#2374 = CARTESIAN_POINT ( 'NONE',  ( 0.1262846389679519454, 0.01869886441939025076, -0.03739772883878049459 ) ) ;
#2375 = CARTESIAN_POINT ( 'NONE',  ( 0.02512165982172550119, 0.001435205218255179932, 0.05650321353124200530 ) ) ;
#2376 = CARTESIAN_POINT ( 'NONE',  ( 3.348511806106455999E-06, -8.298471112651620399E-06, -1.016269608592558159E-21 ) ) ;
#2377 = PRODUCT_DEFINITION ( 'UNKNOWN', '', #1955, #3000 ) ;
#2378 = CARTESIAN_POINT ( 'NONE',  ( -0.002652806461803030019, 0.02395355126310079810, 0.005767368159644530382 ) ) ;
#2379 = CARTESIAN_POINT ( 'NONE',  ( 0.02729834969703550177, -2.828390166641190053E-05, 0.005739622587699749756 ) ) ;
#2380 = CARTESIAN_POINT ( 'NONE',  ( 0.02395400324358180205, 0.002648723920131890348, 0.005734348965513569492 ) ) ;
#2381 = CARTESIAN_POINT ( 'NONE',  ( 0.001221505505321781497, -0.02416556860794985898, 5.692061405548899242E-19 ) ) ;
#2382 = CARTESIAN_POINT ( 'NONE',  ( -0.000000000000000000, -0.001840201273545816500, 0.04761952316252295730 ) ) ;
#2383 = PRODUCT_CONTEXT ( 'NONE', #679, 'mechanical' ) ;
#2384 = CARTESIAN_POINT ( 'NONE',  ( -0.02502274703652460075, -0.0005030868400488720717, 7.561284554989170762E-05 ) ) ;
#2385 = CARTESIAN_POINT ( 'NONE',  ( 0.000000000000000000, -6.156564818772120040E-05, 0.0003405266876401209634 ) ) ;
#2386 = CARTESIAN_POINT ( 'NONE',  ( -7.500976252172290068E-05, 0.04967670737730160019, 0.03662082091003470569 ) ) ;
#2387 = CARTESIAN_POINT ( 'NONE',  ( -0.0005278214550861929462, -0.02501674755470094727, 1.131475257397539939E-05 ) ) ;
#2388 = CARTESIAN_POINT ( 'NONE',  ( -0.02607611604673710018, -0.002577669267362660104, 0.03154235682815839659 ) ) ;
#2389 = CARTESIAN_POINT ( 'NONE',  ( -0.002582002418311130001, -0.02512165982173170109, 0.05170529551081690101 ) ) ;
#2390 = CARTESIAN_POINT ( 'NONE',  ( 0.002701866494875910032, 0.02394806709282299925, 0.005745509008844890304 ) ) ;
#2391 = CARTESIAN_POINT ( 'NONE',  ( -0.002652329914335750053, 0.02395360403516130082, 0.005763504183016100561 ) ) ;
#2392 = CARTESIAN_POINT ( 'NONE',  ( 0.001893598909806740171, -0.02551265860465800131, 0.05479556399527179406 ) ) ;
#2393 = CARTESIAN_POINT ( 'NONE',  ( -0.04967670737730209979, -0.002961273011435520009, 0.01926384839103760169 ) ) ;
#2394 = CARTESIAN_POINT ( 'NONE',  ( 0.02619010961719839964, 0.002191014114725639821, 0.02638223522124399922 ) ) ;
#2395 = ADVANCED_FACE ( 'NONE', ( #5011 ), #1568, .F. ) ;
#2396 = CARTESIAN_POINT ( 'NONE',  ( -0.002573693266876129863, 0.02607629087411379720, 0.03154249339142490421 ) ) ;
#2397 = CARTESIAN_POINT ( 'NONE',  ( -0.02382095446663130139, -0.003675935325460340068, 0.05690592739392270200 ) ) ;
#2398 = CARTESIAN_POINT ( 'NONE',  ( 0.1639999999999998959, 2.296212748401287186E-18, -0.01874999999999999931 ) ) ;
#2399 = CARTESIAN_POINT ( 'NONE',  ( 0.001508684843571909961, 0.04149169152544279759, 0.04212731087740889668 ) ) ;
#2400 = CARTESIAN_POINT ( 'NONE',  ( 0.005173968277014749824, -0.02353813586441659902, 0.04755980413182189781 ) ) ;
#2401 = CARTESIAN_POINT ( 'NONE',  ( -0.0001273564404354399823, -0.04967670737730049690, -0.01315511989376190113 ) ) ;
#2402 = CARTESIAN_POINT ( 'NONE',  ( 0.02366728746905239975, -0.004611419725948960081, 0.04134992376034139772 ) ) ;
#2403 = CARTESIAN_POINT ( 'NONE',  ( 0.001587679992690439875, 0.02485346821999099773, 0.01594289285551430194 ) ) ;
#2404 = CARTESIAN_POINT ( 'NONE',  ( 3.460151092795355344E-05, -0.02729839739665304923, 0.006185642976533200534 ) ) ;
#2405 = CARTESIAN_POINT ( 'NONE',  ( 0.09945114647226292737, 0.01639538578179808651, 0.000000000000000000 ) ) ;
#2406 = CARTESIAN_POINT ( 'NONE',  ( 0.02512165982172550119, 0.001968021418861170060, 0.05481420764441989613 ) ) ;
#2407 = CARTESIAN_POINT ( 'NONE',  ( 0.004607604410238969918, -0.02365576690723589920, 0.02566741153500200212 ) ) ;
#2408 = SURFACE_STYLE_USAGE ( .BOTH. , #6412 ) ;
#2409 = CARTESIAN_POINT ( 'NONE',  ( -0.008740922559727810903, 0.0001021066902495500097, -0.007058562273791409679 ) ) ;
#2410 = CARTESIAN_POINT ( 'NONE',  ( -0.000000000000000000, -0.002845247403359407474, 0.04067495403965774164 ) ) ;
#2411 = CARTESIAN_POINT ( 'NONE',  ( -0.02708655033054130704, 0.001145364302243029493, 0.01460226451251130098 ) ) ;
#2412 = CARTESIAN_POINT ( 'NONE',  ( 0.4570000000000000173, 0.000000000000000000, 0.000000000000000000 ) ) ;
#2413 = CARTESIAN_POINT ( 'NONE',  ( -3.460151092781705239E-05, 0.02729839739665199799, 0.006185642976533220483 ) ) ;
#2414 = CARTESIAN_POINT ( 'NONE',  ( 0.01934902983291604539, 0.005342002697548650994, 0.000000000000000000 ) ) ;
#2415 = CARTESIAN_POINT ( 'NONE',  ( -4.922279727517809829E-05, -0.02662563422586780235, 0.006179519597160139550 ) ) ;
#2416 = CARTESIAN_POINT ( 'NONE',  ( -0.02578569475212399986, -0.002930405589817799712, 0.04555205444127490011 ) ) ;
#2417 = CARTESIAN_POINT ( 'NONE',  ( -0.003044401677081200099, -0.02512165982173100026, 0.04286488461257390026 ) ) ;
#2418 = CARTESIAN_POINT ( 'NONE',  ( 0.02392472069062650045, -0.002902307107571389967, 0.007400197591612540059 ) ) ;
#2419 = CARTESIAN_POINT ( 'NONE',  ( -0.001901199471121464875, 0.02402489223446999805, -0.0002977276740298854716 ) ) ;
#2420 = CARTESIAN_POINT ( 'NONE',  ( 0.001903388984558909876, -0.02626275932940920141, 0.02309625389474290191 ) ) ;
#2421 = CARTESIAN_POINT ( 'NONE',  ( -0.04149169152544189554, -0.002983378745826540356, 0.02927686816869220013 ) ) ;
#2422 = CARTESIAN_POINT ( 'NONE',  ( 0.02637732234537639928, -0.001390459891124109972, 0.01741942387640699891 ) ) ;
#2423 = CARTESIAN_POINT ( 'NONE',  ( -0.001181256972121499937, 0.02641620532814669894, 0.01603979101643679753 ) ) ;
#2424 = CARTESIAN_POINT ( 'NONE',  ( -0.02401425189522030101, 0.002221736244279349983, 0.009168208783709719256 ) ) ;
#2425 = CARTESIAN_POINT ( 'NONE',  ( -0.02409999999999999989, 2.951398785945121396E-18, 0.06175378874876469998 ) ) ;
#2426 = CARTESIAN_POINT ( 'NONE',  ( 0.0009377117721684840278, 0.04149169152544219391, 0.04322565457049560439 ) ) ;
#2427 = CARTESIAN_POINT ( 'NONE',  ( -0.004519700764776949861, -0.02368563772806540207, 0.03709137448812450250 ) ) ;
#2428 = ORIENTED_EDGE ( 'NONE', *, *, #6116, .T. ) ;
#2429 = CARTESIAN_POINT ( 'NONE',  ( 0.002984339788984029934, -0.04967670737729979608, 0.02208792028286999873 ) ) ;
#2430 = CARTESIAN_POINT ( 'NONE',  ( 0.02396987730023720023, -0.002648984307197229954, 0.01294271878457899962 ) ) ;
#2431 = CARTESIAN_POINT ( 'NONE',  ( -0.004001935601170630505, 0.02377956420022559955, 0.02857237340870260114 ) ) ;
#2432 = CARTESIAN_POINT ( 'NONE',  ( -0.002653291091475649868, 0.02395349758143670155, 0.005771300684615960318 ) ) ;
#2433 = CARTESIAN_POINT ( 'NONE',  ( 0.002827393009958096507, -0.02630697268670047564, 0.04737535454814389979 ) ) ;
#2434 = AXIS2_PLACEMENT_3D ( 'NONE', #3291, #3325, #4783 ) ;
#2435 = CARTESIAN_POINT ( 'NONE',  ( 0.1543273542709824309, -0.02031583516610298637, -0.04063167033220597274 ) ) ;
#2436 = ADVANCED_FACE ( 'NONE', ( #4555 ), #3493, .F. ) ;
#2437 = CARTESIAN_POINT ( 'NONE',  ( 0.04967670737730119773, 0.001449443473609510029, 0.03496845202896579907 ) ) ;
#2438 = CARTESIAN_POINT ( 'NONE',  ( -0.002728655842887990277, 0.04967670737729639602, 0.01158843768467090161 ) ) ;
#2439 = CARTESIAN_POINT ( 'NONE',  ( 0.02402002429093630029, -0.001961742402361319870, 7.563834184493510377E-20 ) ) ;
#2440 = CARTESIAN_POINT ( 'NONE',  ( 0.002701478161806999869, 0.02394811090130660042, 0.005742451886652539562 ) ) ;
#2441 = CARTESIAN_POINT ( 'NONE',  ( 0.04967670737729480007, -0.003007685733945459922, 0.02485341356265259941 ) ) ;
#2442 = B_SPLINE_SURFACE_WITH_KNOTS ( 'NONE', 3, 3, ( 
 ( #1884, #3880, #3455, #1375 ),
 ( #2892, #893, #5308, #4874 ),
 ( #1401, #2409, #5401, #3822 ),
 ( #5433, #4906, #951, #2923 ),
 ( #5796, #3125, #2075, #1533 ),
 ( #2012, #5499, #4519, #526 ),
 ( #4551, #4975, #22, #5101 ),
 ( #1630, #5007, #119, #4452 ),
 ( #560, #3521, #4101, #2501 ),
 ( #1114, #5564, #5038, #656 ),
 ( #1596, #3025, #592, #3092 ),
 ( #1981, #625, #87, #2533 ),
 ( #3970, #3583, #5955, #6088 ),
 ( #1015, #5069, #3059, #2567 ),
 ( #4038, #150, #1499, #2602 ),
 ( #1048, #1146, #4584, #3488 ),
 ( #2110, #2044, #5595, #3617 ),
 ( #5987, #5467, #2990, #4487 ),
 ( #54, #4005, #6020, #1563 ),
 ( #3555, #5530, #1081, #4070 ),
 ( #6056, #1311, #4680, #5134 ),
 ( #2764, #5234, #4232, #2701 ),
 ( #4134, #3649, #5662, #3288 ),
 ( #5201, #2178, #756, #1176 ),
 ( #790, #4647, #688, #214 ),
 ( #5758, #246, #3752, #5270 ),
 ( #2669, #181, #1242, #5695 ),
 ( #4165, #3190, #5167, #2278 ),
 ( #3683, #3716, #3159, #1658 ),
 ( #2734, #2212, #6122, #1209 ),
 ( #4196, #6255, #1277, #719 ) ),
 .UNSPECIFIED., .F., .F., .F.,
 ( 4, 1, 1, 1, 1, 1, 1, 1, 1, 1, 1, 1, 1, 1, 1, 1, 1, 1, 1, 1, 1, 1, 1, 1, 1, 1, 1, 1, 4 ),
 ( 4, 4 ),
 ( 0.000000000000000000, 0.008928571428571429811, 0.01785714285714290125, 0.03571428571428569843, 0.07142857142857139685, 0.1428571428571430157, 0.2142857142857139963, 0.2500000000000000000, 0.2857142857142860315, 0.3571428571428569843, 0.4285714285714289917, 0.4523809523809519950, 0.4642857142857140240, 0.4761904761904759975, 0.4880952380952379710, 0.5000000000000000000, 0.5119047619047620845, 0.5238095238095240580, 0.5476190476190480050, 0.5714285714285709528, 0.5952380952380950108, 0.6190476190476190688, 0.7142857142857139685, 0.8571428571428569843, 0.9285714285714290472, 0.9642857142857139685, 0.9821428571428569843, 0.9910714285714290472, 1.000000000000000000 ),
 ( 0.000000000000000000, 1.000000000000000000 ),
 .UNSPECIFIED. ) ;
#2443 = CARTESIAN_POINT ( 'NONE',  ( -0.02587352205671802560, -0.001455943762726060169, 0.05586345007954822417 ) ) ;
#2444 = CARTESIAN_POINT ( 'NONE',  ( -0.02409999999999999296, 0.02409999999999999296, 0.06813473812597228840 ) ) ;
#2445 = CARTESIAN_POINT ( 'NONE',  ( -0.01748184511945590283, -4.085857418810920328E-05, -0.01513001387227900021 ) ) ;
#2446 = CARTESIAN_POINT ( 'NONE',  ( -0.002961273011435549933, 0.04967670737730209979, 0.01926384839103760169 ) ) ;
#2447 = CARTESIAN_POINT ( 'NONE',  ( -0.02729834969703550177, -3.460742916362729996E-05, 0.006185726919998659618 ) ) ;
#2448 = CARTESIAN_POINT ( 'NONE',  ( -0.02580011343798450235, 0.003022366273595670279, 0.04414251074048410051 ) ) ;
#2449 = CARTESIAN_POINT ( 'NONE',  ( 5.240920250804209987E-05, -0.02512165982173149986, 0.05812830946985150099 ) ) ;
#2450 = CARTESIAN_POINT ( 'NONE',  ( 0.004191776497084360141, 0.02373277107755850102, 0.01994818946185420230 ) ) ;
#2451 = CARTESIAN_POINT ( 'NONE',  ( -0.001377164762670090008, 0.02407759239743909735, 0.002868089096748180095 ) ) ;
#2452 = CARTESIAN_POINT ( 'NONE',  ( -3.227702766028029872E-05, -0.02482658508882520237, 0.05838624023863610291 ) ) ;
#2453 = CARTESIAN_POINT ( 'NONE',  ( -0.03330667567358479991, -0.002982518029619949697, 0.03646585431390530346 ) ) ;
#2454 = CARTESIAN_POINT ( 'NONE',  ( 0.02589583760123939996, 0.002949422293993859794, 0.03997817809572710296 ) ) ;
#2455 = CARTESIAN_POINT ( 'NONE',  ( -0.001543510856083830018, 0.02699301842343239735, 0.01886910888749429929 ) ) ;
#2456 = CARTESIAN_POINT ( 'NONE',  ( -0.02354605148364359926, 0.005138073589121300300, 0.04896701793956959731 ) ) ;
#2457 = DIRECTION ( 'NONE',  ( 0.000000000000000000, 0.000000000000000000, 1.000000000000000000 ) ) ;
#2458 = CARTESIAN_POINT ( 'NONE',  ( -0.002271434179311479853, 0.02512165982172390177, 0.05341865040334410619 ) ) ;
#2459 = CARTESIAN_POINT ( 'NONE',  ( -0.004483301874901130142, -0.02369080214823560127, 0.04796333777194290021 ) ) ;
#2460 = VERTEX_POINT ( 'NONE', #5534 ) ;
#2461 = CARTESIAN_POINT ( 'NONE',  ( 0.000000000000000000, 3.342893757966260367E-06, 0.02316750037665329942 ) ) ;
#2462 = CARTESIAN_POINT ( 'NONE',  ( 0.02400332296042759911, -0.002330964744730790097, 0.01011149285551750029 ) ) ;
#2463 = CARTESIAN_POINT ( 'NONE',  ( 0.001264575532843200106, 0.02489251016350709986, 0.01312136583693210116 ) ) ;
#2464 = CARTESIAN_POINT ( 'NONE',  ( 0.02405550998891350239, 0.001716098058467020173, 0.005533771189635439992 ) ) ;
#2465 = CARTESIAN_POINT ( 'NONE',  ( 0.02675249179162359631, 0.002420065709962503607, 0.02873448345286960109 ) ) ;
#2466 = DIRECTION ( 'NONE',  ( 0.000000000000000000, 0.000000000000000000, 1.000000000000000000 ) ) ;
#2467 = ORIENTED_EDGE ( 'NONE', *, *, #3318, .T. ) ;
#2468 = CARTESIAN_POINT ( 'NONE',  ( 0.04149169152544269351, 0.001444593689469989874, 0.04214666528241590299 ) ) ;
#2469 = CARTESIAN_POINT ( 'NONE',  ( -3.742855073386109808E-05, 0.02512165982172390177, 0.008113751710890831220 ) ) ;
#2470 = EDGE_CURVE ( 'NONE', #5753, #2307, #5556, .T. ) ;
#2471 = CARTESIAN_POINT ( 'NONE',  ( 0.000000000000000000, 0.000000000000000000, 0.000000000000000000 ) ) ;
#2472 = CARTESIAN_POINT ( 'NONE',  ( -0.0008715373375059890047, 0.02670745055776635110, 0.0001281655449314541987 ) ) ;
#2473 = CARTESIAN_POINT ( 'NONE',  ( -3.439714485967120406E-05, 0.02345393969811690113, 0.009553984477418229690 ) ) ;
#2474 = CARTESIAN_POINT ( 'NONE',  ( -0.02631768055733681513, -0.002850188846415704046, 0.04691864177058140128 ) ) ;
#2475 = DIRECTION ( 'NONE',  ( 0.000000000000000000, 0.000000000000000000, -1.000000000000000000 ) ) ;
#2476 = CARTESIAN_POINT ( 'NONE',  ( -0.02622276767918369986, -2.085843047184070154E-05, -0.02293413618480679914 ) ) ;
#2477 = CARTESIAN_POINT ( 'NONE',  ( -0.02402469385819819975, -0.001903702975743260016, -0.0002775641919952709737 ) ) ;
#2478 = CARTESIAN_POINT ( 'NONE',  ( -0.02380722278255509999, -0.003746033299309469745, 0.01571251741894569981 ) ) ;
#2479 = PRODUCT_DEFINITION_FORMATION_WITH_SPECIFIED_SOURCE ( 'ANY', '', #3127, .NOT_KNOWN. ) ;
#2480 = CARTESIAN_POINT ( 'NONE',  ( -0.02660388272129200066, 0.0001203878269610049885, 0.006982844785057989306 ) ) ;
#2481 = CARTESIAN_POINT ( 'NONE',  ( 0.0009311845415903939995, -0.03330667567358790160, 0.05030058685989440004 ) ) ;
#2482 = CARTESIAN_POINT ( 'NONE',  ( 0.002701478161198450200, 0.02394811090137519832, 0.005742451886731779996 ) ) ;
#2483 = CARTESIAN_POINT ( 'NONE',  ( 0.0001768987027538700021, -0.02658901415389399933, 0.007822690907352330622 ) ) ;
#2484 = CARTESIAN_POINT ( 'NONE',  ( -0.02512165982172680223, -0.002931302408958369986, 0.04639421753841540402 ) ) ;
#2485 = CARTESIAN_POINT ( 'NONE',  ( 0.02574680082007809942, -0.002937858366093040220, 0.04690558233241960001 ) ) ;
#2486 = CARTESIAN_POINT ( 'NONE',  ( -0.002951795796672939971, 0.02638263172851080043, 0.04416459102890870486 ) ) ;
#2487 = CARTESIAN_POINT ( 'NONE',  ( -0.02404801393321590042, 0.001818516087414369852, 0.005916859924624149822 ) ) ;
#2488 = CARTESIAN_POINT ( 'NONE',  ( 0.005322878268150390418, 0.02350483672662560114, 0.03849035679209039662 ) ) ;
#2489 = CARTESIAN_POINT ( 'NONE',  ( 0.08669250358634569831, -0.01509096685871386297, -1.848110425956272141E-18 ) ) ;
#2490 = CARTESIAN_POINT ( 'NONE',  ( 0.002696803733534789988, -0.02394865089570329814, 0.006125385407736529987 ) ) ;
#2491 = CARTESIAN_POINT ( 'NONE',  ( -0.02445650444765520848, 0.001188357623690324775, 0.005968332550688898799 ) ) ;
#2492 = CARTESIAN_POINT ( 'NONE',  ( 0.02394213799693049871, 0.002754175956883720029, 0.006598235278810659493 ) ) ;
#2493 = CARTESIAN_POINT ( 'NONE',  ( 3.198171499928100469E-05, 0.02430966884031830061, 0.05903745469923929456 ) ) ;
#2494 = CARTESIAN_POINT ( 'NONE',  ( 0.02407759239743909735, 0.001377164762670269986, 0.002868089096747330081 ) ) ;
#2495 = CARTESIAN_POINT ( 'NONE',  ( 0.02660150672823890713, -0.002825183354069336124, 0.03435768890723080171 ) ) ;
#2496 = CARTESIAN_POINT ( 'NONE',  ( -0.02422998671384098829, -0.001048617306955614741, -7.826584432629736096E-19 ) ) ;
#2497 = ORIENTED_EDGE ( 'NONE', *, *, #2845, .F. ) ;
#2498 = CARTESIAN_POINT ( 'NONE',  ( 0.04967670737730129488, 0.002802146681435979843, 0.02746641082889179908 ) ) ;
#2499 = AXIS2_PLACEMENT_3D ( 'NONE', #91, #5959, #564 ) ;
#2500 = CARTESIAN_POINT ( 'NONE',  ( -3.761529150719609944E-05, 0.04149169152544159717, -0.006233814811426640137 ) ) ;
#2501 = CARTESIAN_POINT ( 'NONE',  ( -0.02622276767917649729, 0.002688423929526989782, 0.002799014053830500229 ) ) ;
#2502 = CARTESIAN_POINT ( 'NONE',  ( -0.000000000000000000, -0.001383707775287964115, 0.01101298444139561274 ) ) ;
#2503 = CARTESIAN_POINT ( 'NONE',  ( -0.02699300854080610365, -0.001543508549933750957, 0.01886909736511310082 ) ) ;
#2504 = CARTESIAN_POINT ( 'NONE',  ( -0.02395349758143670155, -0.002653291091475649868, 0.005771300684615870112 ) ) ;
#2505 = CARTESIAN_POINT ( 'NONE',  ( -0.008740922559727909782, -1.973472115219810215E-05, -0.007618074847122280162 ) ) ;
#2506 = CARTESIAN_POINT ( 'NONE',  ( -0.02405252026549600103, -0.001757325496118270066, 0.005861492433408700686 ) ) ;
#2507 = CARTESIAN_POINT ( 'NONE',  ( -0.02393376104307750121, -0.002878046068545430172, 0.05859542999806670316 ) ) ;
#2508 = CARTESIAN_POINT ( 'NONE',  ( -0.02625954584456369895, 0.002794971711690129833, 0.04871897375687989779 ) ) ;
#2509 = CARTESIAN_POINT ( 'NONE',  ( 0.0003620939033791679843, -0.03330667567358770037, 0.003307482622659690345 ) ) ;
#2510 = CARTESIAN_POINT ( 'NONE',  ( 0.003653403932973570307, 0.02382162215565739732, 0.01426023854739019887 ) ) ;
#2511 = CARTESIAN_POINT ( 'NONE',  ( 0.000000000000000000, 0.000000000000000000, 0.000000000000000000 ) ) ;
#2512 = CARTESIAN_POINT ( 'NONE',  ( -0.002862833406962490140, -0.02628325760662119856, 0.04781287875244030067 ) ) ;
#2513 = CARTESIAN_POINT ( 'NONE',  ( 0.4570000000000000173, 0.000000000000000000, 0.01899999999999999953 ) ) ;
#2514 = EDGE_CURVE ( 'NONE', #3476, #4100, #3590, .T. ) ;
#2515 = CARTESIAN_POINT ( 'NONE',  ( 0.02620101953388049784, 0.002478533418495669754, 0.05110757057589529473 ) ) ;
#2516 = CARTESIAN_POINT ( 'NONE',  ( -0.002912194558721199842, 0.02635052305133010059, 0.04554666760842900064 ) ) ;
#2517 = CARTESIAN_POINT ( 'NONE',  ( -0.02498085434652149925, 0.0003652317833561100004, 0.006134265861057999931 ) ) ;
#2518 = CARTESIAN_POINT ( 'NONE',  ( 0.004063972775913349961, 0.02375499797392040258, 0.01852540040854239872 ) ) ;
#2519 = B_SPLINE_CURVE_WITH_KNOTS ( 'NONE', 3,
 ( #5794, #378, #1344, #5823, #1373, #2347, #5274, #4330, #3357, #2798, #5334, #890, #4840, #406, #2378, #5688 ),
 .UNSPECIFIED., .F., .F.,
 ( 4, 1, 1, 1, 1, 1, 1, 1, 1, 1, 1, 2, 4 ),
 ( -0.5827740216577319554, -0.4888831801549019529, -0.3669653639840659842, -0.3060064558986470007, -0.2450475478132290164, -0.1840886397278109765, -0.1231297316423929922, -0.06217082355697467477, -0.03169136951426554383, -0.01645164249291108938, -0.008831778982233751130, -0.001211915471556523904, -2.074638668858597157E-05 ),
 .UNSPECIFIED. ) ;
#2520 = CARTESIAN_POINT ( 'NONE',  ( 0.0007737221445894071955, -0.0004862275238850546867, 0.0009724550477701088312 ) ) ;
#2521 = CARTESIAN_POINT ( 'NONE',  ( 0.002280545322823690230, -0.02400820278624790291, 0.01013541513056560005 ) ) ;
#2522 = ORIENTED_EDGE ( 'NONE', *, *, #819, .F. ) ;
#2523 = CARTESIAN_POINT ( 'NONE',  ( -0.04149169152544269351, 9.086281134462299511E-05, -0.006252660208346750605 ) ) ;
#2524 = CARTESIAN_POINT ( 'NONE',  ( 0.02494735312051300086, -0.0007399950135604109512, 0.008897201213152671276 ) ) ;
#2525 = CARTESIAN_POINT ( 'NONE',  ( 0.003355224351531299696, 0.02453026585250139835, 0.03854815203478199892 ) ) ;
#2526 = CARTESIAN_POINT ( 'NONE',  ( 0.02677683804156238620, -2.811210189675720410E-05, 0.005861190401051967307 ) ) ;
#2527 = CARTESIAN_POINT ( 'NONE',  ( 0.02559209457557194700, 0.0009425753482198527674, 0.05708688432029782045 ) ) ;
#2528 = CARTESIAN_POINT ( 'NONE',  ( 0.1566420320640504182, 0.02039840714278208164, 0.000000000000000000 ) ) ;
#2529 = VERTEX_POINT ( 'NONE', #1118 ) ;
#2530 = CARTESIAN_POINT ( 'NONE',  ( 0.04149169152544199962, 4.984091812437100135E-05, -0.006146545716694440560 ) ) ;
#2531 = CARTESIAN_POINT ( 'NONE',  ( 0.002754177954445209946, -0.02394213777296480203, 0.006598252809869250418 ) ) ;
#2532 = ORIENTED_EDGE ( 'NONE', *, *, #2082, .F. ) ;
#2533 = CARTESIAN_POINT ( 'NONE',  ( -0.02622276767918519866, 0.002572302263205490224, 0.02167379000918389850 ) ) ;
#2534 = CARTESIAN_POINT ( 'NONE',  ( -3.550597480249259802E-05, 0.04967670737730060099, -0.01342325687985180052 ) ) ;
#2535 = CARTESIAN_POINT ( 'NONE',  ( 0.02498570205088219975, -0.0003534639244526160073, 0.006098871440341999475 ) ) ;
#2536 = AXIS2_PLACEMENT_3D ( 'NONE', #5761, #1314, #5306 ) ;
#2537 = CARTESIAN_POINT ( 'NONE',  ( 0.002701478161198450200, 0.02394811090137519832, 0.005742451886731779996 ) ) ;
#2538 = FACE_OUTER_BOUND ( 'NONE', #2763, .T. ) ;
#2539 = AXIS2_PLACEMENT_3D ( 'NONE', #4553, #4617, #5566 ) ;
#2540 = CARTESIAN_POINT ( 'NONE',  ( -0.02402509061074175126, -0.001898695966499669950, -0.0003178911560645035473 ) ) ;
#2541 = CARTESIAN_POINT ( 'NONE',  ( -0.02385073181822220181, -0.003458337033955840006, 0.01286577852806109964 ) ) ;
#2542 = CARTESIAN_POINT ( 'NONE',  ( -0.02602812347347999850, 0.001958573735941499926, 0.05434318953000469993 ) ) ;
#2543 = CARTESIAN_POINT ( 'NONE',  ( 0.0001646336827887259974, -0.03330667567358770037, 0.001854140084465260088 ) ) ;
#2544 = CARTESIAN_POINT ( 'NONE',  ( 0.003074837282189200362, 0.02390721731769989908, 0.05830254040665829723 ) ) ;
#2545 = CARTESIAN_POINT ( 'NONE',  ( -3.411972015215079969E-05, 0.02729863878364219981, 0.006182001394073689815 ) ) ;
#2546 = CARTESIAN_POINT ( 'NONE',  ( -0.001851382823698309804, -0.02598998766973530106, 0.05472637814496619790 ) ) ;
#2547 = CARTESIAN_POINT ( 'NONE',  ( -0.04967670737729789482, 0.0008887940599424140305, -0.007417489042003199730 ) ) ;
#2548 = PRODUCT_DEFINITION_SHAPE ( 'NONE', 'NONE',  #6416 ) ;
#2549 = CARTESIAN_POINT ( 'NONE',  ( 0.02662512843816849939, -4.815663866626390173E-05, 0.006186777000074820433 ) ) ;
#2550 = CARTESIAN_POINT ( 'NONE',  ( 0.001959158856476829903, 0.02602795032120470281, 0.05434316489960150376 ) ) ;
#2551 = CARTESIAN_POINT ( 'NONE',  ( -0.02398914714656619901, -0.002401951218386089854, 0.05825015012863940522 ) ) ;
#2552 = CARTESIAN_POINT ( 'NONE',  ( 0.003653403932973570307, 0.02382162215565739732, 0.01426023854739019887 ) ) ;
#2553 = CARTESIAN_POINT ( 'NONE',  ( 0.07394948935830365777, 0.01364000912233498571, 0.02728001824466998182 ) ) ;
#2554 = CARTESIAN_POINT ( 'NONE',  ( -0.0003875296667614920023, -0.02497911922934870077, 0.006295287221744670474 ) ) ;
#2555 = EDGE_LOOP ( 'NONE', ( #115, #2198, #5584, #177, #5195, #1420, #2106 ) ) ;
#2556 = CARTESIAN_POINT ( 'NONE',  ( -0.03330667567358450154, 0.0008898952985929310102, 0.006914788174845810410 ) ) ;
#2557 = CARTESIAN_POINT ( 'NONE',  ( 0.02498049223667530086, -0.0003731268274831499722, 0.006193500413996719939 ) ) ;
#2558 = CARTESIAN_POINT ( 'NONE',  ( -0.002935607334998170063, 0.02463268754775509856, 0.03150033216259529728 ) ) ;
#2559 = DIRECTION ( 'NONE',  ( 0.000000000000000000, 0.000000000000000000, 1.000000000000000000 ) ) ;
#2560 = CARTESIAN_POINT ( 'NONE',  ( 0.02663584695760380650, -0.002750167794482965937, 0.03294950696423500081 ) ) ;
#2561 = CARTESIAN_POINT ( 'NONE',  ( 0.1566420320640504182, -0.02039840714278208164, -2.498084401511258400E-18 ) ) ;
#2562 = ORIENTED_EDGE ( 'NONE', *, *, #4852, .T. ) ;
#2563 = CARTESIAN_POINT ( 'NONE',  ( -0.03476061682374229772, 2.781637110574039899E-05, -0.0007983834657589329977 ) ) ;
#2564 = EDGE_CURVE ( 'NONE', #591, #6379, #5829, .T. ) ;
#2565 = CARTESIAN_POINT ( 'NONE',  ( 0.004405026448933590209, -0.02369457442010040188, 0.05416690882025980425 ) ) ;
#2566 = ORIENTED_EDGE ( 'NONE', *, *, #84, .T. ) ;
#2567 = CARTESIAN_POINT ( 'NONE',  ( -0.02622276767918459844, 0.001424126245811130082, 0.02589957222331909850 ) ) ;
#2568 = CARTESIAN_POINT ( 'NONE',  ( -0.000000000000000000, -0.001445395043366722899, 0.01158232148817820405 ) ) ;
#2569 = CARTESIAN_POINT ( 'NONE',  ( 0.02408503160912070160, -0.001278342991046889972, 0.001854221280707090032 ) ) ;
#2570 = PRODUCT_DEFINITION ( 'UNKNOWN', '', #2479, #5015 ) ;
#2571 = CARTESIAN_POINT ( 'NONE',  ( -0.02670765214312134997, -0.0008744620934848679628, 0.0001080741289145562039 ) ) ;
#2572 = CARTESIAN_POINT ( 'NONE',  ( 1.889696269317549227E-05, 0.02541576037513670894, 0.002807456665490580885 ) ) ;
#2573 = FACE_OUTER_BOUND ( 'NONE', #4483, .T. ) ;
#2574 = CARTESIAN_POINT ( 'NONE',  ( -0.0007235892736814299089, -0.02737339148506410039, 0.0007420526790610839371 ) ) ;
#2575 = CARTESIAN_POINT ( 'NONE',  ( -0.02728557517627040047, 0.0001466176426539149836, 0.006574967825212740292 ) ) ;
#2576 = CARTESIAN_POINT ( 'NONE',  ( 0.001203063499229560128, -0.04149169152544479600, 0.04266245947162410068 ) ) ;
#2577 = CARTESIAN_POINT ( 'NONE',  ( 0.001663269014174829918, 0.02404619504388309792, 0.05985478547136909716 ) ) ;
#2578 = CARTESIAN_POINT ( 'NONE',  ( 0.0003863234651022349857, 0.02665758568353409838, 0.003764420821170129817 ) ) ;
#2579 = CARTESIAN_POINT ( 'NONE',  ( 6.553988671981950409E-07, -0.02661573286574489897, 0.006534429237920850141 ) ) ;
#2580 = CARTESIAN_POINT ( 'NONE',  ( 0.1639999999999998959, 0.000000000000000000, 0.000000000000000000 ) ) ;
#2581 = APPLICATION_CONTEXT ( 'automotive_design' ) ;
#2582 = CARTESIAN_POINT ( 'NONE',  ( 0.02612665360376250148, -0.002302232478492439657, 0.05268873659463130243 ) ) ;
#2583 = CARTESIAN_POINT ( 'NONE',  ( -0.002971108428716370212, 0.02641509157841030048, 0.04277519001736889565 ) ) ;
#2584 = CARTESIAN_POINT ( 'NONE',  ( -0.02384413790708070011, -0.003602851401427950139, 0.02337570565430180033 ) ) ;
#2585 = CARTESIAN_POINT ( 'NONE',  ( 0.005174264767593980165, 0.02353802071109379820, 0.03420495611083339965 ) ) ;
#2586 = CARTESIAN_POINT ( 'NONE',  ( 0.04852371010633722836, -0.01025504949985577355, -1.255881354509603802E-18 ) ) ;
#2587 = CARTESIAN_POINT ( 'NONE',  ( 0.003795613183951969741, -0.02381396137855239931, 0.02573763224369239946 ) ) ;
#2588 = ORIENTED_EDGE ( 'NONE', *, *, #4651, .F. ) ;
#2589 = CARTESIAN_POINT ( 'NONE',  ( -0.04149169152544249922, 0.0002161468344099849953, -0.005355337513909299609 ) ) ;
#2590 = VECTOR ( 'NONE', #4347, 1.000000000000000000 ) ;
#2591 = CARTESIAN_POINT ( 'NONE',  ( 0.02498459488948370083, -0.0003560281010556659922, 0.006097292684586719594 ) ) ;
#2592 = CARTESIAN_POINT ( 'NONE',  ( -0.001210454227358220055, 0.02489757523020720217, 0.01314744379595439959 ) ) ;
#2593 = CARTESIAN_POINT ( 'NONE',  ( 0.02500049703487159866, -2.597352136287279947E-05, 0.003691281244056930297 ) ) ;
#2594 = CARTESIAN_POINT ( 'NONE',  ( 0.02416556969250185927, 0.001221505606431147603, -3.049318610115480739E-19 ) ) ;
#2595 = CARTESIAN_POINT ( 'NONE',  ( 0.02708644282395790415, -0.001142852362132940362, 0.01460254929205390129 ) ) ;
#2596 = CARTESIAN_POINT ( 'NONE',  ( 0.0003059995612633056839, -0.02498363212536943573, 0.006112483046039222934 ) ) ;
#2597 = B_SPLINE_CURVE_WITH_KNOTS ( 'NONE', 3,
 ( #3482, #4033, #1009, #1491 ),
 .UNSPECIFIED., .F., .F.,
 ( 4, 4 ),
 ( -0.04537352248412630101, 0.5349218813889610180 ),
 .UNSPECIFIED. ) ;
#2598 = CARTESIAN_POINT ( 'NONE',  ( 0.04967670737730060099, 3.518045293303889910E-05, -0.01342557219210769974 ) ) ;
#2599 = CARTESIAN_POINT ( 'NONE',  ( 0.03330667567358370357, 0.0001646336827887249945, 0.001854140084468820174 ) ) ;
#2600 = CARTESIAN_POINT ( 'NONE',  ( -0.002714850145083549764, -0.02394659917336729865, 0.005850319755117520254 ) ) ;
#2601 = ORIENTED_EDGE ( 'NONE', *, *, #2842, .F. ) ;
#2602 = CARTESIAN_POINT ( 'NONE',  ( -0.02622276767918509804, 0.001044551587032009924, 0.02664193151867880194 ) ) ;
#2603 = CARTESIAN_POINT ( 'NONE',  ( 0.001290098280607729266, -0.0007140993512418972698, -0.001428198702483794756 ) ) ;
#2604 = B_SPLINE_SURFACE_WITH_KNOTS ( 'NONE', 3, 3, ( 
 ( #274, #3153, #208, #5625 ),
 ( #6150, #4225, #3744, #1719 ),
 ( #3709, #5689, #1271, #2598 ),
 ( #6084, #5591, #3386, #3679 ),
 ( #2140, #4709, #4161, #6303 ),
 ( #2379, #4357, #5367, #3419 ) ),
 .UNSPECIFIED., .F., .F., .F.,
 ( 4, 2, 4 ),
 ( 4, 4 ),
 ( 0.000000000000000000, 0.01556923179892660131, 1.000085847075689927 ),
 ( 0.1466058062959680053, 1.000000000000000000 ),
 .UNSPECIFIED. ) ;
#2605 = LINE ( 'NONE', #825, #1307 ) ;
#2606 = CARTESIAN_POINT ( 'NONE',  ( -2.781637110574249964E-05, -0.03476061682374229772, -0.0007983834657589329977 ) ) ;
#2607 = PLANE ( 'NONE',  #2499 ) ;
#2608 = CARTESIAN_POINT ( 'NONE',  ( -0.02405390401316160123, -0.001738334898151359942, 0.005710143294358099517 ) ) ;
#2609 = CARTESIAN_POINT ( 'NONE',  ( 0.4570000000000000173, 0.000000000000000000, 0.000000000000000000 ) ) ;
#2610 = CARTESIAN_POINT ( 'NONE',  ( -0.02506581814888890133, 3.246411827332310100E-05, 0.05818145825882019978 ) ) ;
#2611 = CARTESIAN_POINT ( 'NONE',  ( 4.931329513802979955E-05, -0.04967670737730039976, -0.01332476220755379921 ) ) ;
#2612 = CARTESIAN_POINT ( 'NONE',  ( 0.005363041017468070208, 0.02349569743008450215, 0.04277383602124050499 ) ) ;
#2613 =( LENGTH_UNIT ( ) NAMED_UNIT ( * ) SI_UNIT ( $, .METRE. ) );
#2614 = CARTESIAN_POINT ( 'NONE',  ( -0.0001387031868239450166, -0.02728733046295889891, 0.006516885652813770094 ) ) ;
#2615 = CARTESIAN_POINT ( 'NONE',  ( 0.000000000000000000, -6.053938880592439761E-05, 0.0003332247351875300152 ) ) ;
#2616 = CARTESIAN_POINT ( 'NONE',  ( 0.02523659102106740049, 0.0004499586982603880178, 0.05788749236384380104 ) ) ;
#2617 = CARTESIAN_POINT ( 'NONE',  ( 0.000000000000000000, 4.430614729113799836E-05, 0.0001854398354320079944 ) ) ;
#2618 = CARTESIAN_POINT ( 'NONE',  ( -0.02366606570772709917, 0.004616377898266650799, 0.04276833428082749827 ) ) ;
#2619 = CARTESIAN_POINT ( 'NONE',  ( 0.002714850364266349712, 0.02394659914704220030, 0.005850319659650569937 ) ) ;
#2620 = CARTESIAN_POINT ( 'NONE',  ( 0.006914616367353527970, 0.002506122140752169419, 0.005012244281504341439 ) ) ;
#2621 = CARTESIAN_POINT ( 'NONE',  ( 0.004522551063227990206, -0.02368382538174719845, 0.04562993246849100099 ) ) ;
#2622 = ORIENTED_EDGE ( 'NONE', *, *, #6312, .F. ) ;
#2623 = CARTESIAN_POINT ( 'NONE',  ( -0.03330667567358459868, 0.003043567689573869854, 0.03570685531309290145 ) ) ;
#2624 = CARTESIAN_POINT ( 'NONE',  ( 0.02371937566804929731, 0.004340727853773309816, 0.03425052255870179863 ) ) ;
#2625 = CARTESIAN_POINT ( 'NONE',  ( -0.002119904929702759802, 0.02477819195037569977, 0.02162655191890039755 ) ) ;
#2626 = CARTESIAN_POINT ( 'NONE',  ( 0.02500793157231560176, -0.0002177955275109520045, 0.002283637589589080068 ) ) ;
#2627 = CARTESIAN_POINT ( 'NONE',  ( 0.02395349758143670155, 0.002653291091475649868, 0.005771300684615859704 ) ) ;
#2628 = CARTESIAN_POINT ( 'NONE',  ( -0.02622276767918569826, 0.001843739628168779851, 0.02473694876021999972 ) ) ;
#2629 = ORIENTED_EDGE ( 'NONE', *, *, #1495, .T. ) ;
#2630 = ADVANCED_FACE ( 'NONE', ( #4750 ), #1157, .F. ) ;
#2631 = CARTESIAN_POINT ( 'NONE',  ( -0.04221866210052149793, 4.849583008287770104E-05, -0.007184927122913570621 ) ) ;
#2632 = B_SPLINE_CURVE_WITH_KNOTS ( 'NONE', 3,
 ( #5741, #4823, #5183, #4696, #296, #4341, #6300, #6270, #3237, #1806, #2226, #2778, #1835, #5709, #6202, #1260, #844, #1740, #6332, #3800, #6238, #4762, #3731, #1225, #2295, #329, #3339, #5216, #1773, #1292, #5318, #772, #2259, #4280, #4213, #2716, #5774, #1326, #5252 ),
 .UNSPECIFIED., .F., .F.,
 ( 4, 1, 1, 1, 1, 1, 1, 1, 1, 1, 1, 1, 1, 1, 1, 1, 1, 1, 1, 1, 1, 1, 1, 1, 1, 1, 1, 1, 1, 1, 1, 1, 1, 1, 2, 4 ),
 ( 0.000000000000000000, 0.0006831449067039625659, 0.03399100951107328350, 0.06729887411544244191, 0.1006067387198116003, 0.1339146033241790656, 0.1672224679285482241, 0.2005303325329173825, 0.2504921294394704123, 0.2754730278927468579, 0.3004539263460233034, 0.3254348247992997489, 0.3504157232525761945, 0.3753966217058526400, 0.4003775201591291966, 0.4503393170656838640, 0.5003011139722366440, 0.5252820124255130896, 0.5502629108787896461, 0.6002247077853425372, 0.6501865046918955393, 0.6751674031451719848, 0.7001483015984484304, 0.7501100985050013215, 0.8000718954115542125, 0.8500336923181082138, 0.8999954892246613269, 0.9499572861312146621, 0.9749381845844911076, 0.9874286338111294414, 0.9936738584244484418, 0.9967964707311081085, 0.9983577768844379419, 0.9991384299611026920, 0.9999190830377676642, 1.000000000000000000 ),
 .UNSPECIFIED. ) ;
#2633 = CARTESIAN_POINT ( 'NONE',  ( -0.004141767406445099990, -0.02374239038317579875, 0.05553433052535539788 ) ) ;
#2634 = ORIENTED_EDGE ( 'NONE', *, *, #288, .F. ) ;
#2635 = EDGE_CURVE ( 'NONE', #611, #3158, #2120, .T. ) ;
#2636 = CARTESIAN_POINT ( 'NONE',  ( -0.0001788148509678817851, -0.02727817346198674678, 0.006814460077552770244 ) ) ;
#2637 = CARTESIAN_POINT ( 'NONE',  ( 1.223409797931033241E-05, 2.367459257430026793E-05, 0.000000000000000000 ) ) ;
#2638 = CARTESIAN_POINT ( 'NONE',  ( 0.02734131036354870217, 0.0001973232016907440023, 0.004164030710766639977 ) ) ;
#2639 = CARTESIAN_POINT ( 'NONE',  ( 0.02730257154696320160, -7.109778811805749659E-05, 0.006027880401050280008 ) ) ;
#2640 = CARTESIAN_POINT ( 'NONE',  ( -0.02729834196936519949, -3.460742874093370190E-05, 0.006185733690552300788 ) ) ;
#2641 = CARTESIAN_POINT ( 'NONE',  ( 0.003979251012898010406, -0.001661941657750860401, -2.035291531534237128E-19 ) ) ;
#2642 = CARTESIAN_POINT ( 'NONE',  ( -0.02679835583276119967, 0.002293176206774360289, 0.02636710274083179859 ) ) ;
#2643 = CARTESIAN_POINT ( 'NONE',  ( -0.000000000000000000, 0.001375924049192515019, 0.01089058507927509467 ) ) ;
#2644 = CARTESIAN_POINT ( 'NONE',  ( -0.005195634675346639912, 0.02353331840690780011, 0.04708467733569170199 ) ) ;
#2645 = CARTESIAN_POINT ( 'NONE',  ( 0.002548658663414379941, -0.02670640670567170014, 0.03061042431781199960 ) ) ;
#2646 = STYLED_ITEM ( 'NONE', ( #2154 ), #827 ) ;
#2647 = CARTESIAN_POINT ( 'NONE',  ( -0.04967670737729369679, 0.002994831192286739798, 0.01854478443794159784 ) ) ;
#2648 = ADVANCED_FACE ( 'NONE', ( #3718, #1761 ), #6158, .T. ) ;
#2649 = CARTESIAN_POINT ( 'NONE',  ( 0.02729326975745000050, -9.626025329103060906E-05, 0.006208222647284610679 ) ) ;
#2650 = DIRECTION ( 'NONE',  ( -0.7521500358548267595, -4.114164378989099017E-05, -0.6589918981830868994 ) ) ;
#2651 = CARTESIAN_POINT ( 'NONE',  ( -0.02407252683843580029, -0.001379127074360050192, 0.05950825844431410078 ) ) ;
#2652 = CARTESIAN_POINT ( 'NONE',  ( -0.0001273564404354399823, -0.04967670737730049690, -0.01315511989376190113 ) ) ;
#2653 = CARTESIAN_POINT ( 'NONE',  ( 0.1474045838693498756, 0.02001452565399519309, 0.04002905130799040700 ) ) ;
#2654 = CARTESIAN_POINT ( 'NONE',  ( 0.0006793933715601749128, -0.02432046392528049855, 0.05884419198842020388 ) ) ;
#2655 = VERTEX_POINT ( 'NONE', #2215 ) ;
#2656 = CARTESIAN_POINT ( 'NONE',  ( -0.03330667567358430031, 0.001924464599853189985, 0.01592532423748979978 ) ) ;
#2657 = CARTESIAN_POINT ( 'NONE',  ( 0.02470729570102779896, -0.002560432800947669806, 0.02583630253123540138 ) ) ;
#2658 = B_SPLINE_SURFACE_WITH_KNOTS ( 'NONE', 3, 3, ( 
 ( #2284, #3294, #5277, #695, #4654, #6413, #2440 ),
 ( #6352, #982, #1346, #864, #2864, #4941, #4420 ),
 ( #5826, #4385, #4813, #3390, #1947, #1855, #2349 ),
 ( #3421, #4332, #2472, #6380, #408, #2832, #1463 ),
 ( #3940, #5369, #381, #436, #4359, #6322, #5338 ) ),
 .UNSPECIFIED., .F., .F., .F.,
 ( 4, 1, 4 ),
 ( 4, 3, 4 ),
 ( 0.000000000000000000, 0.5714285714285709528, 1.000000000000000000 ),
 ( -0.5701584889047800475, -0.5640641125543949252, 0.04537352248412630101 ),
 .UNSPECIFIED. ) ;
#2659 = CARTESIAN_POINT ( 'NONE',  ( 0.002798217313661620093, 0.02600248106835949952, 0.03435238667837949705 ) ) ;
#2660 = CARTESIAN_POINT ( 'NONE',  ( 0.02665091865046359879, -0.0003021046919887330042, 0.004368391265483490341 ) ) ;
#2661 = CARTESIAN_POINT ( 'NONE',  ( 3.406834207256320040E-05, -0.02729834969703550177, 0.006181889013820520556 ) ) ;
#2662 = CARTESIAN_POINT ( 'NONE',  ( 2.828339077277200033E-05, 0.02730659893060220084, 0.005732395045064299886 ) ) ;
#2663 = CARTESIAN_POINT ( 'NONE',  ( 0.002582002418311149950, 0.02512165982172420015, 0.05170529551082349989 ) ) ;
#2664 = VERTEX_POINT ( 'NONE', #1697 ) ;
#2665 = CARTESIAN_POINT ( 'NONE',  ( 0.04967670737729990016, 0.002984339788984039909, 0.02208792028287009934 ) ) ;
#2666 = CARTESIAN_POINT ( 'NONE',  ( -0.002787278139752730026, -0.02393827649065299878, 0.006444351218653499892 ) ) ;
#2667 = CARTESIAN_POINT ( 'NONE',  ( 0.004448865155075040247, 0.02369722117432659925, 0.04843282045912399719 ) ) ;
#2668 = ORIENTED_EDGE ( 'NONE', *, *, #4268, .T. ) ;
#2669 = CARTESIAN_POINT ( 'NONE',  ( 0.000000000000000000, -0.0003915550263221689734, 0.002748738838543589736 ) ) ;
#2670 = CARTESIAN_POINT ( 'NONE',  ( 0.000000000000000000, 5.505714157152952204E-21, 0.000000000000000000 ) ) ;
#2671 =( REPRESENTATION_RELATIONSHIP ('NONE','NONE', #4767, #5645 ) REPRESENTATION_RELATIONSHIP_WITH_TRANSFORMATION ( #6334 )SHAPE_REPRESENTATION_RELATIONSHIP( ) );
#2672 = CARTESIAN_POINT ( 'NONE',  ( 0.02502274703652460075, 0.0005030868400488730475, 7.561284554990040834E-05 ) ) ;
#2673 = DIRECTION ( 'NONE',  ( 1.000000000000000000, 0.000000000000000000, 0.000000000000000000 ) ) ;
#2674 = ADVANCED_FACE ( 'NONE', ( #5138, #5729 ), #315, .F. ) ;
#2675 = CARTESIAN_POINT ( 'NONE',  ( -0.02668234945268729841, 0.0007234790659745819882, 0.001349511975375990115 ) ) ;
#2676 = CARTESIAN_POINT ( 'NONE',  ( -0.04967670737730060099, -1.427063421098379955E-05, -0.01357429571607979973 ) ) ;
#2677 = CARTESIAN_POINT ( 'NONE',  ( -0.02687896389576350034, -0.001995859661981009940, 0.02357176894975370265 ) ) ;
#2678 = CARTESIAN_POINT ( 'NONE',  ( 0.000000000000000000, 6.578515956843808779E-05, 0.0003309238554237160226 ) ) ;
#2679 = CARTESIAN_POINT ( 'NONE',  ( 0.02054999999999999882, 0.000000000000000000, 0.07343700320369959955 ) ) ;
#2680 = CARTESIAN_POINT ( 'NONE',  ( 0.0003114553986684549976, 0.02725425498553499942, 0.007801726571011259256 ) ) ;
#2681 = CARTESIAN_POINT ( 'NONE',  ( 0.02689029197925659961, 0.001952222066296130029, 0.02310166393540389815 ) ) ;
#2682 = CARTESIAN_POINT ( 'NONE',  ( 0.002053562847709220190, -0.02401238770402619807, 0.0009298461024621430598 ) ) ;
#2683 = CARTESIAN_POINT ( 'NONE',  ( -0.02491185204406440312, 0.001097706800350990069, 0.01171212914725349927 ) ) ;
#2684 = CARTESIAN_POINT ( 'NONE',  ( 8.991404271427899295E-05, 0.04967670737730060099, -0.01342090596433279971 ) ) ;
#2685 = CARTESIAN_POINT ( 'NONE',  ( 0.1326814563336177477, -0.01914736586798890597, 0.03829473173597779806 ) ) ;
#2686 = CARTESIAN_POINT ( 'NONE',  ( 0.002422502808985459773, -0.02444844852439490013, 0.05501047022967730377 ) ) ;
#2687 = ORIENTED_EDGE ( 'NONE', *, *, #5335, .T. ) ;
#2688 = CARTESIAN_POINT ( 'NONE',  ( -0.04967670737730069813, -0.001712458349813959953, 0.03424198695874380166 ) ) ;
#2689 = CARTESIAN_POINT ( 'NONE',  ( 0.02461271725749159672, 0.003025984923174229995, 0.03291098159355090175 ) ) ;
#2690 = CARTESIAN_POINT ( 'NONE',  ( -0.002969967598690349906, 0.02586731140328230039, 0.04137883297244910469 ) ) ;
#2691 = CARTESIAN_POINT ( 'NONE',  ( 0.02736684554291710092, -0.0006392172875030110654, 0.001346244199983630046 ) ) ;
#2692 = CARTESIAN_POINT ( 'NONE',  ( -0.02409999999999998949, 0.02409999999999998949, 0.06175378874876467222 ) ) ;
#2693 = LINE ( 'NONE', #3213, #1246 ) ;
#2694 = CARTESIAN_POINT ( 'NONE',  ( 0.0002153322155579780065, 0.04967670737730039976, -0.01252326239111050017 ) ) ;
#2695 = ORIENTED_EDGE ( 'NONE', *, *, #6100, .F. ) ;
#2696 = CARTESIAN_POINT ( 'NONE',  ( 0.001235702025192870123, -0.02407809293727570035, 0.06013299898263550075 ) ) ;
#2697 = CIRCLE ( 'NONE', #4774, 0.02409999999999999989 ) ;
#2698 = CARTESIAN_POINT ( 'NONE',  ( 0.004654342317728410103, -0.02364663911742949723, 0.05276323476688250108 ) ) ;
#2699 = CARTESIAN_POINT ( 'NONE',  ( 0.004054561719264149905, 0.02377060338202489909, 0.02855762093147500014 ) ) ;
#2700 = VERTEX_POINT ( 'NONE', #1212 ) ;
#2701 = CARTESIAN_POINT ( 'NONE',  ( -0.02622276767918449783, -0.002597718836681669856, 0.02074413975344630012 ) ) ;
#2702 = CARTESIAN_POINT ( 'NONE',  ( 0.0007737221445894071955, -0.0004862275238850545783, -5.954569807831753078E-20 ) ) ;
#2703 = CARTESIAN_POINT ( 'NONE',  ( -8.991404271427289431E-05, -0.04967670737730060099, -0.01342090596433279971 ) ) ;
#2704 = SURFACE_STYLE_FILL_AREA ( #6126 ) ;
#2705 = CARTESIAN_POINT ( 'NONE',  ( -0.02501454262091629827, 0.0004372115505903039932, 0.0006749266324595039942 ) ) ;
#2706 = CARTESIAN_POINT ( 'NONE',  ( -0.02729834969703550177, 7.752104750412109843E-06, 0.005885252926493719956 ) ) ;
#2707 = CARTESIAN_POINT ( 'NONE',  ( -0.001006388246045024186, -0.02409638354730155030, -0.0001952222872778669905 ) ) ;
#2708 = CARTESIAN_POINT ( 'NONE',  ( -0.000000000000000000, 0.002229202150390349486, 0.04597869510292929007 ) ) ;
#2709 = DIRECTION ( 'NONE',  ( 0.000000000000000000, -1.000000000000000078E-15, 1.000000000000000000 ) ) ;
#2710 = CARTESIAN_POINT ( 'NONE',  ( 8.203185272030480923E-05, -0.02728767847910800251, 0.006533656315777010108 ) ) ;
#2711 = CARTESIAN_POINT ( 'NONE',  ( 0.002987241759444519713, 0.02649981751854140269, 0.03856958491444690412 ) ) ;
#2712 = CARTESIAN_POINT ( 'NONE',  ( 0.02644721383239020257, 0.002972572850788550002, 0.04137949985650899581 ) ) ;
#2713 = CARTESIAN_POINT ( 'NONE',  ( 0.002653316416614689977, -0.02395349477619750089, 0.005771506160578510590 ) ) ;
#2714 = CARTESIAN_POINT ( 'NONE',  ( -0.02447871107080230174, -0.003354152065041370295, 0.04557888005925980063 ) ) ;
#2715 = CARTESIAN_POINT ( 'NONE',  ( -2.548669912879919473E-05, -0.02614481911433120739, 0.005111642230227182379 ) ) ;
#2716 = CARTESIAN_POINT ( 'NONE',  ( -0.02394783383507209998, 0.002703933829930370032, 0.005761784498877749704 ) ) ;
#2717 = CARTESIAN_POINT ( 'NONE',  ( 0.1639999999999998959, -0.02056046467050398271, -2.517930724771494389E-18 ) ) ;
#2718 = CARTESIAN_POINT ( 'NONE',  ( -0.003402745600243930069, -0.02451395911007329953, 0.03995482569647199750 ) ) ;
#2719 = VERTEX_POINT ( 'NONE', #1792 ) ;
#2720 = CARTESIAN_POINT ( 'NONE',  ( -0.03330667567358479991, 0.0005410766485167730873, 0.05082892550270889931 ) ) ;
#2721 = CARTESIAN_POINT ( 'NONE',  ( 0.02477819269850919937, 0.002119911652502960014, 0.02162653427940810016 ) ) ;
#2722 = CARTESIAN_POINT ( 'NONE',  ( -0.0003059847293686849992, 0.02498364176372579876, 0.006112485025077279630 ) ) ;
#2723 = CARTESIAN_POINT ( 'NONE',  ( -0.02349970829371450173, 0.005345464117149280152, 0.04420262074844970301 ) ) ;
#2724 = CARTESIAN_POINT ( 'NONE',  ( -0.02409999999999999989, 0.000000000000000000, 0.06175378874876469998 ) ) ;
#2725 = UNCERTAINTY_MEASURE_WITH_UNIT (LENGTH_MEASURE( 1.000000000000000082E-05 ), #2613, 'distance_accuracy_value', 'NONE');
#2726 = CARTESIAN_POINT ( 'NONE',  ( 0.0005278214550861939219, 0.02501674755470094727, 1.131475257397395944E-05 ) ) ;
#2727 = CARTESIAN_POINT ( 'NONE',  ( 0.003008877065065539841, 0.04149169152543569911, 0.03201092367928010107 ) ) ;
#2728 = ORIENTED_EDGE ( 'NONE', *, *, #346, .F. ) ;
#2729 = CARTESIAN_POINT ( 'NONE',  ( -0.04967670737730060099, -3.583149667195850100E-05, -0.01342094156759589957 ) ) ;
#2730 = CARTESIAN_POINT ( 'NONE',  ( 0.02353635634187319775, 0.005181792585195619562, 0.03563765442669360184 ) ) ;
#2731 = CARTESIAN_POINT ( 'NONE',  ( 0.02356413985755260315, 0.005054021696234890608, 0.03278244023018379860 ) ) ;
#2732 = CARTESIAN_POINT ( 'NONE',  ( 0.001865303798893759970, 0.02404443281011290137, 0.006284916710739780164 ) ) ;
#2733 = ORIENTED_EDGE ( 'NONE', *, *, #1219, .T. ) ;
#2734 = CARTESIAN_POINT ( 'NONE',  ( 0.000000000000000000, -6.761366174610090049E-05, 0.0003835880327546319882 ) ) ;
#2735 = CARTESIAN_POINT ( 'NONE',  ( 0.0004817771452915797304, 0.0003404228950179932593, -0.0006808457900359864102 ) ) ;
#2736 = CARTESIAN_POINT ( 'NONE',  ( 0.03330667567358340520, -0.002761206190879370026, 0.02565863985374130032 ) ) ;
#2737 = CARTESIAN_POINT ( 'NONE',  ( -0.02664350883150269980, 0.0002179276677452749833, 0.004971735913153170830 ) ) ;
#2738 = CARTESIAN_POINT ( 'NONE',  ( 0.1637415884084692519, -0.02056046466939306233, -2.517930724635445927E-18 ) ) ;
#2739 = B_SPLINE_CURVE_WITH_KNOTS ( 'NONE', 3,
 ( #2537, #4523, #6023, #1536, #2079, #4490, #6059, #5502 ),
 .UNSPECIFIED., .F., .F.,
 ( 4, 2, 2, 4 ),
 ( 0.000000000000000000, 0.4999999999999991118, 0.7499999999999995559, 1.000000000000000000 ),
 .UNSPECIFIED. ) ;
#2740 = CARTESIAN_POINT ( 'NONE',  ( -0.001011720692025560144, -0.02409616096027840035, -0.0001550371192773610050 ) ) ;
#2741 = CARTESIAN_POINT ( 'NONE',  ( -0.000000000000000000, 0.003015241503172100442, 0.03275302961112053213 ) ) ;
#2742 = CARTESIAN_POINT ( 'NONE',  ( 0.001598287645234949990, 0.02698337018049510108, 0.01883556361615990049 ) ) ;
#2743 = EDGE_CURVE ( 'NONE', #3274, #980, #4684, .T. ) ;
#2744 = CARTESIAN_POINT ( 'NONE',  ( -0.02614481911433121086, 2.548669912879565752E-05, 0.005111642230227157226 ) ) ;
#2745 = CARTESIAN_POINT ( 'NONE',  ( 0.001762391213365430013, -0.02405216124763630281, 0.005892492652039150146 ) ) ;
#2746 = CARTESIAN_POINT ( 'NONE',  ( -0.02445885578677199981, -0.002817084453750790061, 0.05287011827033440137 ) ) ;
#2747 = CARTESIAN_POINT ( 'NONE',  ( -2.811201284163765979E-05, -0.02677683817902677330, 0.005861189832005781267 ) ) ;
#2748 = CARTESIAN_POINT ( 'NONE',  ( 0.02405352445701880101, -0.001724914186606919938, 0.05995436181959189897 ) ) ;
#2749 = CARTESIAN_POINT ( 'NONE',  ( 0.1566420320640504182, 0.02039840714278208164, 4.996168803022516801E-18 ) ) ;
#2750 = CARTESIAN_POINT ( 'NONE',  ( -0.003336749229292819939, -0.02445783285702129994, 0.04787281189483159893 ) ) ;
#2751 = ORIENTED_EDGE ( 'NONE', *, *, #770, .F. ) ;
#2752 = CARTESIAN_POINT ( 'NONE',  ( -0.04967670737730549985, 0.002176480008668860069, 0.03267743721554609848 ) ) ;
#2753 = CARTESIAN_POINT ( 'NONE',  ( 0.02447734499580010020, -0.003434407545905199949, 0.04415752150895459888 ) ) ;
#2754 = CARTESIAN_POINT ( 'NONE',  ( 0.002867523485156400157, 0.02597182952116780172, 0.03575936841676809891 ) ) ;
#2755 = CARTESIAN_POINT ( 'NONE',  ( -9.779232826115699374E-06, 0.02730590515353800013, 0.006002978719494849943 ) ) ;
#2756 = CARTESIAN_POINT ( 'NONE',  ( 3.363617849357799892E-05, -0.02729834969703550177, 0.006178816599161270247 ) ) ;
#2757 = CARTESIAN_POINT ( 'NONE',  ( -0.001953673722041790028, 0.02402073420489360053, 0.0001249053047554060214 ) ) ;
#2758 = CARTESIAN_POINT ( 'NONE',  ( 0.002575290905111729967, 0.04967670737730529862, 0.03023284672936920117 ) ) ;
#2759 = CARTESIAN_POINT ( 'NONE',  ( -0.002782368312030479920, -0.02393884776655290023, 0.006403759031497570364 ) ) ;
#2760 = CARTESIAN_POINT ( 'NONE',  ( 0.02445650444794369646, -0.001188357623806437623, 0.005968332554161050185 ) ) ;
#2761 = CARTESIAN_POINT ( 'NONE',  ( 0.02349547826829729777, -0.005364000882866959939, 0.04134574841576779680 ) ) ;
#2762 = CARTESIAN_POINT ( 'NONE',  ( 0.001813487508635190084, 0.02404837655446329797, 0.005890551323179510010 ) ) ;
#2763 = EDGE_LOOP ( 'NONE', ( #4963, #1595 ) ) ;
#2764 = CARTESIAN_POINT ( 'NONE',  ( 0.000000000000000000, -0.002588542387047779777, 0.04376033262175570149 ) ) ;
#2765 = CARTESIAN_POINT ( 'NONE',  ( 0.1378007682912846255, 0.01947862412482722141, -0.03895724824965443589 ) ) ;
#2766 = CARTESIAN_POINT ( 'NONE',  ( 0.02512165982172660100, -0.002819890817771359987, 0.04958601377069839916 ) ) ;
#2767 = EDGE_CURVE ( 'NONE', #2655, #3572, #2911, .T. ) ;
#2768 = CARTESIAN_POINT ( 'NONE',  ( -0.02498712383967609946, -0.0002546124672677950213, 0.005752624695551610684 ) ) ;
#2769 = CARTESIAN_POINT ( 'NONE',  ( 9.164304593929880932E-05, 0.03476061682374229772, -0.0003577421609080830051 ) ) ;
#2770 = CARTESIAN_POINT ( 'NONE',  ( 0.0005761369836622700063, -0.02668709043691389754, 0.002157398562481249987 ) ) ;
#2771 = CARTESIAN_POINT ( 'NONE',  ( -0.000000000000000000, -0.002832249643365522974, 0.04087775402951124987 ) ) ;
#2772 = CARTESIAN_POINT ( 'NONE',  ( 0.002768005796295219898, -0.02661464743505160060, 0.03436173085662500015 ) ) ;
#2773 = CARTESIAN_POINT ( 'NONE',  ( 0.001520611362175719808, 0.02586645815734910092, 0.05585393066975229831 ) ) ;
#2774 = CARTESIAN_POINT ( 'NONE',  ( -0.02677683817902676983, 2.811201284163874399E-05, 0.005861189832005783869 ) ) ;
#2775 = CARTESIAN_POINT ( 'NONE',  ( -0.0004372115505903280083, -0.02501454262091629827, 0.0006749266324596130649 ) ) ;
#2776 = CARTESIAN_POINT ( 'NONE',  ( -0.02443370580453459867, -0.002123147531755940204, 0.05622553455106869824 ) ) ;
#2777 = CARTESIAN_POINT ( 'NONE',  ( -2.827751929175539974E-05, -0.02731468076792820110, 0.005725352261985739918 ) ) ;
#2778 = CARTESIAN_POINT ( 'NONE',  ( -0.02350805789310349975, 0.005308658044898590007, 0.04563206777036340339 ) ) ;
#2779 = CARTESIAN_POINT ( 'NONE',  ( 0.1186122119539707587, 0.01810906441835611128, 0.03621812883671224337 ) ) ;
#2780 = CARTESIAN_POINT ( 'NONE',  ( -3.558304168845600622E-05, -0.02661749568712689848, 0.006370131290839469926 ) ) ;
#2781 = CARTESIAN_POINT ( 'NONE',  ( -0.02512165982172639977, 0.003011271797270780037, 0.04632593202651769798 ) ) ;
#2782 = CARTESIAN_POINT ( 'NONE',  ( 0.02448818383025620077, -0.003437170499834810069, 0.04275871224000629689 ) ) ;
#2783 = CARTESIAN_POINT ( 'NONE',  ( 0.0008924919973856069695, 0.02506409262686800157, 0.05765471183276200257 ) ) ;
#2784 = CARTESIAN_POINT ( 'NONE',  ( -0.02373270874866400051, 0.004194065539192570226, 0.01994793103584460020 ) ) ;
#2785 = CARTESIAN_POINT ( 'NONE',  ( 0.02409999999999999296, 0.000000000000000000, 0.06813473812597234391 ) ) ;
#2786 = CARTESIAN_POINT ( 'NONE',  ( -0.0009878459650988239901, 0.02409706917175220148, -0.0001899241902213869883 ) ) ;
#2787 = CARTESIAN_POINT ( 'NONE',  ( 9.276034860533439108E-05, 0.02512165982172390177, 0.008083831303628009543 ) ) ;
#2788 = DIRECTION ( 'NONE',  ( 1.000000000000000000, 0.000000000000000000, 0.000000000000000000 ) ) ;
#2789 = CARTESIAN_POINT ( 'NONE',  ( 0.001951657932118410106, -0.02402084958175899898, 0.0001087134773265119894 ) ) ;
#2790 = APPLICATION_CONTEXT ( 'automotive_design' ) ;
#2791 = CARTESIAN_POINT ( 'NONE',  ( 0.02394742031884800060, -0.002707594902953869894, 0.005791292549965520141 ) ) ;
#2792 = PRODUCT_DEFINITION_FORMATION_WITH_SPECIFIED_SOURCE ( 'ANY', '', #4116, .NOT_KNOWN. ) ;
#2793 = CARTESIAN_POINT ( 'NONE',  ( 0.003952479072918859380, 0.02378795413506649969, 0.02713605008888539741 ) ) ;
#2794 = ORIENTED_EDGE ( 'NONE', *, *, #3735, .T. ) ;
#2795 = CARTESIAN_POINT ( 'NONE',  ( 0.02729326975744989642, -9.626025329101784258E-05, 0.006208222647284610679 ) ) ;
#2796 = CARTESIAN_POINT ( 'NONE',  ( 0.07394948935830365777, 0.01364000912233499264, 0.000000000000000000 ) ) ;
#2797 = CARTESIAN_POINT ( 'NONE',  ( 0.03330667567358359948, -9.538431293400469820E-05, 0.0009397476971100829834 ) ) ;
#2798 = CARTESIAN_POINT ( 'NONE',  ( -0.002608273320435039976, 0.02395844704174470222, 0.005407341021235139919 ) ) ;
#2799 = VECTOR ( 'NONE', #3236, 1.000000000000000000 ) ;
#2800 = CARTESIAN_POINT ( 'NONE',  ( 0.02401250414649279755, 0.002053577139729779837, 0.0009298457366541900120 ) ) ;
#2801 = CARTESIAN_POINT ( 'NONE',  ( 2.689257481612079785E-05, 0.04967670737730060099, -0.01386707384036130024 ) ) ;
#2802 = CARTESIAN_POINT ( 'NONE',  ( -0.02675247766151150203, -0.002420053435801130127, 0.02873446956150600001 ) ) ;
#2803 = CARTESIAN_POINT ( 'NONE',  ( -0.000000000000000000, -0.0009108196740147566544, 0.04976953368998683624 ) ) ;
#2804 = APPLICATION_PROTOCOL_DEFINITION ( 'draft international standard', 'automotive_design', 1998, #6036 ) ;
#2805 = CARTESIAN_POINT ( 'NONE',  ( 0.02731468076792820110, -2.827751929175690069E-05, 0.005725352261985739918 ) ) ;
#2806 = CARTESIAN_POINT ( 'NONE',  ( 9.260469515382479925E-05, 0.02730408991918979733, 0.006173173449181400090 ) ) ;
#2807 = CARTESIAN_POINT ( 'NONE',  ( 0.02727371120537600002, 0.0001446791514761869963, 0.006998919323521439820 ) ) ;
#2808 = CARTESIAN_POINT ( 'NONE',  ( -0.0005548391061728240098, -0.02667038760805690023, 0.002556828801278979938 ) ) ;
#2809 = CARTESIAN_POINT ( 'NONE',  ( -0.02432531862175859802, 0.0009781311914015750671, 0.05871070542857539931 ) ) ;
#2810 = CARTESIAN_POINT ( 'NONE',  ( -0.002996715415404360271, -0.02512165982173080250, 0.04002051959971369977 ) ) ;
#2811 = CARTESIAN_POINT ( 'NONE',  ( 0.02410035087895382247, -1.182597402237428770E-05, 0.06034109181357241725 ) ) ;
#2812 = CARTESIAN_POINT ( 'NONE',  ( -0.001686234004352849892, -0.02631551892309880181, 0.02024203062426470009 ) ) ;
#2813 = CIRCLE ( 'NONE', #5310, 0.02050000000000000086 ) ;
#2814 = CARTESIAN_POINT ( 'NONE',  ( -0.04967670737730119773, -0.001449443473609520004, 0.03496845202896579907 ) ) ;
#2815 = MANIFOLD_SOLID_BREP ( 'Boss-Extrude1', #1609 ) ;
#2816 = CARTESIAN_POINT ( 'NONE',  ( 0.02452490138085219873, 0.003338581788728700161, 0.03996684191968270100 ) ) ;
#2817 = CARTESIAN_POINT ( 'NONE',  ( -0.002808832674126980188, 0.02598419629816210025, 0.03576311493751569565 ) ) ;
#2818 = CARTESIAN_POINT ( 'NONE',  ( 2.828339077277200033E-05, 0.02730659893060220084, 0.005732395045064299886 ) ) ;
#2819 = CARTESIAN_POINT ( 'NONE',  ( -0.004977737550702019884, 0.02358038082278329783, 0.03135719712605630066 ) ) ;
#2820 = CARTESIAN_POINT ( 'NONE',  ( 0.0009323122743887829900, 0.04967670737730119773, 0.03606377774801369784 ) ) ;
#2821 = CARTESIAN_POINT ( 'NONE',  ( -0.004903114720909159709, -0.02359617065590470172, 0.05133880587036779991 ) ) ;
#2822 = CARTESIAN_POINT ( 'NONE',  ( 0.02378527475394110260, 0.003885285400437200366, 0.01713618755684019959 ) ) ;
#2823 = CARTESIAN_POINT ( 'NONE',  ( 0.02351660003695889983, 0.005270664431728119825, 0.03849901802500560466 ) ) ;
#2824 = CARTESIAN_POINT ( 'NONE',  ( -0.001779086849192579789, 0.02405095789480730245, 0.006011117702747590004 ) ) ;
#2825 = CARTESIAN_POINT ( 'NONE',  ( 0.002199893502938489540, -0.02682154707727245693, 0.02591948815644309900 ) ) ;
#2826 = ADVANCED_FACE ( 'NONE', ( #862 ), #219, .F. ) ;
#2827 = CARTESIAN_POINT ( 'NONE',  ( 0.04852371010633722836, 0.01025504949985577355, -0.02051009899971154363 ) ) ;
#2828 = CARTESIAN_POINT ( 'NONE',  ( 0.04149169152544749523, -0.002407100079350179764, 0.03854273739595319437 ) ) ;
#2829 = CARTESIAN_POINT ( 'NONE',  ( 0.02730408992393754813, -9.260469555341528907E-05, 0.006173173447804349706 ) ) ;
#2830 = EDGE_CURVE ( 'NONE', #200, #4263, #4204, .T. ) ;
#2831 = CARTESIAN_POINT ( 'NONE',  ( 7.109778811805909579E-05, 0.02730257154696320160, 0.006027880401050280008 ) ) ;
#2832 = CARTESIAN_POINT ( 'NONE',  ( -0.0002844783862328939842, 0.02666248627742039828, 0.004166624205209289514 ) ) ;
#2833 = CARTESIAN_POINT ( 'NONE',  ( 0.000000000000000000, -0.002971310895480252026, 0.03863853450453400701 ) ) ;
#2834 = APPLICATION_PROTOCOL_DEFINITION ( 'draft international standard', 'automotive_design', 1998, #2790 ) ;
#2835 = CARTESIAN_POINT ( 'NONE',  ( -0.02409627225379000134, 0.001009054469035243918, -0.0001751297032779714998 ) ) ;
#2836 = CARTESIAN_POINT ( 'NONE',  ( -0.002608148072686009792, 0.02668349011938409704, 0.03154842807120160353 ) ) ;
#2837 = CARTESIAN_POINT ( 'NONE',  ( 0.0009323122743887829900, 0.04967670737730119773, 0.03606377774801369784 ) ) ;
#2838 = CARTESIAN_POINT ( 'NONE',  ( 0.001146752748402850124, -0.02408994335403530015, 0.001057395718154010037 ) ) ;
#2839 = CARTESIAN_POINT ( 'NONE',  ( -0.02638571831532710021, -0.001335577893427670072, 0.01745216999942399844 ) ) ;
#2840 = CARTESIAN_POINT ( 'NONE',  ( -0.001263013066965950042, -0.04967670737730139896, 0.03548486484308169958 ) ) ;
#2841 = CARTESIAN_POINT ( 'NONE',  ( 0.02356456564794520009, -0.005052459105150360237, 0.04991730373320159980 ) ) ;
#2842 = EDGE_CURVE ( 'NONE', #2211, #1175, #3587, .T. ) ;
#2843 = CARTESIAN_POINT ( 'NONE',  ( -0.002754092327360479955, -0.02569101512937679854, 0.04963335400079739446 ) ) ;
#2844 = ITEM_DEFINED_TRANSFORMATION ( 'NONE', 'NONE', #5909,  #2889 ) ;
#2845 = EDGE_CURVE ( 'NONE', #580, #1202, #3150, .T. ) ;
#2846 = CARTESIAN_POINT ( 'NONE',  ( -0.02512165982172680223, -8.644873561279940298E-05, 0.008464356759893590029 ) ) ;
#2847 = CARTESIAN_POINT ( 'NONE',  ( 0.02634630117055740059, -0.001539587787386329995, 0.01883039015249790213 ) ) ;
#2848 = CARTESIAN_POINT ( 'NONE',  ( 3.207393922833330077E-05, 0.02661618863049889858, 0.006294947054118530359 ) ) ;
#2849 = CARTESIAN_POINT ( 'NONE',  ( -0.02394516186729499924, 0.002727511042400390228, 0.005953624323229570088 ) ) ;
#2850 = CARTESIAN_POINT ( 'NONE',  ( -0.003882995204596299734, 0.02378525904705949823, 0.01713609528233850030 ) ) ;
#2851 =( BOUNDED_SURFACE ( )  B_SPLINE_SURFACE ( 4, 3, ( 
 ( #2670, #1177, #3684, #5664 ),
 ( #1727, #5630, #3191, #4233 ),
 ( #2637, #2111, #3618, #5596 ),
 ( #3160, #4648, #757, #2213 ),
 ( #657, #6156, #1147, #3126 ),
 ( #4197, #5696, #5168, #720 ),
 ( #1243, #5565, #3223, #4166 ),
 ( #6222, #2735, #4715, #4616 ),
 ( #6123, #3585, #3093, #2702 ),
 ( #5070, #626, #2603, #4585 ),
 ( #182, #2144, #151, #1659 ),
 ( #3355, #1821, #2887, #3256 ),
 ( #4781, #432, #4355, #4328 ),
 ( #6317, #313, #5303, #6348 ),
 ( #4265, #3786, #5332, #6256 ),
 ( #1850, #2313, #4748, #3384 ),
 ( #3876, #860, #2279, #4868 ),
 ( #3323, #2827, #1342, #1790 ),
 ( #2859, #3818, #5759, #5363 ),
 ( #2796, #888, #5727, #4809 ),
 ( #5820, #1371, #347, #1312 ),
 ( #2405, #3289, #915, #404 ),
 ( #4837, #4298, #4381, #6285 ),
 ( #1396, #3847, #1759, #376 ),
 ( #5792, #2374, #3753, #2344 ),
 ( #1278, #1880, #5852, #5235 ),
 ( #791, #2765, #5272, #824 ),
 ( #3935, #460, #5397, #4969 ),
 ( #3449, #3054, #946, #5982 ),
 ( #3549, #5002, #4445, #3998 ),
 ( #81, #5033, #2435, #5525 ),
 ( #2528, #1528, #4935, #2561 ),
 ( #5950, #6013, #49, #1076 ),
 ( #976, #5494, #491, #1942 ),
 ( #587, #3515, #5461, #3966 ),
 ( #4482, #1911, #4513, #18 ),
 ( #2919, #2007, #1426, #521 ),
 ( #6376, #2039, #1041, #4415 ) ),
 .UNSPECIFIED., .F., .F., .T. ) 
 B_SPLINE_SURFACE_WITH_KNOTS ( ( 5, 1, 1, 1, 1, 1, 1, 1, 1, 1, 1, 1, 1, 1, 1, 1, 1, 1, 1, 1, 1, 1, 1, 1, 1, 1, 1, 1, 1, 1, 1, 1, 1, 1, 5 ),
 ( 4, 4 ),
 ( 0.000000000000000000, 0.0002151748282479247769, 0.0004303496564958495538, 0.001197433867946453125, 0.001816684267350273697, 0.002648237424389112728, 0.003888298548714792021, 0.006009048239828076142, 0.009690402207698818951, 0.01626605809241634532, 0.02843013126682419900, 0.05028021559581110494, 0.08339066922638539714, 0.1452989323063062221, 0.2072069278057969421, 0.2691152892298330213, 0.3310232124410635857, 0.3929313455989270620, 0.5167475752337479245, 0.5786557072941594937, 0.6405637779947344068, 0.7024719602864770707, 0.7643800862177958511, 0.7953341109051116353, 0.8262881355924274196, 0.8572421933737847111, 0.8881962511551420025, 0.9191503033889321106, 0.9346273295058271646, 0.9501043556227221076, 0.9625782667170414975, 0.9750521778113609983, 0.9875260889056804992, 0.9937630444528402496, 1.000000000000000000 ),
 ( 0.000000000000000000, 1.000000000000000000 ),
 .UNSPECIFIED. ) 
 GEOMETRIC_REPRESENTATION_ITEM ( )  RATIONAL_B_SPLINE_SURFACE ( (
 ( 1.000000000000000000, 0.3333333333333334259, 0.3333333333333334259, 1.000000000000000000),
 ( 1.000000000000000000, 0.3333333333333334259, 0.3333333333333334259, 1.000000000000000000),
 ( 1.000000000000000000, 0.3333333333333334259, 0.3333333333333334259, 1.000000000000000000),
 ( 1.000000000000000000, 0.3333333333333334259, 0.3333333333333334259, 1.000000000000000000),
 ( 1.000000000000000000, 0.3333333333333334259, 0.3333333333333334259, 1.000000000000000000),
 ( 1.000000000000000000, 0.3333333333333334259, 0.3333333333333334259, 1.000000000000000000),
 ( 1.000000000000000000, 0.3333333333333334259, 0.3333333333333334259, 1.000000000000000000),
 ( 1.000000000000000000, 0.3333333333333334259, 0.3333333333333334259, 1.000000000000000000),
 ( 1.000000000000000000, 0.3333333333333334259, 0.3333333333333334259, 1.000000000000000000),
 ( 1.000000000000000000, 0.3333333333333334259, 0.3333333333333334259, 1.000000000000000000),
 ( 1.000000000000000000, 0.3333333333333334259, 0.3333333333333334259, 1.000000000000000000),
 ( 1.000000000000000000, 0.3333333333333334259, 0.3333333333333334259, 1.000000000000000000),
 ( 1.000000000000000000, 0.3333333333333334259, 0.3333333333333334259, 1.000000000000000000),
 ( 1.000000000000000000, 0.3333333333333334259, 0.3333333333333334259, 1.000000000000000000),
 ( 1.000000000000000000, 0.3333333333333334259, 0.3333333333333334259, 1.000000000000000000),
 ( 1.000000000000000000, 0.3333333333333334259, 0.3333333333333334259, 1.000000000000000000),
 ( 1.000000000000000000, 0.3333333333333334259, 0.3333333333333334259, 1.000000000000000000),
 ( 1.000000000000000000, 0.3333333333333334259, 0.3333333333333334259, 1.000000000000000000),
 ( 1.000000000000000000, 0.3333333333333334259, 0.3333333333333334259, 1.000000000000000000),
 ( 1.000000000000000000, 0.3333333333333334259, 0.3333333333333334259, 1.000000000000000000),
 ( 1.000000000000000000, 0.3333333333333334259, 0.3333333333333334259, 1.000000000000000000),
 ( 1.000000000000000000, 0.3333333333333334259, 0.3333333333333334259, 1.000000000000000000),
 ( 1.000000000000000000, 0.3333333333333334259, 0.3333333333333334259, 1.000000000000000000),
 ( 1.000000000000000000, 0.3333333333333334259, 0.3333333333333334259, 1.000000000000000000),
 ( 1.000000000000000000, 0.3333333333333334259, 0.3333333333333334259, 1.000000000000000000),
 ( 1.000000000000000000, 0.3333333333333334259, 0.3333333333333334259, 1.000000000000000000),
 ( 1.000000000000000000, 0.3333333333333334259, 0.3333333333333334259, 1.000000000000000000),
 ( 1.000000000000000000, 0.3333333333333334259, 0.3333333333333334259, 1.000000000000000000),
 ( 1.000000000000000000, 0.3333333333333334259, 0.3333333333333334259, 1.000000000000000000),
 ( 1.000000000000000000, 0.3333333333333334259, 0.3333333333333334259, 1.000000000000000000),
 ( 1.000000000000000000, 0.3333333333333334259, 0.3333333333333334259, 1.000000000000000000),
 ( 1.000000000000000000, 0.3333333333333334259, 0.3333333333333334259, 1.000000000000000000),
 ( 1.000000000000000000, 0.3333333333333334259, 0.3333333333333334259, 1.000000000000000000),
 ( 1.000000000000000000, 0.3333333333333334259, 0.3333333333333334259, 1.000000000000000000),
 ( 1.000000000000000000, 0.3333333333333334259, 0.3333333333333334259, 1.000000000000000000),
 ( 1.000000000000000000, 0.3333333333333334259, 0.3333333333333334259, 1.000000000000000000),
 ( 1.000000000000000000, 0.3333333333333334259, 0.3333333333333334259, 1.000000000000000000),
 ( 1.000000000000000000, 0.3333333333333334259, 0.3333333333333334259, 1.000000000000000000) ) ) 
 REPRESENTATION_ITEM ( '' )  SURFACE ( )  );
#2852 = CARTESIAN_POINT ( 'NONE',  ( -0.001975571031771049951, 0.04149169152544269351, 0.04045235607457830368 ) ) ;
#2853 = CARTESIAN_POINT ( 'NONE',  ( -0.001810957204751529942, -0.02404856654590760076, 0.005871270010981349992 ) ) ;
#2854 = CARTESIAN_POINT ( 'NONE',  ( -0.0004128385556363519857, -0.04967670737730289776, -0.01106966895594829921 ) ) ;
#2855 = VECTOR ( 'NONE', #5111, 1.000000000000000000 ) ;
#2856 = CARTESIAN_POINT ( 'NONE',  ( 0.02405352445701880101, -0.001724914186606919938, 0.05995436181959189897 ) ) ;
#2857 = CARTESIAN_POINT ( 'NONE',  ( 0.002677890142478539862, 0.02468612566016270202, 0.02725081535613820341 ) ) ;
#2858 = CARTESIAN_POINT ( 'NONE',  ( 0.001449451137921647882, -0.02586444297319059546, 0.05584257116218302452 ) ) ;
#2859 = CARTESIAN_POINT ( 'NONE',  ( 0.06122476143659144610, 0.01203583586195126204, 0.000000000000000000 ) ) ;
#2860 = CARTESIAN_POINT ( 'NONE',  ( 0.03330667567358390480, -0.0009430452711882190107, 0.05038749855471070377 ) ) ;
#2861 = CARTESIAN_POINT ( 'NONE',  ( 0.0001860759479822949680, -0.0001673536066665147351, 0.0003347072133330293076 ) ) ;
#2862 = FACE_BOUND ( 'NONE', #2011, .T. ) ;
#2863 = CARTESIAN_POINT ( 'NONE',  ( 0.02396976563227940296, 0.002502442247226030134, 0.004552089471867730268 ) ) ;
#2864 = CARTESIAN_POINT ( 'NONE',  ( 0.001278342991041319992, 0.02408503160912089935, 0.001854221280665030143 ) ) ;
#2865 = CARTESIAN_POINT ( 'NONE',  ( -0.000000000000000000, 0.001358210753036702108, 0.04897846483688576141 ) ) ;
#2866 = CARTESIAN_POINT ( 'NONE',  ( -9.295366289648530585E-05, -0.02345393969811690113, 0.009544381645201820141 ) ) ;
#2867 = ADVANCED_FACE ( 'NONE', ( #2862, #6287 ), #6320, .T. ) ;
#2868 = CARTESIAN_POINT ( 'NONE',  ( 0.02395349758143670155, 0.002653291091475649868, 0.005771300684615859704 ) ) ;
#2869 = CARTESIAN_POINT ( 'NONE',  ( 0.003041894251109240020, 0.04967670737729299596, 0.02139080718404419781 ) ) ;
#2870 = CARTESIAN_POINT ( 'NONE',  ( 0.001454005785053330037, -0.02407308837075420108, 0.003471506902207929963 ) ) ;
#2871 = CARTESIAN_POINT ( 'NONE',  ( -0.02620060172064750045, -0.002153367212055949838, 0.02591319173480390037 ) ) ;
#2872 = CARTESIAN_POINT ( 'NONE',  ( -0.001879238337364260098, -0.03330667567358799874, 0.04826760995605790250 ) ) ;
#2873 = CARTESIAN_POINT ( 'NONE',  ( 0.002752846129095190032, 0.02394226820531409824, 0.006160217732937879609 ) ) ;
#2874 = CARTESIAN_POINT ( 'NONE',  ( 0.002975448424578950018, -0.02585798004309669898, 0.04184561241365120088 ) ) ;
#2875 = ITEM_DEFINED_TRANSFORMATION ( 'NONE', 'NONE', #2275,  #5181 ) ;
#2876 = CARTESIAN_POINT ( 'NONE',  ( -0.02512165982172620202, -0.002731102990112319832, 0.03316793383875050322 ) ) ;
#2877 = CARTESIAN_POINT ( 'NONE',  ( 0.02598420359921880043, 0.002808832201354540068, 0.03576312274690919557 ) ) ;
#2878 = CARTESIAN_POINT ( 'NONE',  ( 0.0009810111638663770138, 0.02712099258935820115, 0.01319323363807430038 ) ) ;
#2879 = CARTESIAN_POINT ( 'NONE',  ( -0.02395188575719540275, -0.002667842388990889976, 0.005889346204993350584 ) ) ;
#2880 = DIRECTION ( 'NONE',  ( 1.000000000000000000, 0.000000000000000000, 0.000000000000000000 ) ) ;
#2881 = CARTESIAN_POINT ( 'NONE',  ( -0.002800017316446810293, 0.04149169152544259637, 0.03465236563620140153 ) ) ;
#2882 = CARTESIAN_POINT ( 'NONE',  ( -0.004624571984785639384, -0.02366450562571029842, 0.04276848761540550520 ) ) ;
#2883 = CARTESIAN_POINT ( 'NONE',  ( -0.02538203370767490655, 0.0004588397357401945197, 0.006088619896158215319 ) ) ;
#2884 = CARTESIAN_POINT ( 'NONE',  ( 0.02395242604274299900, -0.002800714170703309715, 0.01435944023125619931 ) ) ;
#2885 = CARTESIAN_POINT ( 'NONE',  ( 0.0003874452747180359593, 0.02497921468984010129, 0.006295533194104079890 ) ) ;
#2886 = CARTESIAN_POINT ( 'NONE',  ( -0.002670273113854502132, -0.02667063926390725315, 0.03154110581660779511 ) ) ;
#2887 = CARTESIAN_POINT ( 'NONE',  ( 0.003979251012898010406, -0.001661941657750859967, -0.003323883315501719934 ) ) ;
#2888 = CARTESIAN_POINT ( 'NONE',  ( 0.04967670737730139896, 0.0009426204872616650689, 0.03594950436496809759 ) ) ;
#2889 = AXIS2_PLACEMENT_3D ( 'NONE', #2286, #1217, #6163 ) ;
#2890 = CARTESIAN_POINT ( 'NONE',  ( 0.002696803733534789988, -0.02394865089570329814, 0.006125385407736529987 ) ) ;
#2891 = CARTESIAN_POINT ( 'NONE',  ( -0.02401238770402609746, -0.002053562847709220190, 0.0009298461024621000170 ) ) ;
#2892 = CARTESIAN_POINT ( 'NONE',  ( 0.000000000000000000, 6.919425888979019565E-05, 0.0003550927436564549865 ) ) ;
#2893 = CARTESIAN_POINT ( 'NONE',  ( -0.000000000000000000, 0.001304151214244979318, 0.04909348566414179632 ) ) ;
#2894 = DIRECTION ( 'NONE',  ( 0.000000000000000000, 0.000000000000000000, 1.000000000000000000 ) ) ;
#2895 = CARTESIAN_POINT ( 'NONE',  ( 0.1639999999999998959, 0.02056046467050398271, 5.035861449542988777E-18 ) ) ;
#2896 = CARTESIAN_POINT ( 'NONE',  ( 0.02409999999999999296, -0.02409999999999999296, 0.06813473812597228840 ) ) ;
#2897 = CARTESIAN_POINT ( 'NONE',  ( -0.002645915667272689779, 0.02624685824868840112, 0.04962785762740620082 ) ) ;
#2898 = CARTESIAN_POINT ( 'NONE',  ( -0.002570383532412349754, 0.04967670737730729702, 0.02995616280963680003 ) ) ;
#2899 = CARTESIAN_POINT ( 'NONE',  ( -0.0003548813571960880080, -0.02501221607584330070, 0.001278092098868890058 ) ) ;
#2900 = CARTESIAN_POINT ( 'NONE',  ( -0.02566729393604079770, -0.002538661884739249960, 0.05113086925114689735 ) ) ;
#2901 = CARTESIAN_POINT ( 'NONE',  ( -0.001272756497479170159, -0.03330667567358790160, 0.04980580446314560039 ) ) ;
#2902 = CARTESIAN_POINT ( 'NONE',  ( 0.02353802070967759771, -0.005174264771903259660, 0.03420495610390000135 ) ) ;
#2903 = CARTESIAN_POINT ( 'NONE',  ( -0.001274784560109460058, 0.02408339887974559820, 0.002063335947658079955 ) ) ;
#2904 = CARTESIAN_POINT ( 'NONE',  ( 0.002511969598962929782, -0.02609688564069300235, 0.03060434120032359817 ) ) ;
#2905 = CARTESIAN_POINT ( 'NONE',  ( -0.03330667567358529951, -0.002565039271639360172, 0.04432457331141940321 ) ) ;
#2906 = CARTESIAN_POINT ( 'NONE',  ( 0.02626264463136220029, 0.001900598912186129887, 0.02309576107521019855 ) ) ;
#2907 = CARTESIAN_POINT ( 'NONE',  ( 0.0008139032771448589726, 0.02715504690696569912, 0.01178429081408680079 ) ) ;
#2908 = EDGE_CURVE ( 'NONE', #2262, #3572, #2519, .T. ) ;
#2909 = CARTESIAN_POINT ( 'NONE',  ( -0.02376327931379169922, -0.004015264405727710269, 0.01855928164439690081 ) ) ;
#2910 = CARTESIAN_POINT ( 'NONE',  ( -3.583149667194940048E-05, 0.04967670737730060099, -0.01342094156759589957 ) ) ;
#2911 = B_SPLINE_CURVE_WITH_KNOTS ( 'NONE', 3,
 ( #4137, #3193, #722, #4650, #1149 ),
 .UNSPECIFIED., .F., .F.,
 ( 4, 1, 4 ),
 ( 1.022349335934035878E-05, 0.4285714285706384019, 1.000000000000000000 ),
 .UNSPECIFIED. ) ;
#2912 = CARTESIAN_POINT ( 'NONE',  ( -0.002802146681435949919, 0.04967670737730129488, 0.02746641082889179908 ) ) ;
#2913 = CARTESIAN_POINT ( 'NONE',  ( -0.004242872040236989918, -0.02373756052177940223, 0.03140138885636219873 ) ) ;
#2914 = CARTESIAN_POINT ( 'NONE',  ( 0.001449443473609510029, -0.04967670737730119773, 0.03496845202896579907 ) ) ;
#2915 = CARTESIAN_POINT ( 'NONE',  ( 0.02372314501180970009, -0.004320848375966379953, 0.03282369785439360338 ) ) ;
#2916 = CARTESIAN_POINT ( 'NONE',  ( 0.002560432880283479862, 0.02470729590464629949, 0.02583630253297380247 ) ) ;
#2917 = CARTESIAN_POINT ( 'NONE',  ( 0.02395400324358180205, 0.002648723920131890348, 0.005734348965513569492 ) ) ;
#2918 = CARTESIAN_POINT ( 'NONE',  ( 0.001786259326107323981, -0.02599880170533439699, 0.05473827921998030560 ) ) ;
#2919 = CARTESIAN_POINT ( 'NONE',  ( 0.1637415884084692519, 0.02056046466939306233, 0.000000000000000000 ) ) ;
#2920 = CARTESIAN_POINT ( 'NONE',  ( 0.03330667567358400194, -0.001879238337364270072, 0.04826760995606150378 ) ) ;
#2921 = CARTESIAN_POINT ( 'NONE',  ( 0.005260377762386749326, -0.02351891302855109792, 0.03802160169215239999 ) ) ;
#2922 = CARTESIAN_POINT ( 'NONE',  ( 0.02402193843888615274, 0.001938162438590935056, 0.000000000000000000 ) ) ;
#2923 = CARTESIAN_POINT ( 'NONE',  ( -0.02622276767918359924, 0.0001881407253121979953, -0.02173660031674629761 ) ) ;
#2924 = CARTESIAN_POINT ( 'NONE',  ( -0.000000000000000000, -0.001385434979360615016, 0.01102883930557177310 ) ) ;
#2925 = CARTESIAN_POINT ( 'NONE',  ( -0.02633738779635011462, 0.002972852358164702544, 0.04552169113646231668 ) ) ;
#2926 = CARTESIAN_POINT ( 'NONE',  ( 0.02409999999999999296, 0.02409999999999999296, 0.06813473812597228840 ) ) ;
#2927 = CARTESIAN_POINT ( 'NONE',  ( -0.002912194558721199842, 0.02635052305133010059, 0.04554666760842900064 ) ) ;
#2928 = CARTESIAN_POINT ( 'NONE',  ( 0.0007737221445894071955, 0.0004862275238850545783, 0.000000000000000000 ) ) ;
#2929 = CARTESIAN_POINT ( 'NONE',  ( -0.02374134565259950272, -0.004142933773752299764, 0.01998187628046490041 ) ) ;
#2930 = CARTESIAN_POINT ( 'NONE',  ( -0.02626334075243039884, 0.001913567935921720031, 0.02259521808651970137 ) ) ;
#2931 = CARTESIAN_POINT ( 'NONE',  ( -0.0009430452711882119634, -0.03330667567358799874, 0.05038749855470710248 ) ) ;
#2932 = CARTESIAN_POINT ( 'NONE',  ( 0.003507397728071339968, 0.02384356629933550090, 0.01283964930529420123 ) ) ;
#2933 = CARTESIAN_POINT ( 'NONE',  ( 0.0001081901176313640060, 0.02500386757851079736, 0.003088077799445830118 ) ) ;
#2934 = CARTESIAN_POINT ( 'NONE',  ( -0.002895163342359150221, -0.02572951478723419991, 0.04782338262261279921 ) ) ;
#2935 = CARTESIAN_POINT ( 'NONE',  ( -0.03330667567358510522, -0.002932823928908659828, 0.03920667310099339858 ) ) ;
#2936 = CARTESIAN_POINT ( 'NONE',  ( 0.02608657180347249971, 0.002544553886739010090, 0.03107341521376769805 ) ) ;
#2937 = CARTESIAN_POINT ( 'NONE',  ( 0.001142848716955340059, 0.02708643051124480158, 0.01460253532338390108 ) ) ;
#2938 = CARTESIAN_POINT ( 'NONE',  ( -0.02352533615550640028, -0.005231562663192030303, 0.03706764416707349769 ) ) ;
#2939 = CARTESIAN_POINT ( 'NONE',  ( 0.001591503149893801336, 0.02405027732678589533, -2.800800967712060130E-19 ) ) ;
#2940 = B_SPLINE_CURVE_WITH_KNOTS ( 'NONE', 3,
 ( #2037, #1975, #2005, #1424, #553, #4443, #4784, #6405, #351, #2316, #4413, #3996, #1039, #3933, #3480, #2526, #3513, #5492, #6288, #1940, #5915, #1456 ),
 .UNSPECIFIED., .F., .F.,
 ( 4, 2, 2, 2, 2, 2, 2, 2, 2, 2, 4 ),
 ( 7.102596282918199681E-17, 0.001707580356385072270, 0.003415160712770072549, 0.004268950890962574206, 0.005122741069155074996, 0.005549636158251326258, 0.005976531247347576653, 0.006189978791895704886, 0.006403426336443833120, 0.006616873880991962220, 0.006830321425540090453 ),
 .UNSPECIFIED. ) ;
#2941 = CARTESIAN_POINT ( 'NONE',  ( -0.001704021576861460083, 0.03330667567358300274, 0.04860116922307820136 ) ) ;
#2942 = CARTESIAN_POINT ( 'NONE',  ( -0.001899401147144520090, -0.02404174258731280045, 0.006552810742686840037 ) ) ;
#2943 = ORIENTED_EDGE ( 'NONE', *, *, #6113, .F. ) ;
#2944 = CARTESIAN_POINT ( 'NONE',  ( 0.0008349623323015230693, -0.04967670737729629887, -0.007411838175165389592 ) ) ;
#2945 = CARTESIAN_POINT ( 'NONE',  ( 0.02378155660834700008, -0.003967930581544919580, 0.05308896324325890204 ) ) ;
#2946 = CARTESIAN_POINT ( 'NONE',  ( 0.0005840550420363550734, 0.02496225901107430173, 0.007727926797339960095 ) ) ;
#2947 = CARTESIAN_POINT ( 'NONE',  ( 0.02405220115709949882, 0.001761836530235220011, 0.005888612703513360080 ) ) ;
#2948 = CARTESIAN_POINT ( 'NONE',  ( 0.02661469508665511782, 0.002766733127884076111, 0.03436170823482440073 ) ) ;
#2949 = VECTOR ( 'NONE', #249, 1.000000000000000000 ) ;
#2950 = CARTESIAN_POINT ( 'NONE',  ( -0.02494384536677880099, 1.151866342497830084E-05, 6.768093030462551099E-15 ) ) ;
#2951 = ORIENTED_EDGE ( 'NONE', *, *, #385, .F. ) ;
#2952 = CARTESIAN_POINT ( 'NONE',  ( 0.03330667567358420317, 0.002565039271639350197, 0.04432457331142040241 ) ) ;
#2953 = VECTOR ( 'NONE', #275, 1.000000000000000000 ) ;
#2954 = B_SPLINE_CURVE_WITH_KNOTS ( 'NONE', 3,
 ( #617, #93, #60, #3528, #1056, #2997, #5536, #5407, #2541, #3495, #2478, #4557, #2050, #2929, #566, #4526, #1987, #957, #1087, #6028, #4460, #5505, #1570, #3032, #4981, #3066, #30, #1470, #5044, #598, #3462, #5439, #502, #3976, #5961, #2507, #4912, #4493, #5013 ),
 .UNSPECIFIED., .F., .F.,
 ( 4, 1, 1, 1, 1, 1, 1, 1, 1, 1, 1, 1, 1, 1, 1, 1, 1, 1, 1, 1, 1, 1, 1, 1, 1, 1, 1, 1, 1, 1, 1, 1, 1, 1, 1, 1, 4 ),
 ( 0.000000000000000000, 0.006254275843711624115, 0.01250855168740522792, 0.02501710337479243207, 0.05003420674958486414, 0.07505131012437761540, 0.1000684134991523394, 0.1250855168739447576, 0.1501026202487371897, 0.1751197236235122467, 0.2001368269983046788, 0.2251539303730971109, 0.2501710337478892376, 0.2751881371226676531, 0.3002052404974566713, 0.3502394472470313214, 0.4002736539966053053, 0.4503078607461798999, 0.5003420674957541614, 0.5253591708705414032, 0.5503762742453285339, 0.5753933776201153316, 0.6004104809949024624, 0.6254275843696899262, 0.6504446877444771680, 0.6754617911192642987, 0.7004788944940530948, 0.7254959978688403366, 0.7505131012436275784, 0.7755302046184147091, 0.8005473079932019509, 0.8339034458262519767, 0.8672595836593002261, 0.9006157214923504739, 0.9339718593254006107, 0.9673279971584507475, 1.000000000000000000 ),
 .UNSPECIFIED. ) ;
#2955 = CARTESIAN_POINT ( 'NONE',  ( -8.487385084614299739E-05, 0.04149169152544129879, -0.005895926886935360343 ) ) ;
#2956 = EDGE_LOOP ( 'NONE', ( #5269, #4057, #6019, #620 ) ) ;
#2957 = CARTESIAN_POINT ( 'NONE',  ( -2.827751929175539974E-05, -0.02731468076792820110, 0.005725352261985739918 ) ) ;
#2958 = CARTESIAN_POINT ( 'NONE',  ( 0.001573464890822141426, -0.02406924863238508322, 5.692061405548900204E-19 ) ) ;
#2959 = CARTESIAN_POINT ( 'NONE',  ( 0.04967670737730099650, 0.0005601296105389870191, 0.03641852703635650029 ) ) ;
#2960 = B_SPLINE_SURFACE_WITH_KNOTS ( 'NONE', 3, 3, ( 
 ( #3187, #5164, #5755, #5198, #2791, #309, #3219, #1274, #2341, #2241, #373, #1723, #4261, #4711, #5817, #3252, #1338, #3712, #820, #5267, #277, #6281, #1817, #5231, #1754, #5692, #5329, #3749, #4229, #786, #1238, #3813, #5788, #2761, #4834, #4744, #1786, #1847, #2309, #1367, #4777, #2274, #3319, #6252, #3782, #2856, #5299, #6218, #4325, #1308, #885, #4193, #6184, #4806, #3285, #342, #3351, #4294, #2209, #856, #5723, #2823, #6313, #3843, #752, #2731, #4352, #3994, #6345, #5977, #1524, #1938, #3381, #5456, #5423, #4930, #13, #6403, #2492, #2371, #516, #3411 ),
 ( #429, #1877, #4477, #941, #487, #3511, #3873, #3962, #45, #5360, #5393, #2462, #5490, #2430, #2884, #2003, #1037, #4863, #3015, #3900, #3445, #401, #1453, #5848, #3931, #4441, #1972, #2915, #4411, #1393, #5913, #4378, #912, #2402, #6373, #972, #1906, #5879, #456, #1487, #1422, #2945, #4898, #4965, #5946, #3478, #1005, #2981, #3083, #6009, #4059, #5122, #5029, #3147, #4509, #614, #1071, #2164, #6046, #4125, #76, #3608, #1620, #3050, #2624, #4604, #1586, #4542, #2035, #1681, #109, #582, #3574, #4029, #171, #2133, #5553, #1195, #1103, #4573, #4636, #5091 ),
 ( #6111, #5060, #2591, #5650, #1650, #2557, #674, #139, #3670, #551, #2524, #1167, #2099, #3115, #6143, #4091, #4998, #6077, #2066, #5586, #3640, #1136, #2657, #202, #1554, #4153, #3544, #5521, #647, #5618, #6175, #1810, #1778, #1298, #2782, #2753, #5290, #5155, #3310, #6207, #267, #1745, #6304, #2232, #848, #3806, #4184, #5779, #6274, #234, #1839, #301, #4252, #3210, #3177, #4218, #1330, #3738, #5714, #3834, #2816, #4799, #366, #707, #742, #2689, #1712, #1265, #5809, #2331, #5746, #2721, #3276, #3703, #2264, #4318, #5189, #5683, #4701, #334, #1230, #4667 ),
 ( #2200, #3242, #5222, #2301, #777, #4735, #5258, #6243, #3774, #810, #4766, #4285, #6395, #4, #5841, #4956, #2422, #2847, #4371, #4827, #905, #1386, #877, #5446, #1899, #1445, #508, #394, #4919, #3469, #4344, #6366, #3436, #37, #3404, #3865, #1478, #2485, #3372, #4467, #4856, #4400, #1994, #1929, #1359, #4890, #5414, #964, #3893, #5384, #3984, #933, #5352, #3343, #6337, #997, #449, #1867, #5322, #1414, #2454, #2363, #3923, #2877, #422, #5903, #2936, #2972, #2394, #5872, #2906, #479, #4433, #1963, #3954, #5938, #4989, #4564, #6069, #6037, #1029, #2549 ),
 ( #5577, #573, #5513, #5482, #2649, #1063, #2027, #4534, #3007, #1127, #3105, #100, #2156, #2057, #5543, #5608, #1611, #3139, #131, #4051, #5083, #1578, #3566, #194, #639, #4020, #1642, #1095, #4628, #1515, #3502, #2125, #3075, #4083, #666, #5051, #5969, #605, #6000, #1546, #3599, #2582, #3630, #1159, #2091, #5113, #4596, #2616, #163, #4117, #6103, #541, #2515, #3041, #4501, #3536, #66, #5021, #226, #2712, #4243, #4659, #6134, #4792, #2222, #1322, #4691, #6233, #699, #1256, #2681, #3233, #257, #3727, #4209, #5211, #5248, #4726, #2807, #323, #1288, #6198 ) ),
 .UNSPECIFIED., .F., .F., .F.,
 ( 4, 1, 4 ),
 ( 4, 2, 1, 1, 1, 1, 1, 1, 1, 1, 1, 1, 1, 1, 1, 1, 1, 1, 1, 1, 1, 1, 1, 1, 1, 1, 1, 1, 1, 1, 1, 1, 1, 1, 1, 1, 1, 1, 1, 1, 1, 1, 1, 1, 1, 1, 1, 1, 1, 1, 1, 1, 1, 1, 1, 1, 1, 1, 1, 1, 1, 1, 1, 1, 1, 1, 1, 1, 1, 1, 1, 1, 1, 1, 1, 1, 1, 1, 4 ),
 ( 0.000000000000000000, 0.5714285714285709528, 1.000000000000000000 ),
 ( -0.0004632816516955340293, 0.000000000000000000, 0.004469548000572320240, 0.008939096001144640480, 0.01787819200228930178, 0.03575638400457849947, 0.07151276800915710996, 0.1430255360183139979, 0.2860510720366279958, 0.4290766080549430206, 0.5721021440732569907, 0.7151276800915710163, 0.8581532161098850420, 1.001178752128199845, 1.144204288146509985, 1.287229824164829894, 1.430255360183140034, 1.573280896201459944, 1.716306432219770084, 1.859331968238080002, 2.002357504256399690, 2.145383040274710051, 2.288408576293030183, 2.431434112311340101, 2.574459648329660233, 2.717485184347970151, 2.860510720366280069, 3.003536256384599756, 3.146561792402909674, 3.289587328421229806, 3.432612864439539724, 3.575638400457850086, 3.718663936476169773, 3.861689472494480135, 4.004715008512800267, 4.147740544531109741, 4.290766080549429873, 4.433791616567740235, 4.576817152586049708, 4.767517867277139665, 4.958218581968229621, 5.148919296659310696, 5.339620011350399764, 5.530320726041479951, 5.721021440732569907, 5.911722155423650094, 6.102422870114740050, 6.293123584805819348, 6.483824299496910193, 6.674525014188000149, 6.865225728879079448, 7.008251264897399579, 7.151276800915709941, 7.294302336934019415, 7.437327872952339547, 7.580353408970649909, 7.723378944988970041, 7.866404481007279514, 8.009430017025600534, 8.152455553043910896, 8.295481089062219482, 8.438506625080540502, 8.581532161098850864, 8.724557697117170108, 8.867583233135478693, 9.153634305172110075, 9.439685377208739681, 9.582710913227050042, 9.725736449245371062, 9.868761985263679648, 10.01178752128200067, 10.29783859331860008, 10.58388966535530074, 10.86994073739190014, 11.15599180942850133, 11.29901734544680103, 11.37053011345600062, 11.40628649746059864, 11.44204288146510073 ),
 .UNSPECIFIED. ) ;
#2961 = CARTESIAN_POINT ( 'NONE',  ( -0.02694913819042340369, 0.001742640060831191374, 0.02024762601561589867 ) ) ;
#2962 = CARTESIAN_POINT ( 'NONE',  ( -0.02500284064795259970, 6.845604521912009792E-05, 0.004091030149867279885 ) ) ;
#2963 = CARTESIAN_POINT ( 'NONE',  ( 0.02494384536677880099, -1.151866342497600030E-05, 6.768925697731020787E-15 ) ) ;
#2964 = CARTESIAN_POINT ( 'NONE',  ( -0.002728655842887990277, 0.04967670737729639602, 0.01158843768467090161 ) ) ;
#2965 = CARTESIAN_POINT ( 'NONE',  ( -0.04221725481721219642, -3.502674945661940411E-05, -0.006888208351604160548 ) ) ;
#2966 = CARTESIAN_POINT ( 'NONE',  ( -0.02625240717042540139, -0.001945050369668480106, 0.02356578160238669700 ) ) ;
#2967 = CARTESIAN_POINT ( 'NONE',  ( 0.001435205218255179932, -0.02512165982173160048, 0.05650321353123659990 ) ) ;
#2968 = CARTESIAN_POINT ( 'NONE',  ( 0.02371067814842189869, -0.004314946791312210261, 0.02137150184823539967 ) ) ;
#2969 = CARTESIAN_POINT ( 'NONE',  ( 0.0007234823198435480322, 0.02668275521896930000, 0.001349838455487380141 ) ) ;
#2970 = CARTESIAN_POINT ( 'NONE',  ( -3.213113830086240168E-05, -0.02509312574728789907, 0.05813809038055790107 ) ) ;
#2971 = CARTESIAN_POINT ( 'NONE',  ( -0.04967670737730049690, -3.753749295206609907E-05, -0.01340884686763799995 ) ) ;
#2972 = CARTESIAN_POINT ( 'NONE',  ( 0.02613837079182949885, 0.002379146185162250068, 0.02872821902145019854 ) ) ;
#2973 = CARTESIAN_POINT ( 'NONE',  ( -0.001455509695664010134, 0.02587386179613590173, 0.05586350355538670376 ) ) ;
#2974 = CARTESIAN_POINT ( 'NONE',  ( -0.02351660009464149811, -0.005270664147866999452, 0.03849901835945519768 ) ) ;
#2975 = B_SPLINE_CURVE_WITH_KNOTS ( 'NONE', 3,
 ( #3027, #4878, #56, #3457, #438, #1051, #4422, #5469, #5009, #1465, #2411, #1807, #2961, #984, #3523, #953, #3305, #4389, #4008, #6382, #5403, #3802, #5807, #1918, #1535, #2925, #3911, #4908, #5890, #4454, #467, #498, #5925, #1432, #3423, #5775, #562, #2443, #1949, #3942, #1327, #5435, #4943, #2474, #25, #1983, #3972, #6271, #4281, #5957, #2014, #5287, #1501, #845, #3491, #1017, #2992, #4977, #529, #2503, #4489, #5989, #5501, #627, #6124, #1116, #3129, #5632, #4072, #3061, #89, #4040 ),
 .UNSPECIFIED., .F., .F.,
 ( 4, 1, 1, 1, 1, 1, 1, 1, 1, 1, 1, 1, 1, 1, 1, 1, 1, 1, 1, 1, 1, 1, 1, 1, 1, 1, 1, 1, 1, 1, 1, 1, 1, 1, 1, 1, 1, 1, 1, 1, 1, 1, 1, 1, 1, 1, 1, 1, 1, 1, 1, 1, 1, 1, 1, 1, 1, 1, 1, 1, 1, 1, 1, 1, 1, 1, 1, 1, 1, 4 ),
 ( 0.000000000000000000, 0.0003905891894514880772, 0.0007812141894653495695, 0.001562464189493069193, 0.003124964189548520583, 0.006249964189659405582, 0.01249996418988121895, 0.02499996419032472772, 0.04999996419121191527, 0.07499996419209901954, 0.09999996419298654016, 0.1249999641938735612, 0.1499999641947605822, 0.1624999641952040719, 0.1749999641956475616, 0.1999999641965345965, 0.2249999641974215758, 0.2374999641978651210, 0.2499999641983086107, 0.2749999641991955901, 0.2999999642000834577, 0.3124999642005270029, 0.3249999642009704925, 0.3374999642014139822, 0.3499999642018575274, 0.3624999642023010171, 0.3749999642027445623, 0.3999999642036316527, 0.4166666308708898980, 0.4333332975381481988, 0.4499999642054056115, 0.4666666308726639123, 0.4833332975399221576, 0.4999999642071805139, 0.5166666308744379821, 0.5333332975416962274, 0.5499999642089544727, 0.5666666308762128290, 0.5833332975434701861, 0.5999999642107285425, 0.6124999642111720322, 0.6249999642116155218, 0.6374999642120590115, 0.6499999642125026122, 0.6624999642129469901, 0.6749999642133904798, 0.6874999642138339695, 0.6999999642142775702, 0.7124999642147211709, 0.7249999642151644386, 0.7374999642156078172, 0.7499999642160514179, 0.7749999642169385083, 0.7999999642178254877, 0.8249999642187123561, 0.8499999642195995575, 0.8624999642200439354, 0.8749999642204832062, 0.8874999642209291384, 0.8999999642213751816, 0.9124999642218214468, 0.9249999642222588303, 0.9374999642227050956, 0.9499999642231511388, 0.9624999642235883002, 0.9749999642240347875, 0.9874999642244808307, 0.9937499642246993004, 0.9968749642248087017, 0.9999999642249270959 ),
 .UNSPECIFIED. ) ;
#2976 = CARTESIAN_POINT ( 'NONE',  ( 0.005105837370344439366, 0.02355296708396640085, 0.03277675416089410182 ) ) ;
#2977 = CARTESIAN_POINT ( 'NONE',  ( 0.04852371010633722836, 0.01025504949985576834, 0.02051009899971154710 ) ) ;
#2978 = CARTESIAN_POINT ( 'NONE',  ( -0.002648999106894190086, -0.02396988489361790223, 0.01294269364656190115 ) ) ;
#2979 = VERTEX_POINT ( 'NONE', #6149 ) ;
#2980 = DIRECTION ( 'NONE',  ( 0.000000000000000000, 1.000000000000000000, 0.000000000000000000 ) ) ;
#2981 = CARTESIAN_POINT ( 'NONE',  ( 0.02407263391051920123, 0.001380000428255920026, 0.05950839483760550497 ) ) ;
#2982 = CARTESIAN_POINT ( 'NONE',  ( -0.003108074197984500055, 0.02459343872480550253, 0.03432229817119410165 ) ) ;
#2983 = CARTESIAN_POINT ( 'NONE',  ( 0.02396316746565219785, 0.002564703204480049854, 0.005055178769919559979 ) ) ;
#2984 = CARTESIAN_POINT ( 'NONE',  ( 0.02653334232992961630, -0.002944690807379487293, 0.03716844558155030231 ) ) ;
#2985 = CARTESIAN_POINT ( 'NONE',  ( -0.02416556860794984857, -0.001221505505321776510, 2.134523027080834688E-19 ) ) ;
#2986 = ORIENTED_EDGE ( 'NONE', *, *, #5350, .F. ) ;
#2987 = CARTESIAN_POINT ( 'NONE',  ( 0.04149169152544299882, 0.002800017316446830242, 0.03465236563620099908 ) ) ;
#2988 = CARTESIAN_POINT ( 'NONE',  ( -0.0001619348072018280012, 0.04967670737730009445, -0.01251463545584600122 ) ) ;
#2989 = CARTESIAN_POINT ( 'NONE',  ( 0.02729839739665199799, 3.460151092782065059E-05, 0.006185642976533210075 ) ) ;
#2990 = CARTESIAN_POINT ( 'NONE',  ( -0.01748184511945709979, -0.0005819049295489350619, 0.03486508983761119757 ) ) ;
#2991 = CARTESIAN_POINT ( 'NONE',  ( 0.04967670737729369679, -0.002994831192286750206, 0.01854478443794159784 ) ) ;
#2992 = CARTESIAN_POINT ( 'NONE',  ( -0.02687896389576340667, -0.001995859661981002134, 0.02357176894975370265 ) ) ;
#2993 = CARTESIAN_POINT ( 'NONE',  ( -4.789973078216740155E-05, -0.04967670737730060099, -0.01371835121501849969 ) ) ;
#2994 = CARTESIAN_POINT ( 'NONE',  ( -0.01748184511945580222, -2.029657493165340249E-05, -0.01527610552224419917 ) ) ;
#2995 = APPLICATION_CONTEXT ( 'automotive_design' ) ;
#2996 = CARTESIAN_POINT ( 'NONE',  ( -0.02409696387249530072, -0.0009904158329929969775, -0.0001697696686596799872 ) ) ;
#2997 = CARTESIAN_POINT ( 'NONE',  ( -0.02391376560980940091, -0.002991787226153480150, 0.008608274322883120375 ) ) ;
#2998 = CARTESIAN_POINT ( 'NONE',  ( -0.008740922559727901109, -6.155142457437630149E-05, -0.007321286627290159686 ) ) ;
#2999 = CARTESIAN_POINT ( 'NONE',  ( -0.02684511582054849993, 0.002133490501741690335, 0.02448460254905829997 ) ) ;
#3000 = PRODUCT_DEFINITION_CONTEXT ( 'detailed design', #5243, 'design' ) ;
#3001 = CARTESIAN_POINT ( 'NONE',  ( 0.002728655842888090023, -0.04967670737729639602, 0.01158843768467090161 ) ) ;
#3002 = CARTESIAN_POINT ( 'NONE',  ( 0.02394659914712020041, -0.002714850363578050034, 0.005850319659874759527 ) ) ;
#3003 = CARTESIAN_POINT ( 'NONE',  ( 0.0004988391526281080136, 0.02735458916658900161, 0.002352691836236119917 ) ) ;
#3004 = ADVANCED_BREP_SHAPE_REPRESENTATION ( '', ( #2815, #5181 ), #5296 ) ;
#3005 = CARTESIAN_POINT ( 'NONE',  ( 0.0006918752241427039620, -0.02541321613097429974, 0.05751139911275229832 ) ) ;
#3006 = CARTESIAN_POINT ( 'NONE',  ( -2.811706715479415160E-05, -0.02730790884454534911, 0.005732431055142869943 ) ) ;
#3007 = CARTESIAN_POINT ( 'NONE',  ( 0.02727394019463250108, -0.0002015618207753289994, 0.006982414683052449826 ) ) ;
#3008 = CARTESIAN_POINT ( 'NONE',  ( -0.002196807228615510043, 0.02682132158834309860, 0.02591897403998890195 ) ) ;
#3009 = CARTESIAN_POINT ( 'NONE',  ( -0.02389316058236460108, -0.003152034978421429986, 0.01002461043382710075 ) ) ;
#3010 = CARTESIAN_POINT ( 'NONE',  ( 0.005364000979328790650, 0.02349547821492379771, 0.04134574822544949402 ) ) ;
#3011 = CARTESIAN_POINT ( 'NONE',  ( 0.0003076671304868352792, 0.0002431335355522660862, 5.955054121589237440E-20 ) ) ;
#3012 = CARTESIAN_POINT ( 'NONE',  ( 0.003452486257406440183, -0.02386063416638270138, 0.05535342756869880004 ) ) ;
#3013 = ORIENTED_EDGE ( 'NONE', *, *, #1502, .T. ) ;
#3014 = CARTESIAN_POINT ( 'NONE',  ( -7.586485377120979935E-06, -0.02730709549286609861, 0.005878761584610869839 ) ) ;
#3015 = CARTESIAN_POINT ( 'NONE',  ( 0.02387957279596120141, -0.003360726413704660017, 0.02003320395016330163 ) ) ;
#3016 = CARTESIAN_POINT ( 'NONE',  ( -0.003338581390856190049, 0.02452490161498629972, 0.03996684278420749997 ) ) ;
#3017 = CARTESIAN_POINT ( 'NONE',  ( 0.02397745090982320026, 0.002427700509542199750, 0.003948382025789429900 ) ) ;
#3018 = CARTESIAN_POINT ( 'NONE',  ( 0.02656711583435510463, -0.002890354233187815772, 0.03576411290961600126 ) ) ;
#3019 = CARTESIAN_POINT ( 'NONE',  ( -0.02446803309572722490, -0.0005491989264191072086, -7.826584432629733207E-19 ) ) ;
#3020 = ORIENTED_EDGE ( 'NONE', *, *, #2635, .T. ) ;
#3021 = CARTESIAN_POINT ( 'NONE',  ( 0.04149169152544139594, 0.002983378745826560305, 0.02927686816869269973 ) ) ;
#3022 = AXIS2_PLACEMENT_3D ( 'NONE', #4090, #1070, #1619 ) ;
#3023 = CARTESIAN_POINT ( 'NONE',  ( -0.001871927727091299938, 0.03330667567358320397, 0.01598871263838439957 ) ) ;
#3024 = ORIENTED_EDGE ( 'NONE', *, *, #1800, .T. ) ;
#3025 = CARTESIAN_POINT ( 'NONE',  ( -0.008740922559728071112, 0.003074275171215690074, 0.03103982114290159897 ) ) ;
#3026 = CARTESIAN_POINT ( 'NONE',  ( 0.000000000000000000, -0.001381801179442371111, 0.01099548751523909615 ) ) ;
#3027 = CARTESIAN_POINT ( 'NONE',  ( -0.02730408992750714761, 9.260469586438950366E-05, 0.006173173446767019762 ) ) ;
#3028 = DIRECTION ( 'NONE',  ( 0.000000000000000000, 0.1392259272825760175, -0.9902606430492463252 ) ) ;
#3029 = DIRECTION ( 'NONE',  ( -1.342120312674329949E-13, 1.000000000000000000, 0.000000000000000000 ) ) ;
#3030 = ADVANCED_FACE ( 'NONE', ( #2270 ), #5092, .F. ) ;
#3031 = CARTESIAN_POINT ( 'NONE',  ( -0.02396976563256460191, -0.002502442245026620209, 0.004552089472191000324 ) ) ;
#3032 = CARTESIAN_POINT ( 'NONE',  ( -0.02351050901681680030, -0.005297744966153589488, 0.03993143094001660315 ) ) ;
#3033 = CARTESIAN_POINT ( 'NONE',  ( -0.02651332018318349956, -0.002928523071339209864, 0.03857783469028589624 ) ) ;
#3034 = CARTESIAN_POINT ( 'NONE',  ( 0.002271434179311459904, -0.02512165982173140272, 0.05341865040333750037 ) ) ;
#3035 = CARTESIAN_POINT ( 'NONE',  ( -0.005297745027996010429, 0.02351050903989389956, 0.03993143122963899866 ) ) ;
#3036 = CARTESIAN_POINT ( 'NONE',  ( 0.0001341181262352159845, 0.02731994307152390070, 0.004970019280084890176 ) ) ;
#3037 = CARTESIAN_POINT ( 'NONE',  ( 4.611134480102764750E-05, 6.054612536567709441E-05, 1.482952372597016469E-20 ) ) ;
#3038 = CARTESIAN_POINT ( 'NONE',  ( -0.0003962651531647700125, -0.02518335313347740134, 0.05797166437554690521 ) ) ;
#3039 = CARTESIAN_POINT ( 'NONE',  ( -0.04967670737730589536, 0.002404526638431319675, 0.03138504530125089953 ) ) ;
#3040 = B_SPLINE_CURVE_WITH_KNOTS ( 'NONE', 3,
 ( #2922, #1429, #1014, #2594, #4451, #3420, #5432, #5622 ),
 .UNSPECIFIED., .F., .F.,
 ( 4, 2, 2, 4 ),
 ( 0.000000000000000000, 0.0005473068192805160496, 0.001094613638561032099, 0.002189227277122059862 ),
 .UNSPECIFIED. ) ;
#3041 = CARTESIAN_POINT ( 'NONE',  ( 0.02624684697067709849, 0.002645927693031650037, 0.04962785527256680096 ) ) ;
#3042 = CARTESIAN_POINT ( 'NONE',  ( -8.204385597652550028E-05, 0.02728772159177680207, 0.006533705861131330200 ) ) ;
#3043 = CARTESIAN_POINT ( 'NONE',  ( -0.02402362002198850030, -0.002114448831715140011, 0.008722830581081459853 ) ) ;
#3044 = CARTESIAN_POINT ( 'NONE',  ( 0.003794779353993630276, 0.02379950134975260256, 0.01568141183957549867 ) ) ;
#3045 = CARTESIAN_POINT ( 'NONE',  ( 0.006914616367353527970, 0.002506122140752170720, 6.138228915888917110E-19 ) ) ;
#3046 = EDGE_CURVE ( 'NONE', #740, #4665, #5472, .T. ) ;
#3047 = CARTESIAN_POINT ( 'NONE',  ( -0.0003558192816248350004, -0.02498460239914469805, 0.006095757377948310060 ) ) ;
#3048 = ORIENTED_EDGE ( 'NONE', *, *, #5631, .T. ) ;
#3049 = CARTESIAN_POINT ( 'NONE',  ( -0.03330667567358470277, 9.538431293400049691E-05, 0.0009397476971091559906 ) ) ;
#3050 = CARTESIAN_POINT ( 'NONE',  ( 0.02370726795276479823, 0.004405481029333089930, 0.03567271988801560406 ) ) ;
#3051 = CARTESIAN_POINT ( 'NONE',  ( 0.003306199563376419851, 0.02445674155866470190, 0.04833172982532180084 ) ) ;
#3052 = CARTESIAN_POINT ( 'NONE',  ( 0.02732856252392850196, -0.0002181751764842370051, 0.004366250948636820478 ) ) ;
#3053 = CARTESIAN_POINT ( 'NONE',  ( 0.02684514925181790898, -0.002133492411679383579, 0.02448463841340240213 ) ) ;
#3054 = CARTESIAN_POINT ( 'NONE',  ( 0.1474045838693498756, 0.02001452565399520350, -0.04002905130799040007 ) ) ;
#3055 = EDGE_LOOP ( 'NONE', ( #2522, #1207, #1263, #5132 ) ) ;
#3056 = CARTESIAN_POINT ( 'NONE',  ( 0.03330667567358370357, 5.040379890041099981E-05, 0.001031979969458579963 ) ) ;
#3057 = FACE_OUTER_BOUND ( 'NONE', #883, .T. ) ;
#3058 = ORIENTED_EDGE ( 'NONE', *, *, #2830, .F. ) ;
#3059 = CARTESIAN_POINT ( 'NONE',  ( -0.01748184511945660019, 0.001428851264770449785, 0.03354564925092400063 ) ) ;
#3060 = CARTESIAN_POINT ( 'NONE',  ( -0.02494384536677880099, 1.151866342497830084E-05, 6.768093030462551099E-15 ) ) ;
#3061 = CARTESIAN_POINT ( 'NONE',  ( -0.02728766110709349504, -8.202700887869078441E-05, 0.006533636352508719915 ) ) ;
#3062 = CIRCLE ( 'NONE', #3300, 0.02409999999999999989 ) ;
#3063 = CARTESIAN_POINT ( 'NONE',  ( -0.02734131036354790073, -0.0001973232016841239994, 0.004164030710812449687 ) ) ;
#3064 = CARTESIAN_POINT ( 'NONE',  ( -0.008740922559727909782, 8.067723203783239992E-07, -0.007763862679747399707 ) ) ;
#3065 = CARTESIAN_POINT ( 'NONE',  ( -0.02400586582984050310, -0.002128447546869539995, 0.001533552523338519965 ) ) ;
#3066 = CARTESIAN_POINT ( 'NONE',  ( -0.02350771529941570251, -0.005310115536518950595, 0.04279712694426730107 ) ) ;
#3067 = CARTESIAN_POINT ( 'NONE',  ( -0.02725432245506890019, 0.0003114754312484970043, 0.007801802655143909651 ) ) ;
#3068 = CARTESIAN_POINT ( 'NONE',  ( 0.002798062127871329876, -0.03330667567358790160, 0.04183838003581440146 ) ) ;
#3069 = CARTESIAN_POINT ( 'NONE',  ( -0.005292019077665180080, 0.02351180057054549910, 0.04422883733714659538 ) ) ;
#3070 = CARTESIAN_POINT ( 'NONE',  ( 0.0008163582119361699951, 0.02738067932929084958, 7.765033561036889921E-05 ) ) ;
#3071 = ADVANCED_FACE ( 'NONE', ( #3057 ), #3680, .T. ) ;
#3072 = CARTESIAN_POINT ( 'NONE',  ( -9.206982539354959894E-05, -0.02730261219899659739, 0.006170782889808879880 ) ) ;
#3073 = CARTESIAN_POINT ( 'NONE',  ( -0.04967670737730049690, -3.753749295206609907E-05, -0.01340884686763799995 ) ) ;
#3074 = PRODUCT_DEFINITION_SHAPE ( 'NONE', 'NONE',  #6421 ) ;
#3075 = CARTESIAN_POINT ( 'NONE',  ( 0.02646667837327230238, -0.003016665691833609903, 0.03996738402616280272 ) ) ;
#3076 = CARTESIAN_POINT ( 'NONE',  ( 0.02729982336071570120, 3.331026927180309505E-05, 0.006175213226704829965 ) ) ;
#3077 = CARTESIAN_POINT ( 'NONE',  ( -0.02366808824179940027, 0.004605286389639730305, 0.04418616353744869718 ) ) ;
#3078 = CARTESIAN_POINT ( 'NONE',  ( 0.004757833222510060231, 0.02362575890986979774, 0.02706997216774599882 ) ) ;
#3079 = CARTESIAN_POINT ( 'NONE',  ( 0.0007737221445894071955, 0.0004862275238850545783, 1.190913961566350616E-19 ) ) ;
#3080 = CARTESIAN_POINT ( 'NONE',  ( -0.0004074131887928319779, -0.02497795292154239913, 0.006442743881176929942 ) ) ;
#3081 = ORIENTED_EDGE ( 'NONE', *, *, #6093, .F. ) ;
#3082 = CARTESIAN_POINT ( 'NONE',  ( -0.04149169152543590033, 0.002995456139939059979, 0.02570336298603809883 ) ) ;
#3083 = CARTESIAN_POINT ( 'NONE',  ( 0.02398916444662629877, 0.002402177813898549816, 0.05825021396916710281 ) ) ;
#3084 = CARTESIAN_POINT ( 'NONE',  ( 0.002186212660748409857, 0.02442708769056419968, 0.05621438818999219961 ) ) ;
#3085 = CARTESIAN_POINT ( 'NONE',  ( 0.02729863878364219981, 3.411972015212889881E-05, 0.006182001394073469505 ) ) ;
#3086 = CARTESIAN_POINT ( 'NONE',  ( 0.02651331659970010413, 0.002928523118160698824, 0.03857783033836409414 ) ) ;
#3087 = CARTESIAN_POINT ( 'NONE',  ( -0.02622276767918369986, -6.300000000001080127E-05, -0.02263439935737400141 ) ) ;
#3088 = ORIENTED_EDGE ( 'NONE', *, *, #1886, .F. ) ;
#3089 = CARTESIAN_POINT ( 'NONE',  ( 0.03330667567358309988, 0.002730303972218079810, 0.02597481397783010099 ) ) ;
#3090 = CARTESIAN_POINT ( 'NONE',  ( -0.005204008398159459814, -0.02353160191161330142, 0.04801529419063230164 ) ) ;
#3091 = ORIENTED_EDGE ( 'NONE', *, *, #4948, .T. ) ;
#3092 = CARTESIAN_POINT ( 'NONE',  ( -0.02622276767918379700, 0.003072037248096260234, 0.01575284030187120224 ) ) ;
#3093 = CARTESIAN_POINT ( 'NONE',  ( 0.0007737221445894071955, -0.0004862275238850545240, -0.0009724550477701090481 ) ) ;
#3094 = FACE_OUTER_BOUND ( 'NONE', #279, .T. ) ;
#3095 = CARTESIAN_POINT ( 'NONE',  ( 2.689257481612079785E-05, 0.04967670737730060099, -0.01386707384036130024 ) ) ;
#3096 = CARTESIAN_POINT ( 'NONE',  ( -0.02410027219226359985, -1.122107250633060015E-08, 0.06034062480303480080 ) ) ;
#3097 = CARTESIAN_POINT ( 'NONE',  ( -0.02402489223446999805, -0.001901199471121464875, -0.0002977276740298874774 ) ) ;
#3098 = DIRECTION ( 'NONE',  ( 0.000000000000000000, 0.000000000000000000, 1.000000000000000000 ) ) ;
#3099 = CARTESIAN_POINT ( 'NONE',  ( -0.02640183677219599956, 0.003030614920920340037, 0.04275291359552420289 ) ) ;
#3100 = CARTESIAN_POINT ( 'NONE',  ( 0.001444593689469989874, -0.04149169152544469885, 0.04214666528241410581 ) ) ;
#3101 = CARTESIAN_POINT ( 'NONE',  ( -0.005311445680105189755, 0.02350741466998149815, 0.04136437251214510058 ) ) ;
#3102 = CARTESIAN_POINT ( 'NONE',  ( 0.0005829336902753950002, 0.02667265792628569984, 0.002355789856511860195 ) ) ;
#3103 = CARTESIAN_POINT ( 'NONE',  ( -9.625444954089099319E-05, -0.02729324911567180059, 0.006208199196711280260 ) ) ;
#3104 = CARTESIAN_POINT ( 'NONE',  ( 9.260469515382479925E-05, 0.02730408991918979733, 0.006173173449181400090 ) ) ;
#3105 = CARTESIAN_POINT ( 'NONE',  ( 0.02722387694029059987, -0.0004638520679426090076, 0.008970560858006949162 ) ) ;
#3106 = CARTESIAN_POINT ( 'NONE',  ( -0.001952226758444940147, 0.02689027995246070016, 0.02310164306092890238 ) ) ;
#3107 = CARTESIAN_POINT ( 'NONE',  ( -0.02390259166441259867, 0.003151560495347230113, 0.05664533456335400091 ) ) ;
#3108 = CARTESIAN_POINT ( 'NONE',  ( 0.003507397728071339968, 0.02384356629933550090, 0.01283964930529420123 ) ) ;
#3109 = CARTESIAN_POINT ( 'NONE',  ( 0.06122476143659144610, -0.01203583586195126551, 0.02407167172390251714 ) ) ;
#3110 = CARTESIAN_POINT ( 'NONE',  ( -0.001428769632171110037, -0.02487310851603620129, 0.01453146101642180041 ) ) ;
#3111 = ORIENTED_EDGE ( 'NONE', *, *, #1474, .T. ) ;
#3112 = CARTESIAN_POINT ( 'NONE',  ( -0.03330667567358470277, 0.0002167938984013789889, 0.001812634475567960046 ) ) ;
#3113 = STYLED_ITEM ( 'NONE', ( #1498 ), #5121 ) ;
#3114 = ADVANCED_FACE ( 'NONE', ( #5659 ), #2960, .T. ) ;
#3115 = CARTESIAN_POINT ( 'NONE',  ( 0.02489251820749610253, -0.001264567654342650021, 0.01312138829748649843 ) ) ;
#3116 = CARTESIAN_POINT ( 'NONE',  ( -0.003297695560700960281, 0.02454038627931260166, 0.03855657682082209992 ) ) ;
#3117 = CARTESIAN_POINT ( 'NONE',  ( 0.02409685857323839997, 0.0009929857008871660617, -0.0001496151470979690016 ) ) ;
#3118 = CARTESIAN_POINT ( 'NONE',  ( -0.02729839739665314985, -3.460151092796910497E-05, 0.006185642976533210075 ) ) ;
#3119 = CARTESIAN_POINT ( 'NONE',  ( -0.02622276767918519866, 0.002572302263205490224, 0.02167379000918389850 ) ) ;
#3120 = ORIENTED_EDGE ( 'NONE', *, *, #2564, .F. ) ;
#3121 = CARTESIAN_POINT ( 'NONE',  ( -0.02730257154696320160, 4.968802868430450030E-05, 0.005881921061296270167 ) ) ;
#3122 = CARTESIAN_POINT ( 'NONE',  ( 0.003657328002720790228, -0.02382255811574039706, 0.05689746429548230011 ) ) ;
#3123 = ORIENTED_EDGE ( 'NONE', *, *, #4864, .T. ) ;
#3124 = B_SPLINE_CURVE_WITH_KNOTS ( 'NONE', 3,
 ( #3812, #4742, #2760, #1816, #3251, #5266, #1337, #6216 ),
 .UNSPECIFIED., .F., .F.,
 ( 4, 2, 2, 4 ),
 ( 0.000000000000000000, 0.5000000000000000000, 0.7500000000000000000, 1.000000000000000000 ),
 .UNSPECIFIED. ) ;
#3125 = CARTESIAN_POINT ( 'NONE',  ( -0.008740922559727680799, 0.0003874674573363190520, -0.004974582619218070011 ) ) ;
#3126 = CARTESIAN_POINT ( 'NONE',  ( 0.0001036876196782918463, -0.0001089463074955814438, -1.334207467533871028E-20 ) ) ;
#3127 = PRODUCT ( 'nosecone', 'nosecone', '', ( #2383 ) ) ;
#3128 = APPLICATION_CONTEXT ( 'automotive_design' ) ;
#3129 = CARTESIAN_POINT ( 'NONE',  ( -0.02722856494336559421, -0.0004082951273434832855, 0.008993838310790329763 ) ) ;
#3130 =( LENGTH_UNIT ( ) NAMED_UNIT ( * ) SI_UNIT ( $, .METRE. ) );
#3131 = CARTESIAN_POINT ( 'NONE',  ( -0.02409580766995529991, -0.001018633390019110015, 5.153017433673489777E-05 ) ) ;
#3132 = CARTESIAN_POINT ( 'NONE',  ( 0.1588327224262097992, -0.02046602387686770677, -2.506365063207934310E-18 ) ) ;
#3133 = CARTESIAN_POINT ( 'NONE',  ( -0.02630478564222769877, 0.002911318000612759822, 0.04689736607455740475 ) ) ;
#3134 = CARTESIAN_POINT ( 'NONE',  ( 0.000000000000000000, 0.002785434920502766719, 0.04175961904593519097 ) ) ;
#3135 = CARTESIAN_POINT ( 'NONE',  ( 0.004269661583557409976, 0.02372014897760250235, 0.05507920713004359897 ) ) ;
#3136 =( LENGTH_UNIT ( ) NAMED_UNIT ( * ) SI_UNIT ( $, .METRE. ) );
#3137 = CARTESIAN_POINT ( 'NONE',  ( 4.860720474026970469E-05, -0.02728830161330469961, 0.006294174026211570711 ) ) ;
#3138 = CARTESIAN_POINT ( 'NONE',  ( -0.04967670737730009445, -0.0001619348072018390058, -0.01251463545584600122 ) ) ;
#3139 = CARTESIAN_POINT ( 'NONE',  ( 0.02698337177418650215, -0.001598288157284289985, 0.01883556542192679761 ) ) ;
#3140 = CARTESIAN_POINT ( 'NONE',  ( 0.02730791774704470140, -2.811596773687620020E-05, 0.005732431120066700143 ) ) ;
#3141 = CARTESIAN_POINT ( 'NONE',  ( -0.02498459488774529974, 0.0003560281026510980036, 0.006097292679910140158 ) ) ;
#3142 = CARTESIAN_POINT ( 'NONE',  ( -9.620890453887989853E-05, -0.02512165982173130210, 0.008107995930067951260 ) ) ;
#3143 = CARTESIAN_POINT ( 'NONE',  ( 0.1262846389679519454, -0.01869886441939025423, 0.03739772883878049459 ) ) ;
#3144 = CARTESIAN_POINT ( 'NONE',  ( 0.004170765369120790246, -0.02374718648142559729, 0.05109671936716480428 ) ) ;
#3145 = ORIENTED_EDGE ( 'NONE', *, *, #68, .F. ) ;
#3146 = CARTESIAN_POINT ( 'NONE',  ( 3.113955697220730217E-05, -0.02730487919462419935, 0.006155385157793689770 ) ) ;
#3147 = CARTESIAN_POINT ( 'NONE',  ( 0.02372647439253160184, 0.004288700704276220133, 0.04985319696665300310 ) ) ;
#3148 = CARTESIAN_POINT ( 'NONE',  ( -0.001092275634158589980, 0.02519954764815759973, 0.05722018776658260170 ) ) ;
#3149 = CARTESIAN_POINT ( 'NONE',  ( 0.02731994307152160045, -0.0001341181262359269772, 0.004970019280081769408 ) ) ;
#3150 = B_SPLINE_CURVE_WITH_KNOTS ( 'NONE', 3,
 ( #349, #4300, #4811, #2829 ),
 .UNSPECIFIED., .F., .F.,
 ( 4, 4 ),
 ( 0.000000000000000000, 1.000003042448671886 ),
 .UNSPECIFIED. ) ;
#3151 = CARTESIAN_POINT ( 'NONE',  ( -9.260469400848179641E-05, -0.02730408990675759970, 0.006173173452817339729 ) ) ;
#3152 = CARTESIAN_POINT ( 'NONE',  ( -0.02622276767918479967, 0.0005889365280251709781, 0.02720297071319049964 ) ) ;
#3153 = CARTESIAN_POINT ( 'NONE',  ( 0.03475780225712379878, 3.501545166640009793E-05, -0.0003498292425328440288 ) ) ;
#3154 = CARTESIAN_POINT ( 'NONE',  ( -0.04967670737730060099, 2.689257481611170072E-05, -0.01386707384036130024 ) ) ;
#3155 = EDGE_CURVE ( 'NONE', #5919, #2529, #2299, .T. ) ;
#3156 = CARTESIAN_POINT ( 'NONE',  ( -0.004435811244572050553, -0.02368865063715249950, 0.02279508847212539935 ) ) ;
#3157 = CARTESIAN_POINT ( 'NONE',  ( 0.001810957204751540133, 0.02404856654590760076, 0.005871270010981349992 ) ) ;
#3158 = VERTEX_POINT ( 'NONE', #3662 ) ;
#3159 = CARTESIAN_POINT ( 'NONE',  ( -0.01748184511945570160, -0.0001011201913795360056, -0.01470087160661069994 ) ) ;
#3160 = CARTESIAN_POINT ( 'NONE',  ( 4.611134480102764750E-05, 6.054612536567709441E-05, 0.000000000000000000 ) ) ;
#3161 = DIRECTION ( 'NONE',  ( 0.000000000000000000, 0.000000000000000000, -1.000000000000000000 ) ) ;
#3162 = CARTESIAN_POINT ( 'NONE',  ( -0.02729901965280879736, -3.365531697384559716E-05, 0.006178365063181199754 ) ) ;
#3163 = CARTESIAN_POINT ( 'NONE',  ( 4.611134480102764750E-05, -6.054612536567709441E-05, -7.414761862985082345E-21 ) ) ;
#3164 = CARTESIAN_POINT ( 'NONE',  ( -0.02682148440488090271, -0.002199903528413899891, 0.02591942052227829904 ) ) ;
#3165 = CARTESIAN_POINT ( 'NONE',  ( 5.040379890041259901E-05, -0.03330667567358770037, 0.001031979969455009902 ) ) ;
#3166 = SURFACE_SIDE_STYLE ('',( #3627 ) ) ;
#3167 = AXIS2_PLACEMENT_3D ( 'NONE', #1695, #3685, #2046 ) ;
#3168 = FACE_OUTER_BOUND ( 'NONE', #4779, .T. ) ;
#3169 = CARTESIAN_POINT ( 'NONE',  ( 8.991404271427899295E-05, 0.04967670737730060099, -0.01342090596433279971 ) ) ;
#3170 = CARTESIAN_POINT ( 'NONE',  ( 0.002502442245026640158, -0.02396976563256460191, 0.004552089472191159919 ) ) ;
#3171 = CARTESIAN_POINT ( 'NONE',  ( -0.02497715177510739792, 0.0004156614664931329714, 0.006500874170665690149 ) ) ;
#3172 = CARTESIAN_POINT ( 'NONE',  ( -0.0004128385556363519857, -0.04967670737730289776, -0.01106966895594829921 ) ) ;
#3173 = CARTESIAN_POINT ( 'NONE',  ( 0.1378007682912846255, -0.01947862412482722488, 0.03895724824965443589 ) ) ;
#3174 = CARTESIAN_POINT ( 'NONE',  ( 0.003340335663733999885, -0.02452468265287190141, 0.03996701072283719708 ) ) ;
#3175 = ORIENTED_EDGE ( 'NONE', *, *, #4651, .T. ) ;
#3176 = CARTESIAN_POINT ( 'NONE',  ( -0.02512165982172710060, 0.001277631744305060069, 0.05696629148720899760 ) ) ;
#3177 = CARTESIAN_POINT ( 'NONE',  ( 0.02446671686546239913, 0.003246535492294859871, 0.04834802388823319919 ) ) ;
#3178 = CARTESIAN_POINT ( 'NONE',  ( -0.002930408048455490286, 0.02578569285722169882, 0.04555205428067799628 ) ) ;
#3179 = B_SPLINE_CURVE_WITH_KNOTS ( 'NONE', 3,
 ( #1879, #2373, #2795, #3875, #1820, #2312, #4297, #6284, #3577, #4934, #1040, #1490, #2595, #48, #4545, #490, #4032, #2038, #3481, #3053, #5032, #586, #113, #5558, #4095, #2560, #2495, #3018, #2984, #2006, #5493, #5460, #3997, #5524, #5949, #975, #6082, #3514, #4578, #5981, #1075, #2103, #1527, #4481, #5063, #1008, #2527, #2069, #4063, #6012, #1624, #1589, #6049, #5001, #1557, #1107, #3548, #4968, #5426, #3086, #554, #618, #2948, #143, #4512, #2465, #4444, #16, #1976, #3965, #519, #80, #3304, #3269, #5804, #5677, #4796, #3769, #4730, #391 ),
 .UNSPECIFIED., .F., .F.,
 ( 4, 1, 1, 1, 1, 1, 1, 1, 1, 1, 1, 1, 1, 1, 1, 1, 1, 1, 1, 1, 1, 1, 1, 1, 1, 1, 1, 1, 1, 1, 1, 1, 1, 1, 1, 1, 1, 1, 1, 1, 1, 1, 1, 1, 1, 1, 1, 1, 1, 1, 1, 1, 1, 1, 1, 1, 1, 1, 1, 1, 1, 1, 1, 1, 1, 1, 1, 1, 1, 1, 1, 1, 1, 1, 1, 1, 1, 4 ),
 ( 0.000000000000000000, 0.0003905891194404599608, 0.0007812141194816831381, 0.001562464119564130902, 0.003124964119729016238, 0.006249964120058805125, 0.01249996412071835254, 0.02499996412203747340, 0.03749996412335667578, 0.04999996412467578449, 0.06249996412599491402, 0.07499996412731403661, 0.08749996412863321471, 0.09999996412995199035, 0.1124999641312716264, 0.1249999641325904159, 0.1374999641339100520, 0.1499999641352288415, 0.1624999641365475755, 0.1749999641378671977, 0.1874999641391860150, 0.1999999641405056372, 0.2124999641418244267, 0.2249999641431440489, 0.2374999641444628384, 0.2499999641457815724, 0.2624999641471011946, 0.2749999641484199842, 0.2874999641497396063, 0.2999999641510583959, 0.3124999641523771854, 0.3249999641536968076, 0.3374999641550155971, 0.3499999641563352193, 0.3624999641576540088, 0.3749999641589736310, 0.3874999641602924760, 0.3999999641616112100, 0.4166666308300370769, 0.4333332974984629993, 0.4499999641668880890, 0.4666666308353139003, 0.4833332975037389345, 0.4999999641721648569, 0.5166666308405898356, 0.5333332975090158135, 0.5499999641774406811, 0.5666666308458666590, 0.5833332975142926369, 0.5999999641827175045, 0.6124999641840371822, 0.6249999641853560828, 0.6374999641866747613, 0.6499999641879943280, 0.6624999641893132285, 0.6749999641906329062, 0.6874999641919515847, 0.6999999641932712624, 0.7124999641945901629, 0.7249999641959087304, 0.7374999641972284081, 0.7499999641985473087, 0.7624999641998667643, 0.7749999642011855538, 0.7999999642038239100, 0.8249999642064623773, 0.8374999642077812778, 0.8499999642091009555, 0.8624999642104195230, 0.8749999642117393117, 0.8999999642143751144, 0.9249999642170195768, 0.9499999642196553795, 0.9749999642222912932, 0.9874999642236090835, 0.9937499642242723086, 0.9968749642246038656, 0.9999999642249270959 ),
 .UNSPECIFIED. ) ;
#3180 = CARTESIAN_POINT ( 'NONE',  ( 0.02669349449691599957, -0.0008950756309253859967, 0.0001221662507858010027 ) ) ;
#3181 = CARTESIAN_POINT ( 'NONE',  ( 3.501545166640230021E-05, -0.03475780225712390287, -0.0003498292425328680439 ) ) ;
#3182 = UNCERTAINTY_MEASURE_WITH_UNIT (LENGTH_MEASURE( 1.000000000000000082E-05 ), #3136, 'distance_accuracy_value', 'NONE');
#3183 = CARTESIAN_POINT ( 'NONE',  ( 9.260469515382479925E-05, 0.02730408991918979733, 0.006173173449181400090 ) ) ;
#3184 = CARTESIAN_POINT ( 'NONE',  ( 0.001924464599853220126, 0.03330667567358230191, 0.01592532423749149981 ) ) ;
#3185 = VERTEX_POINT ( 'NONE', #4758 ) ;
#3186 = CARTESIAN_POINT ( 'NONE',  ( -0.005319489274218399885, -0.02350564157206510088, 0.04563181465094529737 ) ) ;
#3187 = CARTESIAN_POINT ( 'NONE',  ( 0.02394811090137519832, -0.002701478161198450200, 0.005742451886731789537 ) ) ;
#3188 = CARTESIAN_POINT ( 'NONE',  ( 0.003489143833007799997, 0.02386097713025230049, 0.02145290335021160164 ) ) ;
#3189 = ORIENTED_EDGE ( 'NONE', *, *, #3155, .F. ) ;
#3190 = CARTESIAN_POINT ( 'NONE',  ( -0.008740922559727901109, -0.0001910915733567390164, -0.006390034539397039352 ) ) ;
#3191 = CARTESIAN_POINT ( 'NONE',  ( 3.348511806106455999E-06, -8.298471112651618705E-06, -1.659694222530323741E-05 ) ) ;
#3192 = CARTESIAN_POINT ( 'NONE',  ( 0.02502282394923710171, 0.0005059463322182740060, 5.553613203549179786E-05 ) ) ;
#3193 = CARTESIAN_POINT ( 'NONE',  ( 4.814936518223265482E-05, 0.02662509485685883234, 0.006186775697880353593 ) ) ;
#3194 = CARTESIAN_POINT ( 'NONE',  ( -0.02662563422586820133, 4.922279727517929769E-05, 0.006179519597160529863 ) ) ;
#3195 = CARTESIAN_POINT ( 'NONE',  ( -0.02729834969703550177, 2.828390166640900029E-05, 0.005739622587699700317 ) ) ;
#3196 = CARTESIAN_POINT ( 'NONE',  ( -0.002701478161806999869, -0.02394811090130660042, 0.005742451886652539562 ) ) ;
#3197 = CARTESIAN_POINT ( 'NONE',  ( -0.000000000000000000, 0.002867176682691879083, 0.04040629480040865140 ) ) ;
#3198 = CARTESIAN_POINT ( 'NONE',  ( 0.002573813151864820081, 0.02670539812495109980, 0.03013059948612580030 ) ) ;
#3199 = CARTESIAN_POINT ( 'NONE',  ( 0.000000000000000000, -5.505714157152952204E-21, -6.742555219577630196E-37 ) ) ;
#3200 = CARTESIAN_POINT ( 'NONE',  ( 0.002760735975640609807, 0.04967670737730259939, 0.01133832123019509926 ) ) ;
#3201 = CARTESIAN_POINT ( 'NONE',  ( -0.01748184511945580222, 6.375874611362439693E-05, -0.01497926788426599994 ) ) ;
#3202 = CARTESIAN_POINT ( 'NONE',  ( -0.02446097472762659777, -0.003018080465637239945, 0.05123125922043279823 ) ) ;
#3203 = CARTESIAN_POINT ( 'NONE',  ( -2.588316336034744515E-05, -0.02620918961185135163, 0.005238289643671097465 ) ) ;
#3204 = CARTESIAN_POINT ( 'NONE',  ( 0.02353983646163099880, -0.005166166530529730204, 0.04849085625934070054 ) ) ;
#3205 = CARTESIAN_POINT ( 'NONE',  ( 0.1543273542709824309, -0.02031583516610298984, -2.487972250817326381E-18 ) ) ;
#3206 = CARTESIAN_POINT ( 'NONE',  ( 4.611134480102764750E-05, -6.054612536567709441E-05, -7.414761862985082345E-21 ) ) ;
#3207 = CARTESIAN_POINT ( 'NONE',  ( 0.003295990557244199946, -0.02446965536037440034, 0.04742962859194550101 ) ) ;
#3208 = ORIENTED_EDGE ( 'NONE', *, *, #1523, .F. ) ;
#3209 = CARTESIAN_POINT ( 'NONE',  ( -0.04967670737730519454, 0.002575290905111700043, 0.03023284672936920117 ) ) ;
#3210 = CARTESIAN_POINT ( 'NONE',  ( 0.02446320940533550092, 0.003154753303040669973, 0.04971952222643349906 ) ) ;
#3211 = CARTESIAN_POINT ( 'NONE',  ( 0.0009125921039471209233, 0.02646926072407420130, 0.01319000023161129992 ) ) ;
#3212 = CARTESIAN_POINT ( 'NONE',  ( -0.002701478161198439792, -0.02394811090137519832, 0.005742451886731779996 ) ) ;
#3213 = CARTESIAN_POINT ( 'NONE',  ( 3.439714485967410430E-05, -0.02345393969811690113, 0.009553984477418229690 ) ) ;
#3214 = CARTESIAN_POINT ( 'NONE',  ( 0.002760980262092700092, 0.04149169152544419925, 0.01849848874691779888 ) ) ;
#3215 = VERTEX_POINT ( 'NONE', #2290 ) ;
#3216 = CARTESIAN_POINT ( 'NONE',  ( -0.003146633886433020111, -0.02389678130831819972, 0.05816189204364430321 ) ) ;
#3217 = AXIS2_PLACEMENT_3D ( 'NONE', #908, #1362, #2457 ) ;
#3218 = CARTESIAN_POINT ( 'NONE',  ( 0.002630055287071819941, -0.02395606139948100108, 0.005583422209162270181 ) ) ;
#3219 = CARTESIAN_POINT ( 'NONE',  ( 0.02394516186962549961, -0.002727511030088179949, 0.005953624323111389449 ) ) ;
#3220 = CARTESIAN_POINT ( 'NONE',  ( 0.002947616454819659924, 0.02393460389114699868, 0.01577704474652109889 ) ) ;
#3221 = ORIENTED_EDGE ( 'NONE', *, *, #2351, .F. ) ;
#3222 = CARTESIAN_POINT ( 'NONE',  ( -9.260469400848179641E-05, -0.02730408990675759970, 0.006173173452817339729 ) ) ;
#3223 = CARTESIAN_POINT ( 'NONE',  ( 0.0003076671304868352792, -0.0002431335355522660320, -0.0004862670711045321181 ) ) ;
#3224 = CARTESIAN_POINT ( 'NONE',  ( 0.03330667567358330111, -0.001924464599853130137, 0.01592532423749069836 ) ) ;
#3225 = SURFACE_STYLE_USAGE ( .BOTH. , #1280 ) ;
#3226 = CARTESIAN_POINT ( 'NONE',  ( -0.02730590147202769866, -9.778185334643450471E-06, 0.006002974516528340396 ) ) ;
#3227 = CARTESIAN_POINT ( 'NONE',  ( 0.1512480240308354262, -0.02019165774830738308, -2.472764903094349043E-18 ) ) ;
#3228 = CARTESIAN_POINT ( 'NONE',  ( 0.0008686125815274619785, -0.02670724897241140081, 0.0001482569609459749853 ) ) ;
#3229 = B_SPLINE_CURVE_WITH_KNOTS ( 'NONE', 3,
 ( #2806, #4208, #1703, #5281, #698, #6265, #5703, #2680, #3298, #256, #5769, #1321, #1735, #2189, #5247, #2742, #290, #6231, #6197, #1801, #1186, #1255, #3694, #3198, #5672, #1218, #5177, #730, #838, #2711, #2254, #193, #4690, #5736, #2221, #3725, #4242, #1768, #1287, #3263, #799, #2773, #322, #4757, #5405, #4791, #2353, #357, #5799, #1378, #3459, #955, #923, #4336, #2897, #3333, #1890, #2927, #386, #869, #6327, #5313, #1467, #4846, #5892, #5437, #3883, #2836, #2322, #3394, #1404, #3945, #3363, #3826, #4817, #4424, #1859, #5832, #5861, #3855, #1351, #1951, #5342, #3913, #4309, #5374, #4880, #897, #2413 ),
 .UNSPECIFIED., .F., .F.,
 ( 4, 1, 1, 1, 1, 1, 1, 1, 1, 1, 1, 1, 1, 1, 1, 1, 1, 1, 1, 1, 1, 1, 1, 1, 1, 1, 1, 1, 1, 1, 1, 1, 1, 1, 1, 1, 1, 1, 1, 1, 1, 1, 1, 1, 1, 1, 1, 1, 1, 1, 1, 1, 1, 1, 1, 1, 1, 1, 1, 1, 1, 1, 1, 1, 1, 1, 1, 1, 1, 1, 1, 1, 1, 1, 1, 1, 1, 1, 1, 1, 1, 1, 1, 1, 1, 1, 4 ),
 ( 0.000000000000000000, 0.0003905890263051707122, 0.0007812140263827893095, 0.001562464026538026504, 0.003124964026848501327, 0.006249964027469450539, 0.01249996402871130993, 0.02499996403119515709, 0.03749996403367891751, 0.04999996403616276119, 0.06249996403864652161, 0.07499996404113036530, 0.08749996404361369551, 0.09999996404609780287, 0.1124999640485819102, 0.1249999640510651433, 0.1374999640535492507, 0.1499999640560333580, 0.1624999640585165772, 0.1749999640610006846, 0.1874999640634847919, 0.1999999640659680666, 0.2124999640684521740, 0.2249999640709362814, 0.2374999640734195006, 0.2499999640759036357, 0.2624999640783868271, 0.2749999640808709067, 0.2874999640833550418, 0.2999999640858382888, 0.3124999640883224239, 0.3249999640908065035, 0.3374999640932897504, 0.3499999640957739411, 0.3624999640982579652, 0.3749999641007412676, 0.3874999641032253472, 0.3999999641057094268, 0.4166666307756876630, 0.4333332974456658437, 0.4499999641156441355, 0.4666666307856223717, 0.4749999641206115175, 0.4833332974556006079, 0.4916666307905905309, 0.4999999641255797322, 0.5083332974605687671, 0.5166666307955579684, 0.5333332974655361491, 0.5499999641355143298, 0.5666666308054926215, 0.5833332974754718014, 0.5999999641454498711, 0.6124999641479331736, 0.6249999641504172532, 0.6374999641529013328, 0.6499999641553845242, 0.6624999641578688259, 0.6749999641603527945, 0.6874999641628360969, 0.6999999641653201765, 0.7124999641678042561, 0.7249999641702874476, 0.7374999641727716382, 0.7499999641752556068, 0.7624999641777389092, 0.7749999641802230999, 0.7874999641827071795, 0.7999999641851904819, 0.8124999641876743395, 0.8249999641901576419, 0.8374999641926417215, 0.8499999641951259122, 0.8624999641976092146, 0.8749999642000976241, 0.8874999642025772628, 0.8999999642050571236, 0.9124999642075456441, 0.9249999642100253938, 0.9374999642125138033, 0.9499999642149934420, 0.9624999642174819625, 0.9749999642199618233, 0.9874999642224502328, 0.9937499642236902186, 0.9968749642243098785, 0.9999999642249299825 ),
 .UNSPECIFIED. ) ;
#3230 = CARTESIAN_POINT ( 'NONE',  ( -0.000000000000000000, 0.002081124070740968373, 0.04667778904177462274 ) ) ;
#3231 = LINE ( 'NONE', #6230, #2855 ) ;
#3232 = DIRECTION ( 'NONE',  ( 0.000000000000000000, 0.000000000000000000, 1.000000000000000000 ) ) ;
#3233 = CARTESIAN_POINT ( 'NONE',  ( 0.02692469957096989969, 0.001821417418224170011, 0.02169180175452399897 ) ) ;
#3234 = DIRECTION ( 'NONE',  ( 1.126842031352159749E-14, -0.1398622170786279761, 0.9901709752531887565 ) ) ;
#3235 = CARTESIAN_POINT ( 'NONE',  ( -0.02449839717992199906, -0.003379137969134250220, 0.04278129286682360449 ) ) ;
#3236 = DIRECTION ( 'NONE',  ( 0.1398622170786279761, 1.125985622269829853E-14, 0.9901709752531887565 ) ) ;
#3237 = CARTESIAN_POINT ( 'NONE',  ( -0.02358614018073009952, 0.004952897184144389349, 0.05102639965593220445 ) ) ;
#3238 = CARTESIAN_POINT ( 'NONE',  ( 0.1262846389679519454, 0.01869886441939025076, 4.579900891779320231E-18 ) ) ;
#3239 = CARTESIAN_POINT ( 'NONE',  ( 0.003356899395123060133, -0.02447839151148739970, 0.04557972275998820044 ) ) ;
#3240 = VERTEX_POINT ( 'NONE', #4175 ) ;
#3241 = CARTESIAN_POINT ( 'NONE',  ( -0.03330667567358590320, 0.002818156347424910068, 0.04242868205622170319 ) ) ;
#3242 = CARTESIAN_POINT ( 'NONE',  ( 0.02662894824104129754, -6.864546274002239581E-06, 0.006172097958461389769 ) ) ;
#3243 = CARTESIAN_POINT ( 'NONE',  ( 0.002059120504490960079, 0.02553352029902149906, 0.05439363184446820154 ) ) ;
#3244 = CARTESIAN_POINT ( 'NONE',  ( 7.584731638063110078E-06, 0.02730710502118340044, 0.005878765672258280499 ) ) ;
#3245 = CARTESIAN_POINT ( 'NONE',  ( 3.460742916362570076E-05, -0.02729834969703550177, 0.006185726919998670026 ) ) ;
#3246 = ADVANCED_FACE ( 'NONE', ( #5282 ), #4276, .F. ) ;
#3247 = CARTESIAN_POINT ( 'NONE',  ( 6.019125801109350169E-05, 0.02662909871178329932, 0.006103299590287809481 ) ) ;
#3248 = CARTESIAN_POINT ( 'NONE',  ( 0.0008898952985929560553, 0.03330667567358250314, 0.006914788174847539930 ) ) ;
#3249 = DIRECTION ( 'NONE',  ( 1.000000000000000000, 0.000000000000000000, 0.000000000000000000 ) ) ;
#3250 = CARTESIAN_POINT ( 'NONE',  ( 0.002653291091475609969, -0.02395349758143670155, 0.005771300684615570005 ) ) ;
#3251 = CARTESIAN_POINT ( 'NONE',  ( 0.02574185490629465542, -0.0002803618575694305287, 0.006120301715246035008 ) ) ;
#3252 = CARTESIAN_POINT ( 'NONE',  ( 0.02379950134224970149, -0.003794779403731600095, 0.01568141183449249867 ) ) ;
#3253 = CARTESIAN_POINT ( 'NONE',  ( 0.004616426535238049925, 0.02366610818660409843, 0.04276831812093630225 ) ) ;
#3254 = ORIENTED_EDGE ( 'NONE', *, *, #1412, .F. ) ;
#3255 = CARTESIAN_POINT ( 'NONE',  ( -0.0006415940102997396820, -0.02718934889784824227, 0.01037669582803230073 ) ) ;
#3256 = CARTESIAN_POINT ( 'NONE',  ( 0.003979251012898010406, -0.001661941657750860401, -2.035291531534237128E-19 ) ) ;
#3257 = CARTESIAN_POINT ( 'NONE',  ( 0.04149169152543979999, -0.0008893904224653170635, -0.0002513642722229570271 ) ) ;
#3258 = CARTESIAN_POINT ( 'NONE',  ( -0.02738000709510170216, 0.0008079131411233010348, 0.0001381408674906030082 ) ) ;
#3259 = CARTESIAN_POINT ( 'NONE',  ( 0.02395469091472689910, 0.002642501196860280038, 0.005684040048391889900 ) ) ;
#3260 = CARTESIAN_POINT ( 'NONE',  ( -0.02662603504048319941, -0.002745051553926750043, 0.03389293452542119917 ) ) ;
#3261 = CARTESIAN_POINT ( 'NONE',  ( -0.000000000000000000, 0.002671328259399211036, 0.02567590432273743686 ) ) ;
#3262 = CARTESIAN_POINT ( 'NONE',  ( 0.002199893502938499949, -0.02682154707727260265, 0.02591948815644309900 ) ) ;
#3263 = CARTESIAN_POINT ( 'NONE',  ( 0.002302009369897960178, 0.02612672389535640113, 0.05268873309178390141 ) ) ;
#3264 = CARTESIAN_POINT ( 'NONE',  ( -0.02502349530285211121, 1.302000384032966291E-05, 0.0005639953897471909790 ) ) ;
#3265 = CARTESIAN_POINT ( 'NONE',  ( -0.0009007157502371960014, -0.02669385601143459824, 8.185981674416010015E-05 ) ) ;
#3266 = CARTESIAN_POINT ( 'NONE',  ( -0.02483347739039390087, 0.001744227045537689825, 0.01735445387157850267 ) ) ;
#3267 = AXIS2_PLACEMENT_3D ( 'NONE', #3686, #2146, #2673 ) ;
#3268 = LINE ( 'NONE', #4279, #5080 ) ;
#3269 = CARTESIAN_POINT ( 'NONE',  ( 0.02716383115032959539, 0.0007612476920321799853, 0.01180709036196729914 ) ) ;
#3270 = CARTESIAN_POINT ( 'NONE',  ( 0.1378007682912846255, -0.01947862412482722141, -2.385443468626407055E-18 ) ) ;
#3271 = VECTOR ( 'NONE', #1148, 1.000000000000000000 ) ;
#3272 = SHAPE_REPRESENTATION ( '2026-02-02-18-30-58-741.step', ( #5181 ), #1140 ) ;
#3273 = CARTESIAN_POINT ( 'NONE',  ( -7.083077041864339565E-06, -0.02662893808091680234, 0.006173635382825479884 ) ) ;
#3274 = VERTEX_POINT ( 'NONE', #1187 ) ;
#3275 = CARTESIAN_POINT ( 'NONE',  ( -0.02512165982172690284, -0.0005401527661486830306, 0.05793822995962469996 ) ) ;
#3276 = CARTESIAN_POINT ( 'NONE',  ( 0.02480577903003739967, 0.001934678014216359866, 0.01974368271545299744 ) ) ;
#3277 = CARTESIAN_POINT ( 'NONE',  ( 0.002600395645937790372, 0.02565605291093460069, 0.05112261067377409790 ) ) ;
#3278 = CARTESIAN_POINT ( 'NONE',  ( 2.828103315715980022E-05, 0.02730659869168869727, 0.005732420955813510161 ) ) ;
#3279 = CARTESIAN_POINT ( 'NONE',  ( -6.793143845419189761E-06, -0.04221725481721219642, -0.007185384979938839664 ) ) ;
#3280 = CARTESIAN_POINT ( 'NONE',  ( -0.001671246245587639997, 0.02405870038501210090, 0.005181970161228780479 ) ) ;
#3281 = CARTESIAN_POINT ( 'NONE',  ( 0.0004128385556363629904, 0.04967670737730289776, -0.01106966895594829921 ) ) ;
#3282 = CARTESIAN_POINT ( 'NONE',  ( -0.002902310726683670229, -0.02392472022403700077, 0.007400195928359009495 ) ) ;
#3283 = EDGE_LOOP ( 'NONE', ( #5757, #3648, #5003, #3145 ) ) ;
#3284 = CARTESIAN_POINT ( 'NONE',  ( 0.02356413985755260315, 0.005054021696234890608, 0.03278244023018379860 ) ) ;
#3285 = CARTESIAN_POINT ( 'NONE',  ( 0.02355178803288410228, 0.005111405959406389692, 0.04850830650622910134 ) ) ;
#3286 = CARTESIAN_POINT ( 'NONE',  ( -0.003746033157882030108, 0.02380722280077389799, 0.01571251764176979926 ) ) ;
#3287 = EDGE_LOOP ( 'NONE', ( #5297, #5256, #1710, #2728 ) ) ;
#3288 = CARTESIAN_POINT ( 'NONE',  ( -0.02622276767918129900, -0.003060762250457750317, 0.01575470110423880105 ) ) ;
#3289 = CARTESIAN_POINT ( 'NONE',  ( 0.09945114647226292737, 0.01639538578179808651, -0.03279077156359616607 ) ) ;
#3290 = CARTESIAN_POINT ( 'NONE',  ( 0.03330667567358309988, -0.002996090467752079989, 0.03286194105162219825 ) ) ;
#3291 = CARTESIAN_POINT ( 'NONE',  ( 2.714385538309950000E-05, 0.04967670737730079528, 0.009395364255390750013 ) ) ;
#3292 = CARTESIAN_POINT ( 'NONE',  ( 0.02402469385819819975, 0.001903702975743260016, -0.0002775641919952690222 ) ) ;
#3293 = CARTESIAN_POINT ( 'NONE',  ( -0.0005491985504820851363, 0.02446803351555096318, -1.626303258728257373E-19 ) ) ;
#3294 = CARTESIAN_POINT ( 'NONE',  ( 0.001919331223626955093, 0.02402345093363239883, -0.0003285862118397444914 ) ) ;
#3295 = CARTESIAN_POINT ( 'NONE',  ( -0.000000000000000000, -0.002840963092533739087, 0.04074273592421660817 ) ) ;
#3296 = SHAPE_DEFINITION_REPRESENTATION ( #4466, #5431 ) ;
#3297 = DIRECTION ( 'NONE',  ( 1.000000000000000000, 1.342732636073899964E-13, 0.000000000000000000 ) ) ;
#3298 = CARTESIAN_POINT ( 'NONE',  ( 0.0004638282526932139605, 0.02722379612351449873, 0.008970469143760049016 ) ) ;
#3299 = CARTESIAN_POINT ( 'NONE',  ( -0.02596746119180951343, 2.429715875968550722E-05, 0.004723124887851508878 ) ) ;
#3300 = AXIS2_PLACEMENT_3D ( 'NONE', #4842, #464, #3328 ) ;
#3301 = CARTESIAN_POINT ( 'NONE',  ( -0.0002725986558764080156, -0.02500966184512110058, 0.001881335208738020180 ) ) ;
#3302 = CARTESIAN_POINT ( 'NONE',  ( -0.02497947837153879913, -0.0003248225874234659909, 0.006221964682302330053 ) ) ;
#3303 = CARTESIAN_POINT ( 'NONE',  ( -0.002179466390596119813, -0.04149169152544939648, 0.03983547891524359674 ) ) ;
#3304 = CARTESIAN_POINT ( 'NONE',  ( 0.02709500883261959508, 0.001090363444204809663, 0.01463065107276789560 ) ) ;
#3305 = CARTESIAN_POINT ( 'NONE',  ( -0.02674036753529970833, 0.002477424722979253494, 0.02872021152459619878 ) ) ;
#3306 = CARTESIAN_POINT ( 'NONE',  ( 3.348511806106455999E-06, 8.298471112651620399E-06, 2.032539217185116317E-21 ) ) ;
#3307 = CARTESIAN_POINT ( 'NONE',  ( -0.003091732308562089755, -0.02445183800660280168, 0.05107128714307690442 ) ) ;
#3308 = CARTESIAN_POINT ( 'NONE',  ( -0.03330667567358500114, -0.001704021576861460083, 0.04860116922307640419 ) ) ;
#3309 = EDGE_CURVE ( 'NONE', #3871, #5495, #5158, .T. ) ;
#3310 = CARTESIAN_POINT ( 'NONE',  ( 0.02445674079412010066, -0.003306195057225869930, 0.04833172350508219833 ) ) ;
#3311 = CARTESIAN_POINT ( 'NONE',  ( 0.003016665854323529860, 0.02646667836259620002, 0.03996738405657280363 ) ) ;
#3312 = DIRECTION ( 'NONE',  ( 0.000000000000000000, 0.000000000000000000, 1.000000000000000000 ) ) ;
#3313 = CARTESIAN_POINT ( 'NONE',  ( -0.02054999999999999882, -0.02054999999999999882, 0.07343700320369954404 ) ) ;
#3314 =( BOUNDED_CURVE ( )  B_SPLINE_CURVE ( 2, ( #6022, #1660, #4649 ),
 .UNSPECIFIED., .F., .F. ) 
 B_SPLINE_CURVE_WITH_KNOTS ( ( 3, 3 ),
 ( -0.5899789668299220136, 0.000000000000000000 ),
 .UNSPECIFIED. ) 
 CURVE ( )  GEOMETRIC_REPRESENTATION_ITEM ( )  RATIONAL_B_SPLINE_CURVE ( ( 1.000000000000000000, 0.9568051998584570228, 1.000000000000000000 ) ) 
 REPRESENTATION_ITEM ( '' )  );
#3315 = CARTESIAN_POINT ( 'NONE',  ( 0.001272756497479170159, 0.03330667567358289866, 0.04980580446314999965 ) ) ;
#3316 = CARTESIAN_POINT ( 'NONE',  ( 0.004869322201097750144, -0.02360325224003470210, 0.05119188798863129330 ) ) ;
#3317 = CARTESIAN_POINT ( 'NONE',  ( 0.02354938770706299991, 0.005122281313958610208, 0.03420923613556840076 ) ) ;
#3318 = EDGE_CURVE ( 'NONE', #3185, #6401, #217, .T. ) ;
#3319 = CARTESIAN_POINT ( 'NONE',  ( 0.02372003706178299823, -0.004269969784945119515, 0.05507890354197409605 ) ) ;
#3320 = CARTESIAN_POINT ( 'NONE',  ( -0.004392599704597870136, 0.02370775879541980186, 0.04844984802787379724 ) ) ;
#3321 = EDGE_LOOP ( 'NONE', ( #2532, #3582, #3111, #5391 ) ) ;
#3322 = CARTESIAN_POINT ( 'NONE',  ( -0.002862833406962497947, -0.02628325760662107366, 0.04781287875244030067 ) ) ;
#3323 = CARTESIAN_POINT ( 'NONE',  ( 0.04852371010633722836, 0.01025504949985577355, 0.000000000000000000 ) ) ;
#3324 = CARTESIAN_POINT ( 'NONE',  ( 0.04149169152545839623, -0.002816417327995869926, 0.03527137135320519701 ) ) ;
#3325 = DIRECTION ( 'NONE',  ( 1.341507989274759933E-13, -1.000000000000000000, 4.509449604984449986E-15 ) ) ;
#3326 = PRESENTATION_LAYER_ASSIGNMENT (  '', '', ( #623 ) ) ;
#3327 = CARTESIAN_POINT ( 'NONE',  ( -0.02395469091473189857, -0.002642501196818389936, 0.005684040048398879968 ) ) ;
#3328 = DIRECTION ( 'NONE',  ( -1.000000000000000000, 0.000000000000000000, 0.000000000000000000 ) ) ;
#3329 = CARTESIAN_POINT ( 'NONE',  ( 0.000000000000000000, -0.002238409607769184604, 0.04597769233713609738 ) ) ;
#3330 = ADVANCED_FACE ( 'NONE', ( #501 ), #5535, .T. ) ;
#3331 = SHAPE_DEFINITION_REPRESENTATION ( #1050, #5645 ) ;
#3332 = CARTESIAN_POINT ( 'NONE',  ( 0.02731199422730399770, -2.827763675646300095E-05, 0.005727706139979919960 ) ) ;
#3333 = CARTESIAN_POINT ( 'NONE',  ( -0.002762598957417789804, 0.02628388132515139738, 0.04827996756710119935 ) ) ;
#3334 = CARTESIAN_POINT ( 'NONE',  ( -0.002935752962990819705, 0.04967670737729969893, 0.02483157036816860050 ) ) ;
#3335 = EDGE_CURVE ( 'NONE', #1943, #977, #3591, .T. ) ;
#3336 = CARTESIAN_POINT ( 'NONE',  ( -6.019126794590020214E-05, -0.02662909679948029934, 0.006103297135851210205 ) ) ;
#3337 = CARTESIAN_POINT ( 'NONE',  ( -0.02445261423495079939, -0.002518820878225790007, 0.05460049746880830251 ) ) ;
#3338 = CARTESIAN_POINT ( 'NONE',  ( 0.0005530736019520210607, -0.04149169152544459477, 0.04359160317639439869 ) ) ;
#3339 = CARTESIAN_POINT ( 'NONE',  ( -0.02382171699561830280, 0.003655673957994960178, 0.01425995246521829900 ) ) ;
#3340 =( REPRESENTATION_RELATIONSHIP ('NONE','NONE', #4767, #3272 ) REPRESENTATION_RELATIONSHIP_WITH_TRANSFORMATION ( #2875 )SHAPE_REPRESENTATION_RELATIONSHIP( ) );
#3341 = CARTESIAN_POINT ( 'NONE',  ( -0.002615700203954319895, -0.02565967388652829959, 0.05097372030819889710 ) ) ;
#3342 = CARTESIAN_POINT ( 'NONE',  ( -0.02512165982172720122, -0.002795932762882180275, 0.04902433484312580109 ) ) ;
#3343 = CARTESIAN_POINT ( 'NONE',  ( 0.02570271200687689744, 0.002692668163597249954, 0.04964456230102690104 ) ) ;
#3344 = CARTESIAN_POINT ( 'NONE',  ( -0.002914846611423510363, 0.02592483267532589772, 0.03857472232561789949 ) ) ;
#3345 = CARTESIAN_POINT ( 'NONE',  ( -0.02363920609252189928, 0.004691170830029049547, 0.02611952087884769971 ) ) ;
#3346 = DIRECTION ( 'NONE',  ( 0.000000000000000000, 0.000000000000000000, 1.000000000000000000 ) ) ;
#3347 = CARTESIAN_POINT ( 'NONE',  ( -7.500976252172290068E-05, 0.04967670737730160019, 0.03662082091003470569 ) ) ;
#3348 = CARTESIAN_POINT ( 'NONE',  ( -0.002800717591426199991, -0.02395244703000850087, 0.01435944469159700088 ) ) ;
#3349 = ORIENTED_EDGE ( 'NONE', *, *, #3746, .T. ) ;
#3350 = DIRECTION ( 'NONE',  ( 0.000000000000000000, 0.000000000000000000, 1.000000000000000000 ) ) ;
#3351 = CARTESIAN_POINT ( 'NONE',  ( 0.02352018520687020053, 0.005254676991006240402, 0.04565834113730619925 ) ) ;
#3352 = CARTESIAN_POINT ( 'NONE',  ( -0.002114416695732549735, 0.02402361224104369863, 0.008722903625648830220 ) ) ;
#3353 = CARTESIAN_POINT ( 'NONE',  ( -0.003023862540526488576, -0.02646632943121937295, 0.03996889697978030231 ) ) ;
#3354 = EDGE_CURVE ( 'NONE', #2071, #3871, #1120, .T. ) ;
#3355 = CARTESIAN_POINT ( 'NONE',  ( 0.003979251012898010406, 0.001661941657750860401, 0.000000000000000000 ) ) ;
#3356 = CARTESIAN_POINT ( 'NONE',  ( 0.04149169152544199962, -0.0001282338325591390112, -0.005986965428497499978 ) ) ;
#3357 = CARTESIAN_POINT ( 'NONE',  ( -0.002564703204480109702, 0.02396316746565219785, 0.005055178769920129836 ) ) ;
#3358 = EDGE_LOOP ( 'NONE', ( #492, #6186 ) ) ;
#3359 = CARTESIAN_POINT ( 'NONE',  ( 6.963718720483720083E-05, 0.04221866210052149793, -0.007037125592767009934 ) ) ;
#3360 = CARTESIAN_POINT ( 'NONE',  ( 0.001048617306955618644, -0.02422998671384099523, -7.623296525288702089E-19 ) ) ;
#3361 = CARTESIAN_POINT ( 'NONE',  ( -0.000000000000000000, -0.002695290764549767171, 0.02616369050805078186 ) ) ;
#3362 = CARTESIAN_POINT ( 'NONE',  ( 0.000000000000000000, -0.02409999999999999989, 0.06175378874876469998 ) ) ;
#3363 = CARTESIAN_POINT ( 'NONE',  ( -0.002077510120545269807, 0.02685618904552789996, 0.02451108046007809821 ) ) ;
#3364 = CARTESIAN_POINT ( 'NONE',  ( 0.1474045838693498756, 0.02001452565399520350, 0.000000000000000000 ) ) ;
#3365 = CARTESIAN_POINT ( 'NONE',  ( 0.0003054157717488390042, -0.02498293155237410121, 0.006112665690341239667 ) ) ;
#3366 = CARTESIAN_POINT ( 'NONE',  ( -0.02631554549654610206, 0.001686246003924400053, 0.02024208220933899904 ) ) ;
#3367 = CARTESIAN_POINT ( 'NONE',  ( -0.002577521596698089962, -0.04149169152544869565, 0.03739033900337099953 ) ) ;
#3368 = CARTESIAN_POINT ( 'NONE',  ( 0.02355296708373590120, -0.005105837373270339340, 0.03277675415659649788 ) ) ;
#3369 = CARTESIAN_POINT ( 'NONE',  ( 0.002951289669288710126, -0.02589568145851069841, 0.03997844161292819776 ) ) ;
#3370 = ITEM_DEFINED_TRANSFORMATION ( 'NONE', 'NONE', #3737,  #5181 ) ;
#3371 = CARTESIAN_POINT ( 'NONE',  ( -0.03330667567358479991, -3.735075217872820425E-05, 0.0009387196546777910053 ) ) ;
#3372 = CARTESIAN_POINT ( 'NONE',  ( 0.02571989556543739786, -0.002859922052458349715, 0.04827597433067680466 ) ) ;
#3373 = CARTESIAN_POINT ( 'NONE',  ( -0.002867523011778039775, 0.02595434919817750027, 0.03716950823459930220 ) ) ;
#3374 = CARTESIAN_POINT ( 'NONE',  ( -0.02404443579817189952, 0.001865300985977099953, 0.006284926322555509787 ) ) ;
#3375 = DIRECTION ( 'NONE',  ( 0.000000000000000000, 0.000000000000000000, 1.000000000000000000 ) ) ;
#3376 = AXIS2_PLACEMENT_3D ( 'NONE', #6120, #4644, #211 ) ;
#3377 = CARTESIAN_POINT ( 'NONE',  ( 0.001263013066965950042, 0.04967670737730139896, 0.03548486484308169958 ) ) ;
#3378 = CARTESIAN_POINT ( 'NONE',  ( 0.005123424762045160168, -0.02354916251900490004, 0.03420902402803329551 ) ) ;
#3379 = CARTESIAN_POINT ( 'NONE',  ( -0.02690960893332458234, 4.274983981059313101E-05, 0.006174226961223558754 ) ) ;
#3380 = CIRCLE ( 'NONE', #4207, 0.01899999999999999953 ) ;
#3381 = CARTESIAN_POINT ( 'NONE',  ( 0.02374861051685429880, 0.004101946677917070114, 0.01950793638577820108 ) ) ;
#3382 = CARTESIAN_POINT ( 'NONE',  ( -0.002280527573099370119, 0.02400819631349659922, 0.01013545356444000081 ) ) ;
#3383 = CARTESIAN_POINT ( 'NONE',  ( -0.0003962651531647896908, -0.02518335313347732848, 0.05797166437554696766 ) ) ;
#3384 = CARTESIAN_POINT ( 'NONE',  ( 0.02826114334772389380, -0.007013549795020895469, -8.589121307132914630E-19 ) ) ;
#3385 = CARTESIAN_POINT ( 'NONE',  ( 0.02512165982172540057, -0.0009484447689679199401, 0.05754937537719219398 ) ) ;
#3386 = CARTESIAN_POINT ( 'NONE',  ( 0.04221725481721219642, 1.377365459315380072E-05, -0.007039236048034590125 ) ) ;
#3387 = CARTESIAN_POINT ( 'NONE',  ( 0.003928632480645520390, -0.02377794051057480207, 0.01761063405316570102 ) ) ;
#3388 = ORIENTED_EDGE ( 'NONE', *, *, #1593, .F. ) ;
#3389 = CARTESIAN_POINT ( 'NONE',  ( -0.02396316746572669729, -0.002564703203845999750, 0.005055178769997379674 ) ) ;
#3390 = CARTESIAN_POINT ( 'NONE',  ( -0.0005030868400488660002, 0.02502274703652460075, 7.561284554989639679E-05 ) ) ;
#3391 = CARTESIAN_POINT ( 'NONE',  ( -0.000000000000000000, -0.001618095163895081267, 0.04835467880516883254 ) ) ;
#3392 = APPLICATION_PROTOCOL_DEFINITION ( 'draft international standard', 'automotive_design', 1998, #1998 ) ;
#3393 = CARTESIAN_POINT ( 'NONE',  ( -0.02501505576527270069, -0.0002171376230978750051, 0.002083284197067210124 ) ) ;
#3394 = CARTESIAN_POINT ( 'NONE',  ( -0.002416589801704280022, 0.02675242480604600112, 0.02873429000681010023 ) ) ;
#3395 = CARTESIAN_POINT ( 'NONE',  ( 0.000000000000000000, 0.000000000000000000, 0.000000000000000000 ) ) ;
#3396 = CARTESIAN_POINT ( 'NONE',  ( -0.0001903376027733139867, -0.02500683499350940184, 0.002484564259691670381 ) ) ;
#3397 = CARTESIAN_POINT ( 'NONE',  ( -0.02493065570050309945, 0.0006307772321659859890, 0.05809651991932129889 ) ) ;
#3398 = CARTESIAN_POINT ( 'NONE',  ( -0.001504424157930750157, -0.04967670737730169733, 0.03496762915002270267 ) ) ;
#3399 = CARTESIAN_POINT ( 'NONE',  ( 0.003201139591053239752, 0.02388663195603120057, 0.01000035809490389983 ) ) ;
#3400 = CARTESIAN_POINT ( 'NONE',  ( -0.001044281079151050066, 0.02409475676667219984, 0.0002526754957714409926 ) ) ;
#3401 = VECTOR ( 'NONE', #3413, 1.000000000000000000 ) ;
#3402 = CARTESIAN_POINT ( 'NONE',  ( -0.002803001176483509941, -0.02600217679181170138, 0.03435284903403419687 ) ) ;
#3403 = CARTESIAN_POINT ( 'NONE',  ( -0.04967670737730729702, -0.002570383532412319830, 0.02995616280963680003 ) ) ;
#3404 = CARTESIAN_POINT ( 'NONE',  ( 0.02582743517264430091, -0.003034212309718950246, 0.04275378151795539844 ) ) ;
#3405 = CARTESIAN_POINT ( 'NONE',  ( -0.001335576613947709939, 0.02638572435749339876, 0.01745217534023379979 ) ) ;
#3406 = CARTESIAN_POINT ( 'NONE',  ( -0.02377029104617979852, 0.004057643327195319984, 0.02855753712698399713 ) ) ;
#3407 = CARTESIAN_POINT ( 'NONE',  ( -0.004894112133959330549, 0.02359788752948100213, 0.02993334765679149870 ) ) ;
#3408 = CARTESIAN_POINT ( 'NONE',  ( -0.002274832878483369885, 0.03330667567358300274, 0.04623619831535060593 ) ) ;
#3409 = CARTESIAN_POINT ( 'NONE',  ( -0.002947640954550930122, -0.02393463550152419989, 0.01577703090425409960 ) ) ;
#3410 = CARTESIAN_POINT ( 'NONE',  ( -0.001504424157930750157, -0.04967670737730169733, 0.03496762915002270267 ) ) ;
#3411 = CARTESIAN_POINT ( 'NONE',  ( 0.02395349758143670155, 0.002653291091475649868, 0.005771300684615859704 ) ) ;
#3412 = CARTESIAN_POINT ( 'NONE',  ( -0.004557242250929020161, 0.02367782136926879777, 0.04136835013272349704 ) ) ;
#3413 = DIRECTION ( 'NONE',  ( -1.000000000000000000, -0.000000000000000000, -0.000000000000000000 ) ) ;
#3414 = CARTESIAN_POINT ( 'NONE',  ( -0.001514986226315378614, -0.02585755948958849693, 0.05583340755484161866 ) ) ;
#3415 = CARTESIAN_POINT ( 'NONE',  ( -0.02730790884454479747, 2.811706715486765034E-05, 0.005732431055142869943 ) ) ;
#3416 = CARTESIAN_POINT ( 'NONE',  ( 0.04149169152544259637, 0.0005530736019520170492, 0.04359160317639620280 ) ) ;
#3417 = AXIS2_PLACEMENT_3D ( 'NONE', #1253, #4877, #5767 ) ;
#3418 = CARTESIAN_POINT ( 'NONE',  ( -0.0003620939033791679843, 0.03330667567358280151, 0.003307482622664050138 ) ) ;
#3419 = CARTESIAN_POINT ( 'NONE',  ( 0.04967670737730060099, -2.689795949423070089E-05, -0.01386711213951230016 ) ) ;
#3420 = CARTESIAN_POINT ( 'NONE',  ( 0.02446803351555097358, 0.0005491985504820883889, 5.488773498207869086E-19 ) ) ;
#3421 = CARTESIAN_POINT ( 'NONE',  ( -0.0008773868494630520558, 0.02670785372847630026, 8.798271290240690617E-05 ) ) ;
#3422 = CARTESIAN_POINT ( 'NONE',  ( -0.000000000000000000, -0.002689985502647691037, 0.04269161456840982888 ) ) ;
#3423 = CARTESIAN_POINT ( 'NONE',  ( -0.02506581814888885970, 3.246411827332306034E-05, 0.05818145825882024141 ) ) ;
#3424 = CARTESIAN_POINT ( 'NONE',  ( -0.02502290086194965124, -0.0005088058243878920217, 3.545941851954535502E-05 ) ) ;
#3425 = VECTOR ( 'NONE', #5400, 1.000000000000000000 ) ;
#3426 = CARTESIAN_POINT ( 'NONE',  ( -0.02622276767918369986, -6.234895626109739964E-05, -0.02263902998188579985 ) ) ;
#3427 = CARTESIAN_POINT ( 'NONE',  ( -4.931329513802349762E-05, 0.04967670737730039976, -0.01332476220755379921 ) ) ;
#3428 = CARTESIAN_POINT ( 'NONE',  ( -0.0003865940678864579895, -0.02734428477013359920, 0.003157878222803629960 ) ) ;
#3429 = CARTESIAN_POINT ( 'NONE',  ( -0.02554226740266010015, -0.001994363709819679895, 0.05440660216462799709 ) ) ;
#3430 = CARTESIAN_POINT ( 'NONE',  ( -0.001924464599853180011, -0.03330667567358740200, 0.01592532423748710055 ) ) ;
#3431 = CARTESIAN_POINT ( 'NONE',  ( 0.02394808899845260117, -0.002701672326610970055, 0.005743980448014470233 ) ) ;
#3432 = CARTESIAN_POINT ( 'NONE',  ( -5.611757836815460282E-05, 0.02499698889655260076, 0.004294793766624220577 ) ) ;
#3433 = CARTESIAN_POINT ( 'NONE',  ( -0.0009125959293385590022, -0.02646921887173149870, 0.01318994944051720027 ) ) ;
#3434 = CARTESIAN_POINT ( 'NONE',  ( -0.03330667567358409908, -0.002730303972218059861, 0.02597481397782910179 ) ) ;
#3435 = B_SPLINE_SURFACE_WITH_KNOTS ( 'NONE', 3, 3, ( 
 ( #4635, #5585, #2523, #4058 ),
 ( #581, #3049, #550, #5120 ),
 ( #4124, #4508, #3669, #4572 ),
 ( #5028, #3112, #2589, #6007 ),
 ( #2064, #1036, #1166, #5616 ),
 ( #2034, #2556, #4027, #1553 ),
 ( #4541, #2656, #5090, #107 ),
 ( #6110, #6044, #2163, #646 ),
 ( #1585, #1102, #3082, #5059 ),
 ( #138, #2623, #170, #1649 ),
 ( #2781, #1329, #2199, #4217 ),
 ( #4182, #3241, #266, #4317 ),
 ( #1809, #6273, #5649, #3209 ),
 ( #233, #2230, #6302, #3805 ),
 ( #5188, #3773, #6174, #2752 ),
 ( #1229, #1711, #741, #4765 ),
 ( #5713, #333, #1838, #4734 ),
 ( #3176, #4251, #2263, #4798 ),
 ( #4666, #3702, #5289, #5681 ),
 ( #300, #2720, #4700, #6242 ),
 ( #1264, #706, #6206, #2330 ),
 ( #3275, #5257, #1744, #3736 ),
 ( #1194, #5221, #776, #1777 ),
 ( #809, #2300, #5745, #5154 ),
 ( #1297, #847, #4284, #2814 ),
 ( #5777, #3308, #365, #2688 ),
 ( #963, #6335, #5937, #6365 ),
 ( #5806, #1358, #3, #3892 ),
 ( #4955, #2905, #4465, #3403 ),
 ( #3342, #4918, #1898, #1477 ),
 ( #2484, #2935, #5321, #3468 ),
 ( #393, #2453, #2421, #1928 ),
 ( #478, #5445, #2362, #2393 ),
 ( #2876, #3434, #1866, #3953 ),
 ( #3864, #507, #904, #448 ),
 ( #4889, #3833, #931, #1443 ),
 ( #4370, #1413, #36, #5383 ),
 ( #876, #4343, #995, #4399 ),
 ( #2846, #5871, #4432, #4826 ),
 ( #5840, #1385, #6394, #3922 ),
 ( #420, #3371, #5351, #2971 ),
 ( #1961, #4855, #5902, #5413 ) ),
 .UNSPECIFIED., .F., .F., .F.,
 ( 4, 1, 1, 1, 1, 1, 1, 1, 1, 1, 1, 1, 1, 1, 1, 1, 1, 1, 1, 1, 1, 1, 1, 1, 1, 1, 1, 1, 1, 1, 1, 1, 1, 1, 1, 1, 1, 1, 1, 4 ),
 ( 4, 4 ),
 ( 0.000000000000000000, 0.008928571428571429811, 0.01785714285714290125, 0.03571428571428569843, 0.07142857142857139685, 0.1428571428571430157, 0.2857142857142860315, 0.3035714285714289917, 0.3214285714285710083, 0.3571428571428569843, 0.3928571428571430157, 0.4107142857142860315, 0.4196428571428569843, 0.4285714285714289917, 0.4523809523809519950, 0.4642857142857140240, 0.4702380952380950108, 0.4761904761904759975, 0.4940476190476190133, 0.5000000000000000000, 0.5119047619047620845, 0.5238095238095240580, 0.5297619047619049892, 0.5357142857142859205, 0.5476190476190480050, 0.5595238095238099785, 0.5714285714285709528, 0.5952380952380950108, 0.6190476190476190688, 0.6428571428571430157, 0.6666666666666670737, 0.6904761904761900215, 0.7142857142857139685, 0.8571428571428569843, 0.9285714285714290472, 0.9642857142857139685, 0.9821428571428569843, 0.9910714285714290472, 0.9955357142857139685, 1.000000000000000000 ),
 ( 0.06359817331310160804, 1.000000000000000000 ),
 .UNSPECIFIED. ) ;
#3436 = CARTESIAN_POINT ( 'NONE',  ( 0.02588333929260869942, -0.003008311080840670153, 0.03996532626879639727 ) ) ;
#3437 = B_SPLINE_CURVE_WITH_KNOTS ( 'NONE', 3,
 ( #612, #3573, #2098, #2132 ),
 .UNSPECIFIED., .F., .F.,
 ( 4, 4 ),
 ( -0.04537352248412599570, 0.5349218813765360681 ),
 .UNSPECIFIED. ) ;
#3438 = CARTESIAN_POINT ( 'NONE',  ( 0.002573813151864820081, 0.02670539812495109980, 0.03013059948612580030 ) ) ;
#3439 = CARTESIAN_POINT ( 'NONE',  ( -0.02405350969740379860, 0.001725190639204179964, 0.05995430385474939672 ) ) ;
#3440 = CARTESIAN_POINT ( 'NONE',  ( -0.02405027732678589186, 0.001591503149893791795, 4.843141193523398943E-19 ) ) ;
#3441 = CARTESIAN_POINT ( 'NONE',  ( -0.0009426204872616639847, 0.04967670737730139896, 0.03594950436496809759 ) ) ;
#3442 = CARTESIAN_POINT ( 'NONE',  ( 0.002667842388990809745, -0.02395188575719540275, 0.005889346204992690521 ) ) ;
#3443 = ORIENTED_EDGE ( 'NONE', *, *, #5935, .F. ) ;
#3444 = CARTESIAN_POINT ( 'NONE',  ( 0.001868412592618000096, -0.04967670737731640085, 0.001598896181240010020 ) ) ;
#3445 = CARTESIAN_POINT ( 'NONE',  ( 0.02384241359137730110, -0.003612716937724179747, 0.02287307097776960021 ) ) ;
#3446 = CARTESIAN_POINT ( 'NONE',  ( 0.0003583234649323190080, 0.02498443143074860137, 0.006113424737272140155 ) ) ;
#3447 = CARTESIAN_POINT ( 'NONE',  ( 0.02395844704174479936, 0.002608273320434970153, 0.005407341021234530164 ) ) ;
#3448 = CARTESIAN_POINT ( 'NONE',  ( 0.001087831096790995832, -0.02709504529186345517, 0.01463073033850409953 ) ) ;
#3449 = CARTESIAN_POINT ( 'NONE',  ( 0.1474045838693498756, 0.02001452565399520350, 0.000000000000000000 ) ) ;
#3450 = EDGE_LOOP ( 'NONE', ( #4540, #1296, #645, #311, #2668, #1241, #3553 ) ) ;
#3451 = CARTESIAN_POINT ( 'NONE',  ( 0.03330667567358390480, 0.001704021576861440134, 0.04860116922307740339 ) ) ;
#3452 = CARTESIAN_POINT ( 'NONE',  ( -0.001873703726606580026, 0.02512165982172490097, 0.02318394777448309907 ) ) ;
#3453 = ORIENTED_EDGE ( 'NONE', *, *, #3726, .F. ) ;
#3454 = CARTESIAN_POINT ( 'NONE',  ( 0.02395349758143670155, 0.002653291091475649868, 0.005771300684615859704 ) ) ;
#3455 = CARTESIAN_POINT ( 'NONE',  ( -0.01748184511945580222, 6.375874611362439693E-05, -0.01497926788426599994 ) ) ;
#3456 = CARTESIAN_POINT ( 'NONE',  ( -0.000000000000000000, -0.001382556003553792306, 0.01100241364834203539 ) ) ;
#3457 = CARTESIAN_POINT ( 'NONE',  ( -0.02729261861959900518, 0.0001045079367570431991, 0.006267549095850260751 ) ) ;
#3458 = LINE ( 'NONE', #3095, #5663 ) ;
#3459 = CARTESIAN_POINT ( 'NONE',  ( -0.001455509695664010134, 0.02587386179613590173, 0.05586350355538670376 ) ) ;
#3460 =( REPRESENTATION_RELATIONSHIP ('NONE','NONE', #829, #5431 ) REPRESENTATION_RELATIONSHIP_WITH_TRANSFORMATION ( #4283 )SHAPE_REPRESENTATION_RELATIONSHIP( ) );
#3461 = CARTESIAN_POINT ( 'NONE',  ( 0.07394948935830365777, 0.01364000912233499264, 0.000000000000000000 ) ) ;
#3462 = CARTESIAN_POINT ( 'NONE',  ( -0.02357628450105389920, -0.004997486350686350387, 0.04992993841574079605 ) ) ;
#3463 = CARTESIAN_POINT ( 'NONE',  ( -0.02662068973744669692, 1.318650468990590030E-05, 0.006209201532260739953 ) ) ;
#3464 = CARTESIAN_POINT ( 'NONE',  ( 0.001870188592133269993, -0.04149169152546059586, 0.008794131317336459364 ) ) ;
#3465 = CARTESIAN_POINT ( 'NONE',  ( 0.002707594903407729934, 0.02394742031879610114, 0.005791292549851100382 ) ) ;
#3466 = CARTESIAN_POINT ( 'NONE',  ( 0.0005250689787633829042, 0.02501668047350150137, 3.145501694114069969E-05 ) ) ;
#3467 = CARTESIAN_POINT ( 'NONE',  ( -0.001641544012833090049, -0.02540284612455570232, 0.05591463265540150274 ) ) ;
#3468 = CARTESIAN_POINT ( 'NONE',  ( -0.04967670737729969893, -0.002935752962990789781, 0.02483157036816860050 ) ) ;
#3469 = CARTESIAN_POINT ( 'NONE',  ( 0.02597182964696840082, -0.002867523555544549893, 0.03575936857526079704 ) ) ;
#3470 = CARTESIAN_POINT ( 'NONE',  ( 0.02730850976103280092, -2.128041908765440060E-05, 0.005780391834074929958 ) ) ;
#3471 = CARTESIAN_POINT ( 'NONE',  ( -0.02382906984163270236, -0.003604509174587309985, 0.01428887637919800009 ) ) ;
#3472 = CARTESIAN_POINT ( 'NONE',  ( 0.004191776497084360141, 0.02373277107755850102, 0.01994818946185420230 ) ) ;
#3473 = CARTESIAN_POINT ( 'NONE',  ( 0.02826114334772389380, -0.007013549795020897204, 0.01402709959004178747 ) ) ;
#3474 = CARTESIAN_POINT ( 'NONE',  ( 0.0001036876196782918463, -0.0001089463074955814573, 0.0002178926149911628333 ) ) ;
#3475 = CARTESIAN_POINT ( 'NONE',  ( 0.003458338328091779910, -0.02385073160042670143, 0.01286577796297089932 ) ) ;
#3476 = VERTEX_POINT ( 'NONE', #5075 ) ;
#3477 = CARTESIAN_POINT ( 'NONE',  ( 8.392809770255080248E-05, -0.04967670737730029568, -0.01307724465576839967 ) ) ;
#3478 = CARTESIAN_POINT ( 'NONE',  ( 0.02406861242091890007, -0.001447678580486040081, 0.05950183286272150290 ) ) ;
#3479 = CARTESIAN_POINT ( 'NONE',  ( -0.0003248226879820419969, 0.02497947847820180048, 0.006221964670005939585 ) ) ;
#3480 = CARTESIAN_POINT ( 'NONE',  ( 0.02665122319598136821, -2.779959971853047113E-05, 0.005792311592414163372 ) ) ;
#3481 = CARTESIAN_POINT ( 'NONE',  ( 0.02687961144175920677, -0.002007789152861902231, 0.02307199704777810126 ) ) ;
#3482 = CARTESIAN_POINT ( 'NONE',  ( 0.002701478161198450200, 0.02394811090137519832, 0.005742451886731779996 ) ) ;
#3483 = ORIENTED_EDGE ( 'NONE', *, *, #3980, .T. ) ;
#3484 = CARTESIAN_POINT ( 'NONE',  ( 0.02512165982172570242, 0.002562257007863920095, 0.05150874381174130184 ) ) ;
#3485 = CLOSED_SHELL ( 'NONE', ( #283, #3801, #2147, #2153, #2867, #6027 ) ) ;
#3486 = CARTESIAN_POINT ( 'NONE',  ( -0.0008349623323015180820, 0.04967670737729629887, -0.007411838175165380051 ) ) ;
#3487 = SURFACE_STYLE_FILL_AREA ( #950 ) ;
#3488 = CARTESIAN_POINT ( 'NONE',  ( -0.02622276767918479967, 0.0005889365280251709781, 0.02720297071319049964 ) ) ;
#3489 = CARTESIAN_POINT ( 'NONE',  ( -0.000000000000000000, -0.0009744649993027984687, 0.007258352526530097333 ) ) ;
#3490 = PRODUCT ( 'Fins and FIn Can (1).step', 'Fins and FIn Can (1).step', '', ( #2320 ) ) ;
#3491 = CARTESIAN_POINT ( 'NONE',  ( -0.02675247766151139794, -0.002420053435801123622, 0.02873446956150600001 ) ) ;
#3492 = DIRECTION ( 'NONE',  ( 0.1392259272825760175, -1.508789190766780449E-15, -0.9902606430492463252 ) ) ;
#3493 = PLANE ( 'NONE',  #1368 ) ;
#3494 = CARTESIAN_POINT ( 'NONE',  ( -0.02401867668966880046, -0.001978649576983510308, 0.0003261404126066280002 ) ) ;
#3495 = CARTESIAN_POINT ( 'NONE',  ( -0.02382906984163270236, -0.003604509174587309985, 0.01428887637919800009 ) ) ;
#3496 = CARTESIAN_POINT ( 'NONE',  ( -0.02660352458240429832, -6.504271563561380234E-05, 0.006999245798479859781 ) ) ;
#3497 = CARTESIAN_POINT ( 'NONE',  ( 0.002960458266613449647, -0.03330667567358780445, 0.03364425825554399896 ) ) ;
#3498 = CARTESIAN_POINT ( 'NONE',  ( 0.003356687371934789950, 0.02386525955500409801, 0.01141967579115930019 ) ) ;
#3499 = CARTESIAN_POINT ( 'NONE',  ( -3.113963008116169874E-05, 0.02730487945157289778, 0.006155385451136799989 ) ) ;
#3500 = CARTESIAN_POINT ( 'NONE',  ( -0.003039505574122599793, -0.02640166548594849796, 0.04275479344523069880 ) ) ;
#3501 = CARTESIAN_POINT ( 'NONE',  ( -0.04967670737730039976, 0.0002153322155579700105, -0.01252326239111050017 ) ) ;
#3502 = CARTESIAN_POINT ( 'NONE',  ( 0.02653334232992969957, -0.002944690807379489895, 0.03716844558155030231 ) ) ;
#3503 = CARTESIAN_POINT ( 'NONE',  ( -0.002645915667272689779, 0.02624685824868840112, 0.04962785762740620082 ) ) ;
#3504 = CARTESIAN_POINT ( 'NONE',  ( -0.02351180068898000089, -0.005292019685190970171, 0.04422883793399699781 ) ) ;
#3505 = CARTESIAN_POINT ( 'NONE',  ( 0.004854830239568819726, 0.02360600952614590187, 0.02849589118513259911 ) ) ;
#3506 = CARTESIAN_POINT ( 'NONE',  ( 0.03838076630220227381, 0.008708065292970718074, 0.01741613058594144309 ) ) ;
#3507 = CARTESIAN_POINT ( 'NONE',  ( -0.0003560281035875739980, -0.02498459488647039942, 0.006097292677769879966 ) ) ;
#3508 = ORIENTED_EDGE ( 'NONE', *, *, #4449, .F. ) ;
#3509 = CARTESIAN_POINT ( 'NONE',  ( 0.0009426204872616650689, -0.04967670737730139896, 0.03594950436496800045 ) ) ;
#3510 = ADVANCED_FACE ( 'NONE', ( #2573 ), #1973, .T. ) ;
#3511 = CARTESIAN_POINT ( 'NONE',  ( 0.02404745169557679849, -0.001825933653740110076, 0.005975962901269610619 ) ) ;
#3512 = CARTESIAN_POINT ( 'NONE',  ( 0.002581385572029290098, 0.02444486805470450289, 0.05458690097529239615 ) ) ;
#3513 = CARTESIAN_POINT ( 'NONE',  ( 0.02684672819829928350, -2.824557285565420392E-05, 0.005884362645173119542 ) ) ;
#3514 = CARTESIAN_POINT ( 'NONE',  ( 0.02623423852026201750, -0.002707550783804227659, 0.04961658981371849797 ) ) ;
#3515 = CARTESIAN_POINT ( 'NONE',  ( 0.1621912153200378293, 0.02054251265073871874, -0.04108502530147743054 ) ) ;
#3516 = EDGE_CURVE ( 'NONE', #1340, #3714, #4269, .T. ) ;
#3517 = ORIENTED_EDGE ( 'NONE', *, *, #3726, .T. ) ;
#3518 = CARTESIAN_POINT ( 'NONE',  ( 0.02731468076792820110, -2.827751929175690069E-05, 0.005725352261985739918 ) ) ;
#3519 = CARTESIAN_POINT ( 'NONE',  ( 0.003458338328091779910, -0.02385073160042670143, 0.01286577796297089932 ) ) ;
#3520 = ORIENTED_EDGE ( 'NONE', *, *, #1155, .F. ) ;
#3521 = CARTESIAN_POINT ( 'NONE',  ( -0.008740922559727569777, 0.002689160759131069972, 0.01809185268303789909 ) ) ;
#3522 = CARTESIAN_POINT ( 'NONE',  ( -1.427063421097429923E-05, 0.04967670737730069813, -0.01357429571607979973 ) ) ;
#3523 = CARTESIAN_POINT ( 'NONE',  ( -0.02684511582054840625, 0.002133490501741683830, 0.02448460254905829997 ) ) ;
#3524 = CARTESIAN_POINT ( 'NONE',  ( -4.909192938359319792E-05, -0.03476061682374229772, -0.0006515030308086439386 ) ) ;
#3525 = CARTESIAN_POINT ( 'NONE',  ( 0.000000000000000000, 1.348122736537840037E-06, -0.0001055282045514080078 ) ) ;
#3526 = CARTESIAN_POINT ( 'NONE',  ( 0.1543273542709824309, 0.02031583516610298984, 0.000000000000000000 ) ) ;
#3527 = EDGE_CURVE ( 'NONE', #2311, #2664, #2940, .T. ) ;
#3528 = CARTESIAN_POINT ( 'NONE',  ( -0.02394213776279130110, -0.002754178044258320020, 0.006598252622340209511 ) ) ;
#3529 = CARTESIAN_POINT ( 'NONE',  ( -0.02587352205671809846, -0.001455943762726040003, 0.05586345007954820335 ) ) ;
#3530 = CARTESIAN_POINT ( 'NONE',  ( 0.002961273011435549933, -0.04967670737730209979, 0.01926384839103760169 ) ) ;
#3531 = CARTESIAN_POINT ( 'NONE',  ( -0.004803838021783040160, 0.02361643867921700210, 0.02851064374961450112 ) ) ;
#3532 = CARTESIAN_POINT ( 'NONE',  ( 0.0008135431883318810283, 0.02738045525122780044, 9.781384623711320014E-05 ) ) ;
#3533 = AXIS2_PLACEMENT_3D ( 'NONE', #2168, #6178, #2880 ) ;
#3534 = CARTESIAN_POINT ( 'NONE',  ( -0.002256341710322969964, -0.02681013746033319989, 0.02589667384970729958 ) ) ;
#3535 = CARTESIAN_POINT ( 'NONE',  ( -0.04967670737730060099, 8.991404271426989921E-05, -0.01342090596433279971 ) ) ;
#3536 = CARTESIAN_POINT ( 'NONE',  ( 0.02631768101648689767, 0.002850188543769679918, 0.04691864237660019893 ) ) ;
#3537 = CARTESIAN_POINT ( 'NONE',  ( -0.0005861845104773669851, 0.02719639805008210176, 0.01039990265198470140 ) ) ;
#3538 = CARTESIAN_POINT ( 'NONE',  ( -0.02406860361423339770, 0.001447926457085489888, 0.05950178169776419723 ) ) ;
#3539 = CARTESIAN_POINT ( 'NONE',  ( -0.005311445680105189755, 0.02350741466998149815, 0.04136437251214510058 ) ) ;
#3540 = CARTESIAN_POINT ( 'NONE',  ( 0.003979251012898010406, -0.001661941657750860401, -2.035291531534237128E-19 ) ) ;
#3541 = CARTESIAN_POINT ( 'NONE',  ( -0.0003583234071750240218, -0.02498443127886470008, 0.006113424613577330552 ) ) ;
#3542 = VERTEX_POINT ( 'NONE', #1908 ) ;
#3543 = CARTESIAN_POINT ( 'NONE',  ( -0.001591503149893795915, -0.02405027732678588492, 7.989530983834630953E-20 ) ) ;
#3544 = CARTESIAN_POINT ( 'NONE',  ( 0.02462341365935940066, -0.002992583602725549640, 0.03149240380430180092 ) ) ;
#3545 = PRODUCT_DEFINITION_SHAPE ( 'NONE', 'NONE',  #6417 ) ;
#3546 = CARTESIAN_POINT ( 'NONE',  ( -0.002381934534555730024, 0.02473650350121419858, 0.02444918155905749860 ) ) ;
#3547 = CARTESIAN_POINT ( 'NONE',  ( 0.02734447512527430138, -0.0003865399065616740171, 0.003158095540399620104 ) ) ;
#3548 = CARTESIAN_POINT ( 'NONE',  ( 0.02641509168311990605, 0.002971108076834540982, 0.04277518989140149941 ) ) ;
#3549 = CARTESIAN_POINT ( 'NONE',  ( 0.1512480240308354262, 0.02019165774830738308, 0.000000000000000000 ) ) ;
#3550 = EDGE_LOOP ( 'NONE', ( #4507, #5911, #4609, #53, #1978, #5744, #74 ) ) ;
#3551 = CARTESIAN_POINT ( 'NONE',  ( 0.02512165982172529996, 3.448836701482190062E-05, 0.008092821148953118979 ) ) ;
#3552 = CARTESIAN_POINT ( 'NONE',  ( -0.005289081001266680501, -0.02351251591702149812, 0.03706263833773169869 ) ) ;
#3553 = ORIENTED_EDGE ( 'NONE', *, *, #3527, .F. ) ;
#3554 = EDGE_CURVE ( 'NONE', #2040, #3751, #5894, .T. ) ;
#3555 = CARTESIAN_POINT ( 'NONE',  ( 0.000000000000000000, -0.001749302515346110075, 0.04807753439713420562 ) ) ;
#3556 = CARTESIAN_POINT ( 'NONE',  ( -1.278025071373599931E-05, 0.02729834969703550177, 0.006030887249564850089 ) ) ;
#3557 = CARTESIAN_POINT ( 'NONE',  ( 0.02397726976084750203, -0.002442990193288810223, 0.003732162450688970325 ) ) ;
#3558 = DIRECTION ( 'NONE',  ( 1.000000000000000000, 0.000000000000000000, 0.000000000000000000 ) ) ;
#3559 = CARTESIAN_POINT ( 'NONE',  ( -0.04967670737730079528, 2.714385538309030123E-05, 0.009395364255390750013 ) ) ;
#3560 = CARTESIAN_POINT ( 'NONE',  ( -0.02399212372182039921, -0.002278131206237300321, 0.002740966859785740062 ) ) ;
#3561 = CARTESIAN_POINT ( 'NONE',  ( -0.02729327078315450100, 9.626055667727779108E-05, 0.006208223811194169689 ) ) ;
#3562 = CARTESIAN_POINT ( 'NONE',  ( 0.001979508078096250002, -0.04967670737730149610, 0.03327148758153540553 ) ) ;
#3563 = CARTESIAN_POINT ( 'NONE',  ( -0.004831249073440929687, 0.02361106800840299946, 0.05150667126207029989 ) ) ;
#3564 = CARTESIAN_POINT ( 'NONE',  ( 0.002976104837967539791, -0.02643640723535340201, 0.04184581191743290407 ) ) ;
#3565 = CARTESIAN_POINT ( 'NONE',  ( -0.04967670737729969893, -0.002935752962990789781, 0.02483157036816860050 ) ) ;
#3566 = CARTESIAN_POINT ( 'NONE',  ( 0.02680992225536629747, -0.002253254848105599745, 0.02589634539690550269 ) ) ;
#3567 = CARTESIAN_POINT ( 'NONE',  ( 0.02729982298248799857, 3.331043171597449740E-05, 0.006175214710422390237 ) ) ;
#3568 = CARTESIAN_POINT ( 'NONE',  ( -0.02370775348280329889, -0.004392585932066300075, 0.04844984096641560128 ) ) ;
#3569 = CARTESIAN_POINT ( 'NONE',  ( 0.005029343943845300015, 0.02356942820550269810, 0.03134926258533500543 ) ) ;
#3570 = CARTESIAN_POINT ( 'NONE',  ( 0.02826114334772389380, 0.007013549795020895469, 1.717824261426582926E-18 ) ) ;
#3571 = CARTESIAN_POINT ( 'NONE',  ( 0.003312735140181850314, -0.02388667253569810162, 0.02006723738107389979 ) ) ;
#3572 = VERTEX_POINT ( 'NONE', #2432 ) ;
#3573 = CARTESIAN_POINT ( 'NONE',  ( -0.002455350631339889896, -0.02397587543569159804, 0.003828290940461289826 ) ) ;
#3574 = CARTESIAN_POINT ( 'NONE',  ( 0.02389265431751929833, 0.003267610697721290251, 0.01959414109754779865 ) ) ;
#3575 = CARTESIAN_POINT ( 'NONE',  ( -0.002733236227070169957, 0.02467360863394780016, 0.02867960028084570040 ) ) ;
#3576 = CARTESIAN_POINT ( 'NONE',  ( 0.02499304943469150136, 0.0001383235362197259943, 0.004897882175318270422 ) ) ;
#3577 = CARTESIAN_POINT ( 'NONE',  ( 0.02722387694029050620, -0.0004638520679425971356, 0.008970560858006949162 ) ) ;
#3578 = CARTESIAN_POINT ( 'NONE',  ( 2.827751929175869978E-05, 0.02731468076792820110, 0.005725352261985739918 ) ) ;
#3579 = ORIENTED_EDGE ( 'NONE', *, *, #4656, .T. ) ;
#3580 = CARTESIAN_POINT ( 'NONE',  ( 0.04967670737729969893, 0.002935752962990749882, 0.02483157036816860050 ) ) ;
#3581 = CARTESIAN_POINT ( 'NONE',  ( -0.002776114258686139882, -0.02393957419088890010, 0.006352097006525819940 ) ) ;
#3582 = ORIENTED_EDGE ( 'NONE', *, *, #4387, .T. ) ;
#3583 = CARTESIAN_POINT ( 'NONE',  ( -0.008740922559727901109, 0.001850986933296499973, 0.04002687376258620006 ) ) ;
#3584 = CIRCLE ( 'NONE', #5240, 0.01874999999999999931 ) ;
#3585 = CARTESIAN_POINT ( 'NONE',  ( 0.0007737221445894071955, 0.0004862275238850545783, -0.0009724550477701090481 ) ) ;
#3586 = CARTESIAN_POINT ( 'NONE',  ( 0.02502290086194965124, 0.0005088058243876750729, 3.545941852108320093E-05 ) ) ;
#3587 = CIRCLE ( 'NONE', #787, 0.02054999999999999882 ) ;
#3588 = CARTESIAN_POINT ( 'NONE',  ( -0.02739632953868854914, -0.0007887297607407419428, 8.308717985836840516E-05 ) ) ;
#3589 = B_SPLINE_CURVE_WITH_KNOTS ( 'NONE', 3,
 ( #2989, #463, #142, #2102, #3454 ),
 .UNSPECIFIED., .F., .F.,
 ( 4, 1, 4 ),
 ( 1.022349354731363938E-05, 0.4285714285706372362, 1.000000000000000000 ),
 .UNSPECIFIED. ) ;
#3590 = LINE ( 'NONE', #4945, #4994 ) ;
#3591 = LINE ( 'NONE', #92, #5054 ) ;
#3592 = DIRECTION ( 'NONE',  ( 1.000000000000000000, 0.000000000000000000, 0.000000000000000000 ) ) ;
#3593 = CARTESIAN_POINT ( 'NONE',  ( -0.02729261861959909885, 0.0001045079367570560063, 0.006267549095850260751 ) ) ;
#3594 = CARTESIAN_POINT ( 'NONE',  ( 0.002795932762882180275, -0.02512165982173170109, 0.04902433484312179734 ) ) ;
#3595 = CARTESIAN_POINT ( 'NONE',  ( -0.004211222240453569958, 0.02373065172855320232, 0.05509576428992250113 ) ) ;
#3596 = ADVANCED_FACE ( 'NONE', ( #4031 ), #2077, .T. ) ;
#3597 = CARTESIAN_POINT ( 'NONE',  ( 0.002852544847181000091, -0.02656916909478879846, 0.03623653771030180271 ) ) ;
#3598 = DIRECTION ( 'NONE',  ( -1.000000000000000000, -0.000000000000000000, -0.000000000000000000 ) ) ;
#3599 = CARTESIAN_POINT ( 'NONE',  ( 0.02618891476030740101, -0.002540419066284839954, 0.05109927139989049738 ) ) ;
#3600 = CARTESIAN_POINT ( 'NONE',  ( 0.02730487945156789831, 3.113963007966680078E-05, 0.006155385451130460442 ) ) ;
#3601 = CARTESIAN_POINT ( 'NONE',  ( -0.02405212563442680335, -0.001762892432863270029, 0.005896235985678399683 ) ) ;
#3602 = CARTESIAN_POINT ( 'NONE',  ( -0.005231562490673359947, 0.02352533620123849895, 0.03706764523649500043 ) ) ;
#3603 = CARTESIAN_POINT ( 'NONE',  ( 0.003979251012898010406, -0.001661941657750860618, 0.003323883315501719934 ) ) ;
#3604 = CARTESIAN_POINT ( 'NONE',  ( -0.001264590540700800004, -0.02489249140104200092, 0.01312132374479010009 ) ) ;
#3605 = ORIENTED_EDGE ( 'NONE', *, *, #1593, .T. ) ;
#3606 = DIRECTION ( 'NONE',  ( 1.000000000000000000, 0.000000000000000000, 0.000000000000000000 ) ) ;
#3607 = AXIS2_PLACEMENT_3D ( 'NONE', #4769, #6210, #6177 ) ;
#3608 = CARTESIAN_POINT ( 'NONE',  ( 0.02368818977718560245, 0.004505060149138200021, 0.03852003312301170018 ) ) ;
#3609 = CARTESIAN_POINT ( 'NONE',  ( -0.003312044249220680216, 0.02447170462049680015, 0.04696731444852399878 ) ) ;
#3610 = CARTESIAN_POINT ( 'NONE',  ( 0.02498555181975159814, 0.0002983383147936459999, 0.006081590676865670717 ) ) ;
#3611 = CARTESIAN_POINT ( 'NONE',  ( 0.02410017440771678593, 6.497159355967507306E-11, 0.06034095068590199229 ) ) ;
#3612 = CARTESIAN_POINT ( 'NONE',  ( -0.02622276767917999796, 0.002989341877178209803, 0.008641193682890419697 ) ) ;
#3613 = EDGE_LOOP ( 'NONE', ( #3254, #145, #1145, #2001, #82, #2428 ) ) ;
#3614 = CARTESIAN_POINT ( 'NONE',  ( 0.04149169152544219391, 3.538378678624219898E-05, -0.006249687328746259679 ) ) ;
#3615 = CARTESIAN_POINT ( 'NONE',  ( 0.005043389469213969446, -0.02356655567505320029, 0.04945648475936569727 ) ) ;
#3616 = ORIENTED_EDGE ( 'NONE', *, *, #2359, .T. ) ;
#3617 = CARTESIAN_POINT ( 'NONE',  ( -0.02622276767918479967, 7.623902952829960876E-07, 0.02744709720616609824 ) ) ;
#3618 = CARTESIAN_POINT ( 'NONE',  ( 1.223409797931033241E-05, -2.367459257430026115E-05, -4.734918514860052231E-05 ) ) ;
#3619 = CARTESIAN_POINT ( 'NONE',  ( 0.02409616096027829973, -0.001011720692025560144, -0.0001550371192773520061 ) ) ;
#3620 = CARTESIAN_POINT ( 'NONE',  ( 2.828339077277200033E-05, 0.02730659893060220084, 0.005732395045064299886 ) ) ;
#3621 = CARTESIAN_POINT ( 'NONE',  ( 0.1606410331029352323, 0.02051151099262209926, 0.000000000000000000 ) ) ;
#3622 = CARTESIAN_POINT ( 'NONE',  ( 0.1543273542709824309, -0.02031583516610298984, -2.487972250817326381E-18 ) ) ;
#3623 = CARTESIAN_POINT ( 'NONE',  ( -0.02620553763194209684, 0.002605430658545880313, 0.05066521170646069716 ) ) ;
#3624 = CARTESIAN_POINT ( 'NONE',  ( -0.000000000000000000, 0.002091333038579780337, 0.04663244183484741706 ) ) ;
#3625 = CARTESIAN_POINT ( 'NONE',  ( -0.004497014238723259609, 0.02367680468398829924, 0.02424646007740200240 ) ) ;
#3626 = LINE ( 'NONE', #5965, #17 ) ;
#3627 = SURFACE_STYLE_FILL_AREA ( #6264 ) ;
#3628 = CARTESIAN_POINT ( 'NONE',  ( 0.000000000000000000, -1.917286561201079971E-05, 3.995581544030010171E-05 ) ) ;
#3629 = CARTESIAN_POINT ( 'NONE',  ( -4.849583008288029635E-05, -0.04221866210052149793, -0.007184927122913570621 ) ) ;
#3630 = CARTESIAN_POINT ( 'NONE',  ( 0.02602818899129530003, -0.001958573313803300096, 0.05434327898504739962 ) ) ;
#3631 = CYLINDRICAL_SURFACE ( 'NONE', #6236, 0.02054999999999999882 ) ;
#3632 = CARTESIAN_POINT ( 'NONE',  ( -0.02390487368315960190, -0.003177461899971529939, 0.01864774910121010099 ) ) ;
#3633 = EDGE_CURVE ( 'NONE', #718, #2211, #6145, .T. ) ;
#3634 = CARTESIAN_POINT ( 'NONE',  ( -1.302000384046600642E-05, -0.02502349530285222223, 0.0005639953897471790528 ) ) ;
#3635 = CARTESIAN_POINT ( 'NONE',  ( 0.1588327224262097992, 0.02046602387686769636, 0.04093204775373541354 ) ) ;
#3636 = CARTESIAN_POINT ( 'NONE',  ( -0.0003556076898979540035, -0.02498461313134690137, 0.006094230376459010626 ) ) ;
#3637 = ORIENTED_EDGE ( 'NONE', *, *, #3335, .T. ) ;
#3638 = CARTESIAN_POINT ( 'NONE',  ( -2.811706715479415160E-05, -0.02730790884454534911, 0.005732431055142869943 ) ) ;
#3639 = VECTOR ( 'NONE', #2650, 1.000000000000000000 ) ;
#3640 = CARTESIAN_POINT ( 'NONE',  ( 0.02474994064218929979, -0.002308184900478759717, 0.02300800881668129891 ) ) ;
#3641 = CARTESIAN_POINT ( 'NONE',  ( 0.002631850224084089640, 0.02606454804881500054, 0.03153471632661910412 ) ) ;
#3642 = CARTESIAN_POINT ( 'NONE',  ( 0.02498305425696690021, 0.0003047933868093220203, 0.006108907321685089382 ) ) ;
#3643 = DIRECTION ( 'NONE',  ( 0.000000000000000000, 0.000000000000000000, 1.000000000000000000 ) ) ;
#3644 = CARTESIAN_POINT ( 'NONE',  ( 0.001762892465329400941, -0.02405212563208575238, 0.005896236215989901323 ) ) ;
#3645 = ORIENTED_EDGE ( 'NONE', *, *, #2908, .F. ) ;
#3646 = CARTESIAN_POINT ( 'NONE',  ( 0.03330667567358370357, 8.550298246919839894E-05, 0.001283038991062340067 ) ) ;
#3647 = CARTESIAN_POINT ( 'NONE',  ( 0.005314742575125170482, -0.02350666835964489859, 0.04184206587721869819 ) ) ;
#3648 = ORIENTED_EDGE ( 'NONE', *, *, #5455, .T. ) ;
#3649 = CARTESIAN_POINT ( 'NONE',  ( -0.008740922559727649574, -0.003057568149272629938, 0.03110647348026939971 ) ) ;
#3650 = CARTESIAN_POINT ( 'NONE',  ( 0.04967670737730149610, 0.001979508078096259976, 0.03327148758153540553 ) ) ;
#3651 = B_SPLINE_SURFACE_WITH_KNOTS ( 'NONE', 3, 3, ( 
 ( #3760, #2318, #3721, #1700, #5765, #831, #3196 ),
 ( #726, #2707, #2218, #2740, #1664, #762, #5732 ),
 ( #4203, #5700, #3657, #1250, #5174, #5637, #2185 ),
 ( #4721, #252, #4786, #3228, #2770, #1182, #286 ),
 ( #5141, #2250, #1765, #1317, #6194, #1283, #796 ) ),
 .UNSPECIFIED., .F., .F., .F.,
 ( 4, 1, 4 ),
 ( 4, 3, 4 ),
 ( 0.000000000000000000, 0.5714285714285709528, 1.000000000000000000 ),
 ( -0.5701584888903870052, -0.5640641125401439915, 0.04537352248412599570 ),
 .UNSPECIFIED. ) ;
#3652 = CARTESIAN_POINT ( 'NONE',  ( -0.02622276767918389762, -2.464794496039150102E-08, 0.0001819064656126840045 ) ) ;
#3653 = AXIS2_PLACEMENT_3D ( 'NONE', #4144, #5210, #3232 ) ;
#3654 = CARTESIAN_POINT ( 'NONE',  ( 0.02730257154696320160, -4.968802868430780034E-05, 0.005881921061296270167 ) ) ;
#3655 = CARTESIAN_POINT ( 'NONE',  ( -0.02669150975354310160, 0.0008641109286782180585, 0.0003434517697163709787 ) ) ;
#3656 = CARTESIAN_POINT ( 'NONE',  ( 0.1621912153200378293, -0.02054251265073871874, -2.515732236417118371E-18 ) ) ;
#3657 = CARTESIAN_POINT ( 'NONE',  ( 0.0005059463322183279993, -0.02502282394923710171, 5.553613203507530159E-05 ) ) ;
#3658 = CARTESIAN_POINT ( 'NONE',  ( -0.000000000000000000, 0.001354221803698193571, 0.01069233274513514166 ) ) ;
#3659 = SHAPE_REPRESENTATION_RELATIONSHIP ( 'NONE' , 'NONE' ,  #5645, #2231 ) ;
#3660 = CARTESIAN_POINT ( 'NONE',  ( 0.001955066358727939810, -0.02689041011669080286, 0.02310218723325629941 ) ) ;
#3661 = PLANE ( 'NONE',  #4788 ) ;
#3662 = CARTESIAN_POINT ( 'NONE',  ( -0.001961742402361319870, -0.02402002429093630029, 3.448709277471965182E-20 ) ) ;
#3663 = CARTESIAN_POINT ( 'NONE',  ( 0.000000000000000000, 1.348122736537859942E-06, -0.0001055282045514080078 ) ) ;
#3664 = CARTESIAN_POINT ( 'NONE',  ( -0.02498049287339260127, 0.0003731262359807189523, 0.006193502139949040239 ) ) ;
#3665 = CARTESIAN_POINT ( 'NONE',  ( -0.0004150945801003209901, -0.02512165982173140272, 0.01043256331048619985 ) ) ;
#3666 = CARTESIAN_POINT ( 'NONE',  ( 0.1637415884084692519, -0.02056046466939306580, 0.04112092933878611772 ) ) ;
#3667 = CARTESIAN_POINT ( 'NONE',  ( 0.0005316927939276410277, -0.02496429480131870035, 0.007750069320433809750 ) ) ;
#3668 = ORIENTED_EDGE ( 'NONE', *, *, #834, .F. ) ;
#3669 = CARTESIAN_POINT ( 'NONE',  ( -0.04149169152544249922, 0.0001282338325591340239, -0.005986965428497960547 ) ) ;
#3670 = CARTESIAN_POINT ( 'NONE',  ( 0.02497177400072360040, -0.0004725672731184689932, 0.006908565306664419745 ) ) ;
#3671 = CARTESIAN_POINT ( 'NONE',  ( -0.002692653875897060324, 0.02570271979056710024, 0.04964456156221580541 ) ) ;
#3672 = CARTESIAN_POINT ( 'NONE',  ( 0.02409706917175220148, 0.0009878459650988250743, -0.0001899241902213865004 ) ) ;
#3673 =( REPRESENTATION_RELATIONSHIP ('NONE','NONE', #829, #4767 ) REPRESENTATION_RELATIONSHIP_WITH_TRANSFORMATION ( #2844 )SHAPE_REPRESENTATION_RELATIONSHIP( ) );
#3674 = CARTESIAN_POINT ( 'NONE',  ( -3.365276439983620283E-05, 0.02729902623735299891, 0.006178341194657890022 ) ) ;
#3675 = CARTESIAN_POINT ( 'NONE',  ( -0.02622276767918479967, 7.623902952829960876E-07, 0.02744709720616609824 ) ) ;
#3676 = CARTESIAN_POINT ( 'NONE',  ( 0.0004150945801003259775, 0.02512165982172400239, 0.01043256331049280047 ) ) ;
#3677 = ORIENTED_EDGE ( 'NONE', *, *, #3516, .T. ) ;
#3678 = CARTESIAN_POINT ( 'NONE',  ( -0.003794786700847849886, -0.02379950012124919939, 0.01568141045269819817 ) ) ;
#3679 = CARTESIAN_POINT ( 'NONE',  ( 0.04967670737730049690, 1.427063421097789912E-05, -0.01357429571607979973 ) ) ;
#3680 = CYLINDRICAL_SURFACE ( 'NONE', #3376, 0.02050000000000000086 ) ;
#3681 = CARTESIAN_POINT ( 'NONE',  ( 0.002648986363139430294, 0.02396987360534940173, 0.01294271115649029899 ) ) ;
#3682 = ORIENTED_EDGE ( 'NONE', *, *, #942, .F. ) ;
#3683 = CARTESIAN_POINT ( 'NONE',  ( 0.000000000000000000, -0.0001028943535785280093, 0.0006353410860674100222 ) ) ;
#3684 = CARTESIAN_POINT ( 'NONE',  ( 0.000000000000000000, -5.505714157152949947E-21, -1.101142831430589989E-20 ) ) ;
#3685 = DIRECTION ( 'NONE',  ( 0.000000000000000000, 0.000000000000000000, -1.000000000000000000 ) ) ;
#3686 = CARTESIAN_POINT ( 'NONE',  ( 0.000000000000000000, 0.000000000000000000, 0.000000000000000000 ) ) ;
#3687 = CARTESIAN_POINT ( 'NONE',  ( -0.02498555171214419945, -0.0002983383979788539623, 0.006081590417486060045 ) ) ;
#3688 = CARTESIAN_POINT ( 'NONE',  ( 0.08669250358634569831, -0.01509096685871386297, -1.848110425956272141E-18 ) ) ;
#3689 = CARTESIAN_POINT ( 'NONE',  ( -0.02722856494336569830, -0.0004082951273434949949, 0.008993838310790329763 ) ) ;
#3690 = CARTESIAN_POINT ( 'NONE',  ( 4.984091812437350179E-05, -0.04149169152544399802, -0.006146545716696220386 ) ) ;
#3691 =( NAMED_UNIT ( * ) SI_UNIT ( $, .STERADIAN. ) SOLID_ANGLE_UNIT ( ) );
#3692 = CARTESIAN_POINT ( 'NONE',  ( 3.460743440952370251E-05, -0.02729844559941940058, 0.006185642895679929407 ) ) ;
#3693 = VECTOR ( 'NONE', #3028, 1.000000000000000000 ) ;
#3694 = CARTESIAN_POINT ( 'NONE',  ( 0.002473925925200439781, 0.02674031484346390056, 0.02871982357387710058 ) ) ;
#3695 = CARTESIAN_POINT ( 'NONE',  ( 0.0008887940599423889854, 0.04967670737729789482, -0.007417489042003199730 ) ) ;
#3696 = LINE ( 'NONE', #5212, #811 ) ;
#3697 = CARTESIAN_POINT ( 'NONE',  ( -0.02430374439100650014, 3.229066726262500009E-05, 0.05914877598933719616 ) ) ;
#3698 = CARTESIAN_POINT ( 'NONE',  ( -2.827965636510220093E-05, -0.02730930028360860004, 0.005730053777633510245 ) ) ;
#3699 = CARTESIAN_POINT ( 'NONE',  ( 0.1637415884084692519, 0.02056046466939305192, 0.04112092933878612466 ) ) ;
#3700 = CARTESIAN_POINT ( 'NONE',  ( -0.003307732903655020030, -0.02454652360492440288, 0.03714135957439700098 ) ) ;
#3701 = ORIENTED_EDGE ( 'NONE', *, *, #4002, .F. ) ;
#3702 = CARTESIAN_POINT ( 'NONE',  ( -0.03330667567358500114, 0.0009430452711882140234, 0.05038749855470970457 ) ) ;
#3703 = CARTESIAN_POINT ( 'NONE',  ( 0.02483957201085440145, 0.001690510728178179966, 0.01738786907900619766 ) ) ;
#3704 = CARTESIAN_POINT ( 'NONE',  ( 0.001236222387108159909, 0.02640811058672069833, 0.01600888579328840072 ) ) ;
#3705 = CARTESIAN_POINT ( 'NONE',  ( -0.02349547810868200109, 0.005364003089293799785, 0.04134574866704900098 ) ) ;
#3706 = CARTESIAN_POINT ( 'NONE',  ( -3.460151092781705239E-05, 0.02729839739665199799, 0.006185642976533220483 ) ) ;
#3707 = CARTESIAN_POINT ( 'NONE',  ( -0.02394811090137519832, 0.002701478161198439792, 0.005742451886731779996 ) ) ;
#3708 = CARTESIAN_POINT ( 'NONE',  ( 0.0004143321045390500001, 0.03330667567358300274, 0.003265154529900929706 ) ) ;
#3709 = CARTESIAN_POINT ( 'NONE',  ( 0.02729834969703550177, 3.363617849357639972E-05, 0.006178816599161310145 ) ) ;
#3710 = CARTESIAN_POINT ( 'NONE',  ( -0.005371377694019340357, -0.02349379139579500092, 0.04277345695936030090 ) ) ;
#3711 = CARTESIAN_POINT ( 'NONE',  ( 0.002564703203846019700, -0.02396316746572669729, 0.005055178769997560086 ) ) ;
#3712 = CARTESIAN_POINT ( 'NONE',  ( 0.02375499797268430108, -0.004063972786256630013, 0.01852540040745329769 ) ) ;
#3713 = CARTESIAN_POINT ( 'NONE',  ( 0.001818516360074989846, 0.02404801375904509764, 0.005916859082951309891 ) ) ;
#3714 = VERTEX_POINT ( 'NONE', #6276 ) ;
#3715 = EDGE_CURVE ( 'NONE', #5563, #749, #331, .T. ) ;
#3716 = CARTESIAN_POINT ( 'NONE',  ( -0.008740922559727909782, -0.0001019819828131070054, -0.007032968109687219929 ) ) ;
#3717 = CARTESIAN_POINT ( 'NONE',  ( 0.04149169152543619871, -0.003008877065065619638, 0.03201092367927969862 ) ) ;
#3718 = FACE_OUTER_BOUND ( 'NONE', #3358, .T. ) ;
#3719 = CARTESIAN_POINT ( 'NONE',  ( -0.02669349449691599957, 0.0008950756309253870809, 0.0001221662507857999998 ) ) ;
#3720 = CARTESIAN_POINT ( 'NONE',  ( 0.002238936440581716907, -0.001080638208088324868, -1.323400122571698558E-19 ) ) ;
#3721 = CARTESIAN_POINT ( 'NONE',  ( -0.001921926111623890052, -0.02402324305330395121, -0.0003084836374187810274 ) ) ;
#3722 = CARTESIAN_POINT ( 'NONE',  ( -0.000000000000000000, 0.002863964484287767533, 0.04046037946474365793 ) ) ;
#3723 =( NAMED_UNIT ( * ) PLANE_ANGLE_UNIT ( ) SI_UNIT ( $, .RADIAN. ) );
#3724 = CARTESIAN_POINT ( 'NONE',  ( 0.0007584558504479479600, -0.02716260413780530181, 0.01180765944113739904 ) ) ;
#3725 = CARTESIAN_POINT ( 'NONE',  ( 0.002911329257143540229, 0.02630470775773910072, 0.04689722394196910171 ) ) ;
#3726 = EDGE_CURVE ( 'NONE', #6401, #4181, #1937, .T. ) ;
#3727 = CARTESIAN_POINT ( 'NONE',  ( 0.02702728172558709757, 0.001399368806205790071, 0.01745689645599349943 ) ) ;
#3728 = CARTESIAN_POINT ( 'NONE',  ( -0.008740922559727909782, 6.477195284103130335E-05, -0.007324172014421159900 ) ) ;
#3729 = CARTESIAN_POINT ( 'NONE',  ( -0.02448821056008140123, 0.003437153800171519839, 0.04275874594702129550 ) ) ;
#3730 = CARTESIAN_POINT ( 'NONE',  ( 0.002701866494875910032, 0.02394806709282299925, 0.005745509008844890304 ) ) ;
#3731 = CARTESIAN_POINT ( 'NONE',  ( -0.02366729503033580123, 0.004546800057181590339, 0.02421969413049209971 ) ) ;
#3732 = CARTESIAN_POINT ( 'NONE',  ( 0.1588327224262097992, -0.02046602387686771024, 0.04093204775373540660 ) ) ;
#3733 = CARTESIAN_POINT ( 'NONE',  ( 0.0003248225874244559759, -0.02497947837153759870, 0.006221964682298759992 ) ) ;
#3734 = ORIENTED_EDGE ( 'NONE', *, *, #1616, .T. ) ;
#3735 = EDGE_CURVE ( 'NONE', #1109, #4133, #4254, .T. ) ;
#3736 = CARTESIAN_POINT ( 'NONE',  ( -0.04967670737730099650, -0.0005601296105390069684, 0.03641852703635650029 ) ) ;
#3737 = AXIS2_PLACEMENT_3D ( 'NONE', #6131, #191, #254 ) ;
#3738 = CARTESIAN_POINT ( 'NONE',  ( 0.02448754200087720212, 0.003375950049409309935, 0.04418282992229479594 ) ) ;
#3739 = CARTESIAN_POINT ( 'NONE',  ( 0.003008311219173010094, 0.02588333909426320315, 0.03996532620354379534 ) ) ;
#3740 = CARTESIAN_POINT ( 'NONE',  ( -0.02394811090137519832, 0.002701478161198439792, 0.005742451886731779996 ) ) ;
#3741 = CARTESIAN_POINT ( 'NONE',  ( 0.02409999999999998949, 0.02409999999999998949, 0.06175378874876467222 ) ) ;
#3742 = CARTESIAN_POINT ( 'NONE',  ( 5.308059419178830164E-05, 0.02663081383448469980, 0.006156752860362009645 ) ) ;
#3743 = CARTESIAN_POINT ( 'NONE',  ( 0.002412253166350989894, 0.02512165982172430076, 0.05285809916575379824 ) ) ;
#3744 = CARTESIAN_POINT ( 'NONE',  ( 0.04221725481721219642, 3.502674945661419994E-05, -0.006888208351604140599 ) ) ;
#3745 = CARTESIAN_POINT ( 'NONE',  ( -0.005033007161330109794, -0.02356878993324350302, 0.03134894218917180092 ) ) ;
#3746 = EDGE_CURVE ( 'NONE', #2307, #749, #937, .T. ) ;
#3747 = VECTOR ( 'NONE', #631, 1.000000000000000000 ) ;
#3748 = CARTESIAN_POINT ( 'NONE',  ( 0.02353331909238770212, 0.005195638545376060104, 0.04708468042319480240 ) ) ;
#3749 = CARTESIAN_POINT ( 'NONE',  ( 0.02355296708373590120, -0.005105837373270339340, 0.03277675415659649788 ) ) ;
#3750 = CARTESIAN_POINT ( 'NONE',  ( 0.004514380777418280054, 0.02368655597304019853, 0.03709070906775700088 ) ) ;
#3751 = VERTEX_POINT ( 'NONE', #6245 ) ;
#3752 = CARTESIAN_POINT ( 'NONE',  ( -0.01748184511945230155, -0.0008641981051108719872, -0.008949102053155058925 ) ) ;
#3753 = CARTESIAN_POINT ( 'NONE',  ( 0.1262846389679519454, -0.01869886441939024729, -0.03739772883878049459 ) ) ;
#3754 = CARTESIAN_POINT ( 'NONE',  ( 0.04967670737729480007, -0.003007685733945459922, 0.02485341356265259941 ) ) ;
#3755 = DIRECTION ( 'NONE',  ( 1.000000000000000000, 0.000000000000000000, 0.000000000000000000 ) ) ;
#3756 = B_SPLINE_CURVE_WITH_KNOTS ( 'NONE', 3,
 ( #1875, #911, #2491, #2883, #3899, #3930, #3379, #3872 ),
 .UNSPECIFIED., .F., .F.,
 ( 4, 2, 2, 4 ),
 ( 0.000000000000000000, 0.4999999999999991118, 0.7499999999999995559, 1.000000000000000000 ),
 .UNSPECIFIED. ) ;
#3757 = EDGE_CURVE ( 'NONE', #4665, #2138, #865, .T. ) ;
#3758 = CARTESIAN_POINT ( 'NONE',  ( -0.02498992094091929961, -0.0002064901817115150128, 0.005401409846260270438 ) ) ;
#3759 = CARTESIAN_POINT ( 'NONE',  ( -0.02395349758143670155, -0.002653291091475649868, 0.005771300684615870112 ) ) ;
#3760 = CARTESIAN_POINT ( 'NONE',  ( -0.001916736335629594910, -0.02402365881396084993, -0.0003486887862640369981 ) ) ;
#3761 = CARTESIAN_POINT ( 'NONE',  ( -0.000000000000000000, 0.002073802712949690628, 0.04671007070005802481 ) ) ;
#3762 =( NAMED_UNIT ( * ) PLANE_ANGLE_UNIT ( ) SI_UNIT ( $, .RADIAN. ) );
#3763 = SURFACE_STYLE_USAGE ( .BOTH. , #3166 ) ;
#3764 = CARTESIAN_POINT ( 'NONE',  ( 0.000000000000000000, 0.000000000000000000, 0.000000000000000000 ) ) ;
#3765 = CARTESIAN_POINT ( 'NONE',  ( -0.02730659893060220084, 2.828339077276530199E-05, 0.005732395045064299886 ) ) ;
#3766 = CARTESIAN_POINT ( 'NONE',  ( -0.02394811090137519832, 0.002701478161198439792, 0.005742451886731779996 ) ) ;
#3767 = CARTESIAN_POINT ( 'NONE',  ( -0.02452490114125329898, -0.003338583380908129693, 0.03996684002190189350 ) ) ;
#3768 = CARTESIAN_POINT ( 'NONE',  ( -2.429715875968842102E-05, -0.02596746119180952037, 0.004723124887851534899 ) ) ;
#3769 = CARTESIAN_POINT ( 'NONE',  ( 0.02728766202494999765, 8.202823102660649062E-05, 0.006533644457101660252 ) ) ;
#3770 = CARTESIAN_POINT ( 'NONE',  ( 0.1606410331029352323, 0.02051151099262208885, 0.04102302198524419852 ) ) ;
#3771 = CARTESIAN_POINT ( 'NONE',  ( 0.002507771722098989763, -0.02471542033262169938, 0.02585956928426950269 ) ) ;
#3772 = ORIENTED_EDGE ( 'NONE', *, *, #5335, .F. ) ;
#3773 = CARTESIAN_POINT ( 'NONE',  ( -0.03330667567358470277, 0.002182490694093609882, 0.04699347880202529859 ) ) ;
#3774 = CARTESIAN_POINT ( 'NONE',  ( 0.02660384089488389975, -0.0001203824999237600093, 0.006982785442808199863 ) ) ;
#3775 = CARTESIAN_POINT ( 'NONE',  ( 0.002536231956270259928, 0.02609572218960520135, 0.03012437971062489894 ) ) ;
#3776 = CARTESIAN_POINT ( 'NONE',  ( -0.02393647225436880063, 0.002802988770867990281, 0.006573493990285870364 ) ) ;
#3777 = CARTESIAN_POINT ( 'NONE',  ( 1.427063421097940007E-05, -0.04967670737730089936, -0.01357429571607990035 ) ) ;
#3778 = CARTESIAN_POINT ( 'NONE',  ( -0.002427700509542249623, 0.02397745090982320026, 0.003948382025789880061 ) ) ;
#3779 = CARTESIAN_POINT ( 'NONE',  ( 0.002579771726724760031, 0.03330667567358320397, 0.04454780323681949844 ) ) ;
#3780 = CARTESIAN_POINT ( 'NONE',  ( -3.568014524224439650E-05, -0.02411200982339600091, 0.06044493947061629902 ) ) ;
#3781 = CARTESIAN_POINT ( 'NONE',  ( 0.02405761238484202189, 0.001664010901211972725, 0.05995252076512101735 ) ) ;
#3782 = CARTESIAN_POINT ( 'NONE',  ( 0.02392583792954849908, -0.002943062022538809989, 0.05858264636919829904 ) ) ;
#3783 = CARTESIAN_POINT ( 'NONE',  ( 3.396688768525760231E-05, 0.02410366159654260196, 0.05989501446960360242 ) ) ;
#3784 = ORIENTED_EDGE ( 'NONE', *, *, #5808, .T. ) ;
#3785 = CARTESIAN_POINT ( 'NONE',  ( -0.001742625757321577011, -0.02694909642258655480, 0.02024757091247769702 ) ) ;
#3786 = CARTESIAN_POINT ( 'NONE',  ( 0.01934902983291604539, 0.005342002697548650994, -0.01068400539509730025 ) ) ;
#3787 = CARTESIAN_POINT ( 'NONE',  ( 0.04967670737730529862, -0.002575290905111729967, 0.03023284672936920117 ) ) ;
#3788 = CARTESIAN_POINT ( 'NONE',  ( -2.689257481611469921E-05, -0.04967670737730060099, -0.01386707384036130024 ) ) ;
#3789 = CARTESIAN_POINT ( 'NONE',  ( -0.02668800048637759784, 0.0008078503536649480612, 0.0007459328304910360077 ) ) ;
#3790 = CARTESIAN_POINT ( 'NONE',  ( 0.02397587543569200050, -0.002455350631336609968, 0.003828290940435779850 ) ) ;
#3791 = FACE_OUTER_BOUND ( 'NONE', #19, .T. ) ;
#3792 = CARTESIAN_POINT ( 'NONE',  ( -0.000000000000000000, -0.002035794125194476372, 0.04685042211712760196 ) ) ;
#3793 = CARTESIAN_POINT ( 'NONE',  ( 0.000000000000000000, 0.000000000000000000, 0.000000000000000000 ) ) ;
#3794 = CARTESIAN_POINT ( 'NONE',  ( 0.000000000000000000, -0.02409999999999999296, 0.06813473812597234391 ) ) ;
#3795 = DIRECTION ( 'NONE',  ( 0.000000000000000000, 0.000000000000000000, 1.000000000000000000 ) ) ;
#3796 = CARTESIAN_POINT ( 'NONE',  ( -0.02569790285976250935, 2.194991326411280483E-05, 0.003911101897155761301 ) ) ;
#3797 = CARTESIAN_POINT ( 'NONE',  ( 0.0009852760972046540385, -0.02409717447100915080, -0.0002100787117830945044 ) ) ;
#3798 = CARTESIAN_POINT ( 'NONE',  ( -0.02497883122566299866, -0.0003556648109889040178, 0.006460788223363400119 ) ) ;
#3799 = CARTESIAN_POINT ( 'NONE',  ( -0.0005247730781380290045, -0.04967670737730149610, 0.03650194262433899967 ) ) ;
#3800 = CARTESIAN_POINT ( 'NONE',  ( -0.02357491806357000022, 0.005003833459862890021, 0.03087346064433709944 ) ) ;
#3801 = ADVANCED_FACE ( 'NONE', ( #1267 ), #4801, .T. ) ;
#3802 = CARTESIAN_POINT ( 'NONE',  ( -0.02647765843874841721, 0.003011664430757288614, 0.03950266686215710144 ) ) ;
#3803 = AXIS2_PLACEMENT_3D ( 'NONE', #1687, #3249, #4159 ) ;
#3804 = CARTESIAN_POINT ( 'NONE',  ( 0.001041174266899600040, -0.02491582652472409953, 0.01173572786028499911 ) ) ;
#3805 = CARTESIAN_POINT ( 'NONE',  ( -0.04967670737730589536, 0.002404526638431319675, 0.03138504530125089953 ) ) ;
#3806 = CARTESIAN_POINT ( 'NONE',  ( 0.02432532207629639967, -0.0009779888898027539954, 0.05871074231127419718 ) ) ;
#3807 = CARTESIAN_POINT ( 'NONE',  ( -0.002375774263185850051, 0.02613832675077079962, 0.02872806452921180045 ) ) ;
#3808 = CARTESIAN_POINT ( 'NONE',  ( -0.02394808899845260117, 0.002701672326610970055, 0.005743980448014470233 ) ) ;
#3809 = CARTESIAN_POINT ( 'NONE',  ( -0.02409999999999999296, 0.02409999999999999296, 0.06813473812597228840 ) ) ;
#3810 = CARTESIAN_POINT ( 'NONE',  ( 0.0001300137924454730144, 0.02512165982172390177, 0.008349336275537459773 ) ) ;
#3811 = CARTESIAN_POINT ( 'NONE',  ( -0.004194057209684029855, -0.02373270990310310039, 0.01994792521134659824 ) ) ;
#3812 = CARTESIAN_POINT ( 'NONE',  ( 0.02394811090137519832, -0.002701478161198450200, 0.005742451886731789537 ) ) ;
#3813 = CARTESIAN_POINT ( 'NONE',  ( 0.02350483673730980119, -0.005322878249872410594, 0.03849035683721920009 ) ) ;
#3814 = ADVANCED_FACE ( 'NONE', ( #5811 ), #1454, .T. ) ;
#3815 = CARTESIAN_POINT ( 'NONE',  ( 0.002020594367320660122, 0.02403187211181220112, 0.007520144679378060193 ) ) ;
#3816 = ORIENTED_EDGE ( 'NONE', *, *, #5350, .T. ) ;
#3817 = CARTESIAN_POINT ( 'NONE',  ( 0.002976104837967539791, -0.02643640723535327711, 0.04184581191743290407 ) ) ;
#3818 = CARTESIAN_POINT ( 'NONE',  ( 0.06122476143659144610, 0.01203583586195126377, -0.02407167172390251714 ) ) ;
#3819 = CARTESIAN_POINT ( 'NONE',  ( 0.03330667567358340520, -0.0008898952985929440207, 0.006914788174846729814 ) ) ;
#3820 = CARTESIAN_POINT ( 'NONE',  ( 0.1639999999999998959, 0.000000000000000000, 0.000000000000000000 ) ) ;
#3821 = CARTESIAN_POINT ( 'NONE',  ( 4.909192938359750085E-05, 0.03476061682374229772, -0.0006515030308086439386 ) ) ;
#3822 = CARTESIAN_POINT ( 'NONE',  ( -0.02622276767918379700, 0.0001002048453860620078, -0.02236855132341110039 ) ) ;
#3823 = CARTESIAN_POINT ( 'NONE',  ( -0.000000000000000000, -0.0005434075149672734509, 0.05019720949183274078 ) ) ;
#3824 = CARTESIAN_POINT ( 'NONE',  ( -0.1947785193312372709, 0.03369473093953263138, 0.1143176645085613313 ) ) ;
#3825 = CARTESIAN_POINT ( 'NONE',  ( -0.02397726976084690181, 0.002442990193294700043, 0.003732162450734780035 ) ) ;
#3826 = CARTESIAN_POINT ( 'NONE',  ( -0.001952226758444940147, 0.02689027995246070016, 0.02310164306092890238 ) ) ;
#3827 = CARTESIAN_POINT ( 'NONE',  ( 0.1096666310221343366, 0.01735134774780398154, 0.000000000000000000 ) ) ;
#3828 = CARTESIAN_POINT ( 'NONE',  ( 0.001377201743959430074, -0.02407763244488660137, 0.002868015049790190001 ) ) ;
#3829 = CARTESIAN_POINT ( 'NONE',  ( -0.02489755316579239999, -0.001210472037396370052, 0.01314738905990479878 ) ) ;
#3830 = CARTESIAN_POINT ( 'NONE',  ( -0.0009323122743887720396, -0.04967670737730119773, 0.03606377774801369784 ) ) ;
#3831 = CARTESIAN_POINT ( 'NONE',  ( 0.02381145009066980289, -0.003737061806548630256, 0.05689200931953299761 ) ) ;
#3832 = CARTESIAN_POINT ( 'NONE',  ( -0.0004841167427435629812, -0.02489265543948770282, 0.05819666925903310001 ) ) ;
#3833 = CARTESIAN_POINT ( 'NONE',  ( -0.03330667567358450154, -0.0008391588756988869980, 0.006973700652038260402 ) ) ;
#3834 = CARTESIAN_POINT ( 'NONE',  ( 0.02451076498479119736, 0.003366327098606410051, 0.04137526776663810052 ) ) ;
#3835 = ADVANCED_FACE ( 'NONE', ( #3791 ), #3651, .T. ) ;
#3836 = CARTESIAN_POINT ( 'NONE',  ( 0.003031675076888589847, 0.02643382603621819912, 0.04136164100145389710 ) ) ;
#3837 = CARTESIAN_POINT ( 'NONE',  ( -9.260469400848179641E-05, -0.02730408990675759970, 0.006173173452817339729 ) ) ;
#3838 = CARTESIAN_POINT ( 'NONE',  ( -0.003458336811073930029, 0.02385073184262730128, 0.01286577907426969883 ) ) ;
#3839 = PRODUCT_DEFINITION_CONTEXT ( 'detailed design', #6036, 'design' ) ;
#3840 = CARTESIAN_POINT ( 'NONE',  ( -0.001699575188418199923, 0.02512165982172400239, 0.05578068244287970323 ) ) ;
#3841 = CARTESIAN_POINT ( 'NONE',  ( -0.002164188253018240089, -0.02401916703497180075, 0.008697398713743750148 ) ) ;
#3842 = CARTESIAN_POINT ( 'NONE',  ( 0.002203303667547870052, -0.02399911114538540169, 0.002137259500155830241 ) ) ;
#3843 = CARTESIAN_POINT ( 'NONE',  ( 0.02353635634187319775, 0.005181792585195619562, 0.03563765442669360184 ) ) ;
#3844 = AXIS2_PLACEMENT_3D ( 'NONE', #4624, #2709, #1798 ) ;
#3845 = CARTESIAN_POINT ( 'NONE',  ( -0.003568129921380129924, 0.02384439020761789860, 0.05491530456008419936 ) ) ;
#3846 = CARTESIAN_POINT ( 'NONE',  ( -0.04967670737730060099, 2.689257481611159907E-05, -0.01386707384036130024 ) ) ;
#3847 = CARTESIAN_POINT ( 'NONE',  ( 0.1186122119539707587, 0.01810906441835612168, -0.03621812883671223643 ) ) ;
#3848 = CARTESIAN_POINT ( 'NONE',  ( 0.02512165982172490097, -0.003011271797270840319, 0.04632593202651919678 ) ) ;
#3849 = DIRECTION ( 'NONE',  ( 1.000000000000000000, 0.000000000000000000, 0.000000000000000000 ) ) ;
#3850 = CARTESIAN_POINT ( 'NONE',  ( 0.02399212372141610108, 0.002278131210121990199, 0.002740966859489730317 ) ) ;
#3851 = CARTESIAN_POINT ( 'NONE',  ( 0.0002490004840277407747, -0.02468085427746239541, 2.580671162267440269E-19 ) ) ;
#3852 = CARTESIAN_POINT ( 'NONE',  ( -0.000000000000000000, -0.001219850996852788871, 0.04925116673699901637 ) ) ;
#3853 =( LENGTH_UNIT ( ) NAMED_UNIT ( * ) SI_UNIT ( $, .METRE. ) );
#3854 = CARTESIAN_POINT ( 'NONE',  ( -0.02502297777466215220, -0.0005116653165574020510, 1.538270500437215161E-05 ) ) ;
#3855 = CARTESIAN_POINT ( 'NONE',  ( -0.001087841722958919925, 0.02709507611378110178, 0.01463076436894270027 ) ) ;
#3856 = CARTESIAN_POINT ( 'NONE',  ( 0.1378007682912846255, 0.01947862412482722141, 0.000000000000000000 ) ) ;
#3857 = CARTESIAN_POINT ( 'NONE',  ( 0.0001383574515782659954, -0.02499300151697430097, 0.004897772603872640150 ) ) ;
#3858 = CARTESIAN_POINT ( 'NONE',  ( -0.02570271174471279799, -0.002692667796501400142, 0.04964456087539739770 ) ) ;
#3859 = CARTESIAN_POINT ( 'NONE',  ( 6.762427836813720422E-05, -0.04149169152544509437, 0.04379003240612579922 ) ) ;
#3860 = CARTESIAN_POINT ( 'NONE',  ( 0.004757833222510060231, 0.02362575890986979774, 0.02706997216774599882 ) ) ;
#3861 = B_SPLINE_CURVE_WITH_KNOTS ( 'NONE', 3,
 ( #5720, #4130, #5096, #1172 ),
 .UNSPECIFIED., .F., .F.,
 ( 4, 4 ),
 ( -0.04592556792791029768, -0.04592166956555149976 ),
 .UNSPECIFIED. ) ;
#3862 = CARTESIAN_POINT ( 'NONE',  ( -0.002209927100119250115, -0.02619019582666719942, 0.02589032787236320021 ) ) ;
#3863 = VECTOR ( 'NONE', #2338, 1.000000000000000000 ) ;
#3864 = CARTESIAN_POINT ( 'NONE',  ( -0.02512165982172790205, -0.001873703726606539910, 0.02318394777448050045 ) ) ;
#3865 = CARTESIAN_POINT ( 'NONE',  ( 0.02580012662251019925, -0.003022361038806300072, 0.04414250874127820246 ) ) ;
#3866 = CARTESIAN_POINT ( 'NONE',  ( 9.185096367411269989E-05, 0.02730263252102770044, 0.006169254464327169479 ) ) ;
#3867 = CARTESIAN_POINT ( 'NONE',  ( -0.02352018519111390149, -0.005254676635319309973, 0.04565834106941079468 ) ) ;
#3868 = CARTESIAN_POINT ( 'NONE',  ( -0.02054999999999999882, 2.516649172247810738E-18, 0.000000000000000000 ) ) ;
#3869 = CARTESIAN_POINT ( 'NONE',  ( -0.001449443473609510029, 0.04967670737730119773, 0.03496845202896579907 ) ) ;
#3870 = CARTESIAN_POINT ( 'NONE',  ( 0.004923654789755409905, -0.02359177961812320215, 0.03040766199669140205 ) ) ;
#3871 = VERTEX_POINT ( 'NONE', #4753 ) ;
#3872 = CARTESIAN_POINT ( 'NONE',  ( -0.02730408992750714761, 9.260469586438950366E-05, 0.006173173446767019762 ) ) ;
#3873 = CARTESIAN_POINT ( 'NONE',  ( 0.02404644998062849953, -0.001839114597966379954, 0.006078799214363489814 ) ) ;
#3874 = CARTESIAN_POINT ( 'NONE',  ( -0.003438525132594229868, 0.02386836751405950127, 0.02148526779354360122 ) ) ;
#3875 = CARTESIAN_POINT ( 'NONE',  ( 0.02729261692604510736, -0.0001045074369443201972, 0.006267547174674020088 ) ) ;
#3876 = CARTESIAN_POINT ( 'NONE',  ( 0.03838076630220227381, 0.008708065292970721544, 0.000000000000000000 ) ) ;
#3877 = CARTESIAN_POINT ( 'NONE',  ( 0.03330667567358390480, -0.001512998203191619987, 0.04928693742896200075 ) ) ;
#3878 = CARTESIAN_POINT ( 'NONE',  ( 3.348511806106455999E-06, -8.298471112651622093E-06, 1.659694222530323741E-05 ) ) ;
#3879 = CARTESIAN_POINT ( 'NONE',  ( 4.849583008288550052E-05, 0.04221866210052149793, -0.007184927122913570621 ) ) ;
#3880 = CARTESIAN_POINT ( 'NONE',  ( -0.008740922559727909782, 6.477195284103130335E-05, -0.007324172014421159900 ) ) ;
#3881 = CARTESIAN_POINT ( 'NONE',  ( 0.000000000000000000, -0.002539406146329714099, 0.02359819397057074525 ) ) ;
#3882 = CARTESIAN_POINT ( 'NONE',  ( -0.02404863888088860230, 0.001810315968549280116, 0.005872943412309239962 ) ) ;
#3883 = CARTESIAN_POINT ( 'NONE',  ( -0.002691903779024359608, 0.02664883709476140172, 0.03295495364219140633 ) ) ;
#3884 = CARTESIAN_POINT ( 'NONE',  ( -0.001868412592618000096, 0.04967670737731640085, 0.001598896181240010020 ) ) ;
#3885 = CARTESIAN_POINT ( 'NONE',  ( 3.411972015216369492E-05, -0.02729863878364219981, 0.006182001394073760071 ) ) ;
#3886 = CARTESIAN_POINT ( 'NONE',  ( -0.02589288282225959970, 0.003001370521690589765, 0.03950016617096419741 ) ) ;
#3887 = CARTESIAN_POINT ( 'NONE',  ( -0.002182490694093609882, -0.03330667567358790160, 0.04699347880202270344 ) ) ;
#3888 = CARTESIAN_POINT ( 'NONE',  ( 0.002701672326610970055, 0.02394808899845260117, 0.005743980448014470233 ) ) ;
#3889 = CARTESIAN_POINT ( 'NONE',  ( -0.001751331297304589869, 0.02405296333024179931, 0.005810199186948530707 ) ) ;
#3890 = CARTESIAN_POINT ( 'NONE',  ( -0.0001007298204090140029, -0.02660702290963000080, 0.006840578050493169478 ) ) ;
#3891 = CONTEXT_DEPENDENT_SHAPE_REPRESENTATION ( #6251, #4876 ) ;
#3892 = CARTESIAN_POINT ( 'NONE',  ( -0.04967670737729990016, -0.002281293988873630326, 0.03187117607420240223 ) ) ;
#3893 = CARTESIAN_POINT ( 'NONE',  ( 0.02520014627251289732, 0.001091087596392379842, 0.05722004367010560116 ) ) ;
#3894 = CARTESIAN_POINT ( 'NONE',  ( 9.458518435779190742E-05, 0.02730225811938430044, 0.006188451948401000290 ) ) ;
#3895 = CARTESIAN_POINT ( 'NONE',  ( -0.02387962629283419888, 0.003363059622780789886, 0.02003294975403410033 ) ) ;
#3896 = CARTESIAN_POINT ( 'NONE',  ( -0.002653291091475649868, 0.02395349758143670155, 0.005771300684615960318 ) ) ;
#3897 = CARTESIAN_POINT ( 'NONE',  ( -0.002932823928908760008, 0.03330667567358330111, 0.03920667310099519576 ) ) ;
#3898 = CARTESIAN_POINT ( 'NONE',  ( 0.005030449864187169946, -0.02356921854987630016, 0.03230699369788540137 ) ) ;
#3899 = CARTESIAN_POINT ( 'NONE',  ( -0.02574185490610113314, 0.0002803618567457333527, 0.006120301709660365928 ) ) ;
#3900 = CARTESIAN_POINT ( 'NONE',  ( 0.02386097823501399928, -0.003489143805290249954, 0.02145290342135409978 ) ) ;
#3901 = PRODUCT_DEFINITION_SHAPE ( 'NONE', 'NONE',  #1694 ) ;
#3902 = CARTESIAN_POINT ( 'NONE',  ( -0.003310365647278620035, 0.02388664849037019922, 0.02006689747763010234 ) ) ;
#3903 = CARTESIAN_POINT ( 'NONE',  ( 0.02402509061074175126, 0.001898695966499669950, -0.0003178911560645015415 ) ) ;
#3904 = CARTESIAN_POINT ( 'NONE',  ( -0.002557168176090163138, -0.02619354719627738429, 0.05095104706867920052 ) ) ;
#3905 = CARTESIAN_POINT ( 'NONE',  ( -0.02730790884454479747, 2.811706715486765034E-05, 0.005732431055142869943 ) ) ;
#3906 = CARTESIAN_POINT ( 'NONE',  ( 0.02512165982172529996, -0.0005481116969203280852, 0.05799276350477940156 ) ) ;
#3907 = CARTESIAN_POINT ( 'NONE',  ( 0.004923654789755409905, -0.02359177961812320215, 0.03040766199669140205 ) ) ;
#3908 = CARTESIAN_POINT ( 'NONE',  ( 0.02395360497292620128, 0.002652321443635689835, 0.005763435695634110123 ) ) ;
#3909 = CARTESIAN_POINT ( 'NONE',  ( 0.02729982896176980089, 3.331159113581039986E-05, 0.006175217704935669939 ) ) ;
#3910 = CARTESIAN_POINT ( 'NONE',  ( -0.000000000000000000, -0.001088832351788318609, 0.04948979835986494491 ) ) ;
#3911 = CARTESIAN_POINT ( 'NONE',  ( -0.02630478564222761551, 0.002911318000612763725, 0.04689736607455740475 ) ) ;
#3912 = DIRECTION ( 'NONE',  ( -1.342732636073899964E-13, 1.000000000000000000, 4.509449604984449986E-15 ) ) ;
#3913 = CARTESIAN_POINT ( 'NONE',  ( -0.0004083469229540320181, 0.02722875197103009903, 0.008994053555118980414 ) ) ;
#3914 = CARTESIAN_POINT ( 'NONE',  ( 0.1186122119539707587, 0.01810906441835612168, 0.000000000000000000 ) ) ;
#3915 = CARTESIAN_POINT ( 'NONE',  ( -0.0002179276677452209900, -0.02664350883150340063, 0.004971735913154320084 ) ) ;
#3916 = CARTESIAN_POINT ( 'NONE',  ( -0.02643865894143549930, 0.001079518910606280064, 0.01459841265977209965 ) ) ;
#3917 = CARTESIAN_POINT ( 'NONE',  ( -0.002760735975640759860, -0.04967670737730259939, 0.01133832123019509926 ) ) ;
#3918 = CARTESIAN_POINT ( 'NONE',  ( 0.02350483673730980119, -0.005322878249872410594, 0.03849035683721920009 ) ) ;
#3919 = CARTESIAN_POINT ( 'NONE',  ( -0.002630055287146279910, 0.02395606139947220256, 0.005583422209151429894 ) ) ;
#3920 = CARTESIAN_POINT ( 'NONE',  ( 0.001181272186554850048, -0.02641615868974910020, 0.01603973944300809973 ) ) ;
#3921 = ADVANCED_FACE ( 'NONE', ( #318 ), #2658, .T. ) ;
#3922 = CARTESIAN_POINT ( 'NONE',  ( -0.04967670737730039976, -4.931329513803289630E-05, -0.01332476220755379921 ) ) ;
#3923 = CARTESIAN_POINT ( 'NONE',  ( 0.02595434722706979960, 0.002867522126374969903, 0.03716950427483119851 ) ) ;
#3924 = CARTESIAN_POINT ( 'NONE',  ( 0.002366861700305080037, 0.02677533830203429957, 0.02730853773158069958 ) ) ;
#3925 = CARTESIAN_POINT ( 'NONE',  ( -0.02405845359824090174, -0.001654429932568559931, 0.05996194464989319795 ) ) ;
#3926 = CARTESIAN_POINT ( 'NONE',  ( -0.002667842388990850078, 0.02395188575719540275, 0.005889346204993090375 ) ) ;
#3927 = CARTESIAN_POINT ( 'NONE',  ( -0.0009311845415903869522, 0.03330667567358300274, 0.05030058685989879930 ) ) ;
#3928 = CARTESIAN_POINT ( 'NONE',  ( 0.005302434348972760378, -0.02350945344927200115, 0.04375201446887670015 ) ) ;
#3929 = EDGE_LOOP ( 'NONE', ( #5519, #4216, #213, #559 ) ) ;
#3930 = CARTESIAN_POINT ( 'NONE',  ( -0.02650607918629510618, 7.287254816786877941E-05, 0.006163032937418022258 ) ) ;
#3931 = CARTESIAN_POINT ( 'NONE',  ( 0.02377060391323489869, -0.004054561430116889950, 0.02855762095444199997 ) ) ;
#3932 = CARTESIAN_POINT ( 'NONE',  ( -0.003679901838558890040, 0.02383201404256929737, 0.02432055086970729904 ) ) ;
#3933 = CARTESIAN_POINT ( 'NONE',  ( 0.02659560931234457651, -2.762451508790837311E-05, 0.005748044198108645704 ) ) ;
#3934 = CARTESIAN_POINT ( 'NONE',  ( -0.002950605145203435021, -0.02653319380107126493, 0.03717011674584969755 ) ) ;
#3935 = CARTESIAN_POINT ( 'NONE',  ( 0.1429219362925316372, 0.01977994956041832092, 0.000000000000000000 ) ) ;
#3936 = EDGE_LOOP ( 'NONE', ( #1134, #2238, #2109, #5628 ) ) ;
#3937 = CARTESIAN_POINT ( 'NONE',  ( 0.04149169152544269351, -0.0009377117721684779562, 0.04322565457049520193 ) ) ;
#3938 = CARTESIAN_POINT ( 'NONE',  ( -0.001868412592618000096, 0.04967670737731640085, 0.001598896181240010020 ) ) ;
#3939 = ORIENTED_EDGE ( 'NONE', *, *, #1762, .F. ) ;
#3940 = CARTESIAN_POINT ( 'NONE',  ( -0.0007887297607402249952, 0.02739632953868839996, 8.308717986192939943E-05 ) ) ;
#3941 = CARTESIAN_POINT ( 'NONE',  ( 0.04967670737730119773, -0.0009323122743887770269, 0.03606377774801369784 ) ) ;
#3942 = CARTESIAN_POINT ( 'NONE',  ( -0.02613790760721122763, -0.002239122263253761746, 0.05269999696580879994 ) ) ;
#3943 = LINE ( 'NONE', #595, #70 ) ;
#3944 = COLOUR_RGB ( '',0.7921568627450980005, 0.8196078431372548767, 0.9333333333333333481 ) ;
#3945 = CARTESIAN_POINT ( 'NONE',  ( -0.002196807228615510043, 0.02682132158834309860, 0.02591897403998890195 ) ) ;
#3946 = CARTESIAN_POINT ( 'NONE',  ( -0.001208486282665689835, 0.04967670737730119773, 0.03548552656566000135 ) ) ;
#3947 = CARTESIAN_POINT ( 'NONE',  ( -0.0008135431883318770168, -0.02738045525122780044, 9.781384623711559894E-05 ) ) ;
#3948 = CARTESIAN_POINT ( 'NONE',  ( -0.02583980602798109996, -0.002974749737622530386, 0.04277614394171050383 ) ) ;
#3949 = CARTESIAN_POINT ( 'NONE',  ( 0.002983378745826560305, -0.04149169152544339434, 0.02927686816869089909 ) ) ;
#3950 = CARTESIAN_POINT ( 'NONE',  ( 0.02394516186962549961, -0.002727511030088179949, 0.005953624323111389449 ) ) ;
#3951 = CARTESIAN_POINT ( 'NONE',  ( -0.0003054157717488360227, 0.02498293155237410121, 0.006112665690341239667 ) ) ;
#3952 = CARTESIAN_POINT ( 'NONE',  ( 0.002901976769717470005, -0.02593462452000890039, 0.03810673955361110199 ) ) ;
#3953 = CARTESIAN_POINT ( 'NONE',  ( -0.04967670737729639602, -0.002728655842888149871, 0.01158843768467090161 ) ) ;
#3954 = CARTESIAN_POINT ( 'NONE',  ( 0.02644624247913359913, 0.001024428541434440005, 0.01462694803345129975 ) ) ;
#3955 = CARTESIAN_POINT ( 'NONE',  ( 0.001520611362175719808, 0.02586645815734910092, 0.05585393066975229831 ) ) ;
#3956 = CARTESIAN_POINT ( 'NONE',  ( -0.02355373044828040080, -0.005102449041631859639, 0.03373308993875529654 ) ) ;
#3957 = CARTESIAN_POINT ( 'NONE',  ( 0.02729902623735299891, 3.365276439985199830E-05, 0.006178341194657949870 ) ) ;
#3958 = CARTESIAN_POINT ( 'NONE',  ( 0.001504424157930740183, 0.04967670737730169733, 0.03496762915002270267 ) ) ;
#3959 = CARTESIAN_POINT ( 'NONE',  ( -0.001931736884546340124, -0.02403918335680239882, 0.006810440302969489844 ) ) ;
#3960 = ORIENTED_EDGE ( 'NONE', *, *, #1910, .F. ) ;
#3961 = CARTESIAN_POINT ( 'NONE',  ( 0.02729839739665199799, 3.460151092782065059E-05, 0.006185642976533210075 ) ) ;
#3962 = CARTESIAN_POINT ( 'NONE',  ( 0.02404443377864290063, -0.001865301732128980036, 0.006284922734187479987 ) ) ;
#3963 = CARTESIAN_POINT ( 'NONE',  ( -0.001971018957127839821, 0.02403598643750920125, 0.007544925779583729238 ) ) ;
#3964 = CARTESIAN_POINT ( 'NONE',  ( 0.02406313874883349996, 0.001607442126490799981, 0.004678709653018519980 ) ) ;
#3965 = CARTESIAN_POINT ( 'NONE',  ( 0.02692469957096980601, 0.001821417418224161554, 0.02169180175452399897 ) ) ;
#3966 = CARTESIAN_POINT ( 'NONE',  ( 0.1621912153200378293, -0.02054251265073871874, -2.515732236417118371E-18 ) ) ;
#3967 = VERTEX_POINT ( 'NONE', #3909 ) ;
#3968 = CARTESIAN_POINT ( 'NONE',  ( 0.02512165982172560180, 0.002795932762882159892, 0.04902433484312720274 ) ) ;
#3969 = CARTESIAN_POINT ( 'NONE',  ( -3.583149667194940048E-05, 0.04967670737730060099, -0.01342094156759589957 ) ) ;
#3970 = CARTESIAN_POINT ( 'NONE',  ( 0.000000000000000000, 0.001854772029091270166, 0.04767170336179180068 ) ) ;
#3971 = CARTESIAN_POINT ( 'NONE',  ( -3.583149667194940048E-05, 0.04967670737730060099, -0.01342094156759589957 ) ) ;
#3972 = CARTESIAN_POINT ( 'NONE',  ( -0.02641509133800740497, -0.002971108075983110944, 0.04277518945129139827 ) ) ;
#3973 = CARTESIAN_POINT ( 'NONE',  ( -7.036748766144389959E-05, -0.03476061682374229772, -0.0005046225958583720099 ) ) ;
#3974 = DIRECTION ( 'NONE',  ( -1.000000000000000000, -1.342120312674329949E-13, 4.509449604984449986E-15 ) ) ;
#3975 = CARTESIAN_POINT ( 'NONE',  ( -0.02408994335403519954, -0.001146752748402860098, 0.001057395718153910074 ) ) ;
#3976 = CARTESIAN_POINT ( 'NONE',  ( -0.02373059416857449880, -0.004210923149029640287, 0.05509550498182599898 ) ) ;
#3977 = CARTESIAN_POINT ( 'NONE',  ( -0.02575887875439120123, -0.002876866895442010096, 0.04692701682817070064 ) ) ;
#3978 = CARTESIAN_POINT ( 'NONE',  ( 0.002931302408958389935, -0.02512165982173130210, 0.04639421753841140028 ) ) ;
#3979 = CARTESIAN_POINT ( 'NONE',  ( 0.02373277107103720016, -0.004191776534085800247, 0.01994818945776979935 ) ) ;
#3980 = EDGE_CURVE ( 'NONE', #580, #977, #1915, .T. ) ;
#3981 =( NAMED_UNIT ( * ) PLANE_ANGLE_UNIT ( ) SI_UNIT ( $, .RADIAN. ) );
#3982 = CARTESIAN_POINT ( 'NONE',  ( -9.185096367410219668E-05, -0.02730263252102770044, 0.006169254464327169479 ) ) ;
#3983 = CARTESIAN_POINT ( 'NONE',  ( -0.04967670737730149610, 0.0005247730781380139341, 0.03650194262433899967 ) ) ;
#3984 = CARTESIAN_POINT ( 'NONE',  ( 0.02554226563332349931, 0.001994373235556520275, 0.05440660818634099338 ) ) ;
#3985 = CARTESIAN_POINT ( 'NONE',  ( -0.001685155795854510145, 0.02695908385935019691, 0.02028111706542999951 ) ) ;
#3986 = EDGE_CURVE ( 'NONE', #6283, #5529, #3062, .T. ) ;
#3987 = CARTESIAN_POINT ( 'NONE',  ( -0.02361600836256160310, -0.004806903134415760163, 0.02851021048056959911 ) ) ;
#3988 = CARTESIAN_POINT ( 'NONE',  ( 0.005350070565409969885, 0.02349865707600259923, 0.03991806086854179925 ) ) ;
#3989 = CARTESIAN_POINT ( 'NONE',  ( 0.03838076630220227381, 0.008708065292970721544, 2.132860857560550727E-18 ) ) ;
#3990 = CARTESIAN_POINT ( 'NONE',  ( -0.001095248237038679972, -0.02491130488356430028, 0.01171200433372809879 ) ) ;
#3991 = ORIENTED_EDGE ( 'NONE', *, *, #3309, .T. ) ;
#3992 = CARTESIAN_POINT ( 'NONE',  ( -1.151866342497669995E-05, -0.02494384536677880099, 6.768648141974860017E-15 ) ) ;
#3993 = B_SPLINE_CURVE_WITH_KNOTS ( 'NONE', 3,
 ( #2171, #6083, #4640, #4096 ),
 .UNSPECIFIED., .F., .F.,
 ( 4, 4 ),
 ( 0.000000000000000000, 1.000003042433185829 ),
 .UNSPECIFIED. ) ;
#3994 = CARTESIAN_POINT ( 'NONE',  ( 0.02361600734668959853, 0.004806908244286030134, 0.02851020692969170184 ) ) ;
#3995 = CARTESIAN_POINT ( 'NONE',  ( 0.001755951120033539918, 0.02439023273638190117, 0.05740288000087810649 ) ) ;
#3996 = CARTESIAN_POINT ( 'NONE',  ( 0.02635729334936167192, -2.667251919534099458E-05, 0.005481045393846414177 ) ) ;
#3997 = CARTESIAN_POINT ( 'NONE',  ( 0.02640178569905541825, -0.003030615749774771307, 0.04275286217817119566 ) ) ;
#3998 = CARTESIAN_POINT ( 'NONE',  ( 0.1512480240308354262, -0.02019165774830738308, -2.472764903094349043E-18 ) ) ;
#3999 = ORIENTED_EDGE ( 'NONE', *, *, #68, .T. ) ;
#4000 = CARTESIAN_POINT ( 'NONE',  ( 0.04967670737730569414, -0.002176480008668880018, 0.03267743721554609848 ) ) ;
#4001 = B_SPLINE_CURVE_WITH_KNOTS ( 'NONE', 3,
 ( #1679, #4603, #5520, #3146, #5551, #6142, #3014, #4997, #3638 ),
 .UNSPECIFIED., .F., .F.,
 ( 4, 2, 1, 1, 1, 4 ),
 ( 0.001211342269137900135, 0.001211915471532789852, 0.008831778982210412160, 0.01645164249288800021, 0.03169136951424329773, 0.04621920512432299566 ),
 .UNSPECIFIED. ) ;
#4002 = EDGE_CURVE ( 'NONE', #4450, #4195, #4960, .T. ) ;
#4003 = CARTESIAN_POINT ( 'NONE',  ( 0.002667842388990809745, -0.02395188575719540275, 0.005889346204992690521 ) ) ;
#4004 = VERTEX_POINT ( 'NONE', #1430 ) ;
#4005 = CARTESIAN_POINT ( 'NONE',  ( -0.008740922559727859475, -0.001184864599395600094, 0.04178220725480849551 ) ) ;
#4006 = CARTESIAN_POINT ( 'NONE',  ( 0.04967670737730160019, -0.0005247730781380299803, 0.03650194262433909681 ) ) ;
#4007 = B_SPLINE_SURFACE_WITH_KNOTS ( 'NONE', 3, 3, ( 
 ( #561, #4488, #1082, #3971 ),
 ( #4071, #5039, #1564, #2534 ),
 ( #120, #465, #6229, #5956 ),
 ( #3556, #1534, #4942, #3522 ),
 ( #55, #593, #983, #1464 ),
 ( #2045, #5434, #1597, #5500 ) ),
 .UNSPECIFIED., .F., .F., .F.,
 ( 4, 2, 4 ),
 ( 4, 4 ),
 ( 0.000000000000000000, 0.01556923179892660131, 1.000085847075720125 ),
 ( 0.1466058062959700037, 1.000000000000000000 ),
 .UNSPECIFIED. ) ;
#4008 = CARTESIAN_POINT ( 'NONE',  ( -0.02663589366652290361, 0.002750175173328506164, 0.03294954937802419687 ) ) ;
#4009 = CARTESIAN_POINT ( 'NONE',  ( -0.02498570205088219975, 0.0003534639244526109657, 0.006098871440341989934 ) ) ;
#4010 = CARTESIAN_POINT ( 'NONE',  ( 2.195063760280776215E-05, 0.02569790162944891182, 0.003911102985332714360 ) ) ;
#4011 = CARTESIAN_POINT ( 'NONE',  ( 0.1566420320640504182, 0.02039840714278208164, 0.000000000000000000 ) ) ;
#4012 = CARTESIAN_POINT ( 'NONE',  ( -0.03475780225712390287, -3.454756741844729732E-05, -0.0003531595144271659835 ) ) ;
#4013 = CARTESIAN_POINT ( 'NONE',  ( -0.02641618765970669969, -0.001181257938209749917, 0.01603976941989210259 ) ) ;
#4014 = CARTESIAN_POINT ( 'NONE',  ( 0.001699575188418189949, -0.02512165982173149986, 0.05578068244287310434 ) ) ;
#4015 = ADVANCED_BREP_SHAPE_REPRESENTATION ( '', ( #5121, #5181 ), #1140 ) ;
#4016 = CARTESIAN_POINT ( 'NONE',  ( 3.525092537794370222E-05, 0.02410505835706729799, 0.06038544799635899712 ) ) ;
#4017 = CARTESIAN_POINT ( 'NONE',  ( 6.382106693990279652E-05, 0.02731351349694029901, 0.005474268057733339826 ) ) ;
#4018 = CARTESIAN_POINT ( 'NONE',  ( -3.207393922850270058E-05, -0.02661618863049159886, 0.006294947054108700549 ) ) ;
#4019 = CARTESIAN_POINT ( 'NONE',  ( -0.04967670737727229724, 0.001923791876105660024, 0.001599139545538199973 ) ) ;
#4020 = CARTESIAN_POINT ( 'NONE',  ( 0.02670539815853520058, -0.002573813170109099865, 0.03013059952709910144 ) ) ;
#4021 = CARTESIAN_POINT ( 'NONE',  ( -0.002516097977181120000, 0.02671784667825020249, 0.03014133022834160000 ) ) ;
#4022 = CARTESIAN_POINT ( 'NONE',  ( -0.02368434694060229939, -0.004519784425596549970, 0.04562935027354150103 ) ) ;
#4023 = CARTESIAN_POINT ( 'NONE',  ( 0.005166156863783909724, 0.02353984007271069795, 0.04849086613480770025 ) ) ;
#4024 = CARTESIAN_POINT ( 'NONE',  ( 0.01210347882708783310, 0.003797319272488451462, 9.300749784787076219E-19 ) ) ;
#4025 = CARTESIAN_POINT ( 'NONE',  ( 0.003981723478847350173, -0.02378305458164479969, 0.02825714449235190023 ) ) ;
#4026 = ORIENTED_EDGE ( 'NONE', *, *, #3757, .F. ) ;
#4027 = CARTESIAN_POINT ( 'NONE',  ( -0.04149169152544039674, 0.0008893904224653030773, -0.0002513642722234230172 ) ) ;
#4028 = ADVANCED_FACE ( 'NONE', ( #496 ), #2442, .F. ) ;
#4029 = CARTESIAN_POINT ( 'NONE',  ( 0.02392305603057600163, 0.003042148858906630008, 0.01722822579399779785 ) ) ;
#4030 = CARTESIAN_POINT ( 'NONE',  ( -0.003018134197313390027, 0.02446096883821630152, 0.05123128192792630181 ) ) ;
#4031 = FACE_OUTER_BOUND ( 'NONE', #3450, .T. ) ;
#4032 = CARTESIAN_POINT ( 'NONE',  ( 0.02694912039870580797, -0.001740086547135591020, 0.02024778399014470071 ) ) ;
#4033 = CARTESIAN_POINT ( 'NONE',  ( 0.002455350631334619806, 0.02397587543569219826, 0.003828290940420329969 ) ) ;
#4034 = ORIENTED_EDGE ( 'NONE', *, *, #532, .F. ) ;
#4035 = CARTESIAN_POINT ( 'NONE',  ( 0.02512165982172520282, 5.093142188675520350E-05, 0.008210196460317909992 ) ) ;
#4036 = CARTESIAN_POINT ( 'NONE',  ( -0.002816728197275479920, -0.02393484660814490170, 0.006687905373967920064 ) ) ;
#4037 = EDGE_LOOP ( 'NONE', ( #1046, #6350 ) ) ;
#4038 = CARTESIAN_POINT ( 'NONE',  ( 0.000000000000000000, 0.001060896489928680065, 0.04958501747820560218 ) ) ;
#4039 = DIRECTION ( 'NONE',  ( -4.114164378956350012E-05, 0.7521500358548259824, -0.6589918981830880096 ) ) ;
#4040 = CARTESIAN_POINT ( 'NONE',  ( -0.02729839739665314985, -3.460151092796910497E-05, 0.006185642976533210075 ) ) ;
#4041 = DIRECTION ( 'NONE',  ( 0.000000000000000000, 0.000000000000000000, 1.000000000000000000 ) ) ;
#4042 = LINE ( 'NONE', #5991, #2190 ) ;
#4043 = CARTESIAN_POINT ( 'NONE',  ( -0.02405551168311579821, -0.001716100214744489903, 0.005533766602130550140 ) ) ;
#4044 = CARTESIAN_POINT ( 'NONE',  ( -0.0004708161702598780141, -0.02735187849815750097, 0.002553834801974549755 ) ) ;
#4045 = CARTESIAN_POINT ( 'NONE',  ( -0.02656418661095380149, -0.0003322408060964229868, 0.008992898846147429071 ) ) ;
#4046 = CARTESIAN_POINT ( 'NONE',  ( 0.002562257007863930069, -0.02512165982173180170, 0.05150874381173589645 ) ) ;
#4047 = CARTESIAN_POINT ( 'NONE',  ( 0.005052472833777199752, 0.02356455887036480040, 0.04991728283253620002 ) ) ;
#4048 = CIRCLE ( 'NONE', #2281, 0.02409999999999999989 ) ;
#4049 = CARTESIAN_POINT ( 'NONE',  ( -0.002707538651909269841, -0.02623422648502480095, 0.04961661754112280109 ) ) ;
#4050 = CARTESIAN_POINT ( 'NONE',  ( -0.04967670737730549985, 0.002176480008668860069, 0.03267743721554609848 ) ) ;
#4051 = CARTESIAN_POINT ( 'NONE',  ( 0.02691438784512190097, -0.001876614543766280023, 0.02165980441420629898 ) ) ;
#4052 = CARTESIAN_POINT ( 'NONE',  ( -3.460743440938500594E-05, 0.02729844559941960180, 0.006185642895680269412 ) ) ;
#4053 = CARTESIAN_POINT ( 'NONE',  ( -0.02367781895505779999, -0.004557239153197160074, 0.04136835115193519818 ) ) ;
#4054 = CARTESIAN_POINT ( 'NONE',  ( 0.005283720202651900032, 0.02351367670702919979, 0.03706228802642999587 ) ) ;
#4055 = CARTESIAN_POINT ( 'NONE',  ( 0.01934902983291604539, -0.005342002697548650994, -6.542066504589481445E-19 ) ) ;
#4056 = CARTESIAN_POINT ( 'NONE',  ( 0.003074955190345120184, -0.02391148925309000139, 0.05664725258179160311 ) ) ;
#4057 = ORIENTED_EDGE ( 'NONE', *, *, #294, .T. ) ;
#4058 = CARTESIAN_POINT ( 'NONE',  ( -0.04967670737730060099, 8.991404271426989921E-05, -0.01342090596433279971 ) ) ;
#4059 = CARTESIAN_POINT ( 'NONE',  ( 0.02384434916401899709, 0.003567857221855869846, 0.05491509711401749982 ) ) ;
#4060 = B_SPLINE_SURFACE_WITH_KNOTS ( 'NONE', 3, 3, ( 
 ( #3663, #5674, #1737, #1222 ),
 ( #640, #768, #5147, #5642 ),
 ( #2617, #4597, #164, #2126 ),
 ( #1643, #3728, #3201, #5179 ) ),
 .UNSPECIFIED., .F., .F., .F.,
 ( 4, 4 ),
 ( 4, 4 ),
 ( 0.000000000000000000, 1.000000000000000000 ),
 ( 0.000000000000000000, 1.000000000000000000 ),
 .UNSPECIFIED. ) ;
#4061 = CARTESIAN_POINT ( 'NONE',  ( 0.003413122653004270219, 0.02446852989591890085, 0.04555367704091940056 ) ) ;
#4062 = CARTESIAN_POINT ( 'NONE',  ( 0.02498488302475609935, 0.0002924052432919619650, 0.006028612721114029634 ) ) ;
#4063 = CARTESIAN_POINT ( 'NONE',  ( 0.02603739897330932876, 0.001893666788354935598, 0.05435616394519159761 ) ) ;
#4064 = CARTESIAN_POINT ( 'NONE',  ( -0.02622276767918039694, -0.0008619077297025189762, -0.01663065415376229969 ) ) ;
#4065 = EDGE_LOOP ( 'NONE', ( #3701, #3734, #2622, #1003, #1042, #3221, #5944 ) ) ;
#4066 = CARTESIAN_POINT ( 'NONE',  ( 0.03330667567358370357, 3.735075217872410461E-05, 0.0009387196546787199497 ) ) ;
#4067 = CARTESIAN_POINT ( 'NONE',  ( -0.005371377694019340357, -0.02349379139579500092, 0.04277345695936030090 ) ) ;
#4068 = ORIENTED_EDGE ( 'NONE', *, *, #4891, .F. ) ;
#4069 = EDGE_CURVE ( 'NONE', #2138, #2040, #1468, .T. ) ;
#4070 = CARTESIAN_POINT ( 'NONE',  ( -0.02622276767918499743, -0.001764074684180639901, 0.02507603582780200055 ) ) ;
#4071 = CARTESIAN_POINT ( 'NONE',  ( -3.406834207255990036E-05, 0.02729834969703550177, 0.006181889013820500607 ) ) ;
#4072 = CARTESIAN_POINT ( 'NONE',  ( -0.02727370304740429560, -0.0001446789021519107380, 0.006998927649520850572 ) ) ;
#4073 = CARTESIAN_POINT ( 'NONE',  ( -2.827826925055649810E-05, -0.02730257154696320160, 0.005735961721542260326 ) ) ;
#4074 = CARTESIAN_POINT ( 'NONE',  ( 2.811210189676371948E-05, 0.02677683804156240008, 0.005861190401051982919 ) ) ;
#4075 = CARTESIAN_POINT ( 'NONE',  ( -0.02405220115619769936, -0.001761836528680289999, 0.005888612706965500564 ) ) ;
#4076 = CARTESIAN_POINT ( 'NONE',  ( 0.02409999999999998949, 0.000000000000000000, 0.06813473812597234391 ) ) ;
#4077 = CARTESIAN_POINT ( 'NONE',  ( -0.02644721463838929990, -0.002972572859510989873, 0.04137950082117590467 ) ) ;
#4078 = CARTESIAN_POINT ( 'NONE',  ( 0.0001633642120505900217, -0.04149169152544369965, -0.005329641824943309389 ) ) ;
#4079 = CARTESIAN_POINT ( 'NONE',  ( 0.005283720202651900032, 0.02351367670702919979, 0.03706228802642999587 ) ) ;
#4080 = CARTESIAN_POINT ( 'NONE',  ( 0.0008359662860869549600, 0.02668970576742960010, 0.0005445840716261210251 ) ) ;
#4081 = CARTESIAN_POINT ( 'NONE',  ( -9.458513709756989933E-05, -0.02730225798897340309, 0.006188451801076639246 ) ) ;
#4082 = CARTESIAN_POINT ( 'NONE',  ( -0.04967670737730139896, 0.001263013066965930093, 0.03548486484308169958 ) ) ;
#4083 = CARTESIAN_POINT ( 'NONE',  ( 0.02643382612638729701, -0.003031675329183250271, 0.04136164122576130309 ) ) ;
#4084 = CARTESIAN_POINT ( 'NONE',  ( -0.0007584735211078950760, 0.02716266680785249868, 0.01180773130497910113 ) ) ;
#4085 = CARTESIAN_POINT ( 'NONE',  ( -0.02395830943498249849, -0.002750349953938570086, 0.01438806914483669978 ) ) ;
#4086 = CARTESIAN_POINT ( 'NONE',  ( 0.002902307127748260124, 0.02392472068953600123, 0.007400197571468729828 ) ) ;
#4087 = CARTESIAN_POINT ( 'NONE',  ( 0.09945114647226292737, 0.01639538578179807957, 0.03279077156359617301 ) ) ;
#4088 = CARTESIAN_POINT ( 'NONE',  ( -0.0007398027883179090136, -0.02494756722270840069, 0.008897755852925579370 ) ) ;
#4089 = ORIENTED_EDGE ( 'NONE', *, *, #1910, .T. ) ;
#4090 = CARTESIAN_POINT ( 'NONE',  ( 0.1639999999999998959, 0.000000000000000000, 0.000000000000000000 ) ) ;
#4091 = CARTESIAN_POINT ( 'NONE',  ( 0.02485347060519060153, -0.001587677346068959959, 0.01594290015341070024 ) ) ;
#4092 = CARTESIAN_POINT ( 'NONE',  ( 0.003214568061013669924, 0.02445345162134839739, 0.04970803712140989955 ) ) ;
#4093 = CARTESIAN_POINT ( 'NONE',  ( 0.02501668047350150137, -0.0005250689787633839884, 3.145501694114154672E-05 ) ) ;
#4094 = FILL_AREA_STYLE ('',( #6115 ) ) ;
#4095 = CARTESIAN_POINT ( 'NONE',  ( 0.02667075697771500650, -0.002666170969909664561, 0.03154074109408439713 ) ) ;
#4096 = CARTESIAN_POINT ( 'NONE',  ( -0.02730408992750714761, 9.260469586438950366E-05, 0.006173173446767019762 ) ) ;
#4097 = CARTESIAN_POINT ( 'NONE',  ( -0.02731199422730399770, 2.827763675642380026E-05, 0.005727706139979640669 ) ) ;
#4098 = CARTESIAN_POINT ( 'NONE',  ( 0.04149169152543789874, 0.002729454860782369943, 0.01878155754559280091 ) ) ;
#4099 = CARTESIAN_POINT ( 'NONE',  ( 0.001235702025192870123, -0.02407809293727570035, 0.06013299898263550075 ) ) ;
#4100 = VERTEX_POINT ( 'NONE', #3846 ) ;
#4101 = CARTESIAN_POINT ( 'NONE',  ( -0.01748184511944900210, 0.002688804814810110376, 0.01044543504950389869 ) ) ;
#4102 = CARTESIAN_POINT ( 'NONE',  ( 0.04967670737730119773, 0.001449443473609510029, 0.03496845202896579907 ) ) ;
#4103 = CARTESIAN_POINT ( 'NONE',  ( 0.02663293325692750110, -6.859172403306560134E-06, 0.006175853502980759718 ) ) ;
#4104 = CARTESIAN_POINT ( 'NONE',  ( 0.0001860759479822949409, -0.0001673536066665146809, -2.049490587299123433E-20 ) ) ;
#4105 = DIRECTION ( 'NONE',  ( -1.000000000000000000, -0.000000000000000000, -0.000000000000000000 ) ) ;
#4106 = EDGE_CURVE ( 'NONE', #1202, #1629, #3179, .T. ) ;
#4107 = SHAPE_REPRESENTATION ( 'bodytube', ( #5181 ), #5296 ) ;
#4108 = CARTESIAN_POINT ( 'NONE',  ( 9.295366289648820609E-05, 0.02345393969811690113, 0.009544381645201820141 ) ) ;
#4109 = CARTESIAN_POINT ( 'NONE',  ( 0.006914616367353527970, -0.002506122140752170720, -3.069114457944458555E-19 ) ) ;
#4110 = CARTESIAN_POINT ( 'NONE',  ( -0.02558913577819520169, 0.001008343268562120112, 0.05708145934687190032 ) ) ;
#4111 = CARTESIAN_POINT ( 'NONE',  ( 0.000000000000000000, 0.0002972056312999477403, 0.001971584624975497319 ) ) ;
#4112 = CARTESIAN_POINT ( 'NONE',  ( 0.0008832205086637830681, 0.02408853759541410011, 0.06024594700925380020 ) ) ;
#4113 = CARTESIAN_POINT ( 'NONE',  ( 0.0008978956905812919206, 0.02669367525417529891, 0.0001020130337649789997 ) ) ;
#4114 = CARTESIAN_POINT ( 'NONE',  ( -0.002984139172151689841, -0.02633734421734690301, 0.04552449086031219727 ) ) ;
#4115 = CARTESIAN_POINT ( 'NONE',  ( -0.04967670737730119773, -0.002802146681435900046, 0.02746641082889179908 ) ) ;
#4116 = PRODUCT ( 'rocketmodel2', 'rocketmodel2', '', ( #5340 ) ) ;
#4117 = CARTESIAN_POINT ( 'NONE',  ( 0.02587353113954760087, 0.001455894591145479901, 0.05586346877092960433 ) ) ;
#4118 = CARTESIAN_POINT ( 'NONE',  ( 0.002642501196818419860, -0.02395469091473189857, 0.005684040048399080329 ) ) ;
#4119 = CARTESIAN_POINT ( 'NONE',  ( -0.02388666934568100045, -0.003310370564539419965, 0.02006690268940479818 ) ) ;
#4120 = CARTESIAN_POINT ( 'NONE',  ( -0.005111414558066830482, 0.02355178980587949861, 0.04850831447267309887 ) ) ;
#4121 = CARTESIAN_POINT ( 'NONE',  ( 0.0007737221445894071955, -0.0004862275238850545783, -5.954569807831753078E-20 ) ) ;
#4122 = CARTESIAN_POINT ( 'NONE',  ( 0.001762892432863270029, -0.02405212563442680335, 0.005896235985678100443 ) ) ;
#4123 = VERTEX_POINT ( 'NONE', #4247 ) ;
#4124 = CARTESIAN_POINT ( 'NONE',  ( -0.02512165982172680223, 0.0001300137924454669970, 0.008349336275534861157 ) ) ;
#4125 = CARTESIAN_POINT ( 'NONE',  ( 0.02367782063885209842, 0.004557241144938970617, 0.04136835054801489553 ) ) ;
#4126 = CARTESIAN_POINT ( 'NONE',  ( -0.0002681933058233160107, 0.02486843054541660117, 0.05826854071377809974 ) ) ;
#4127 = CARTESIAN_POINT ( 'NONE',  ( 0.02730487945156789831, 3.113963007966680078E-05, 0.006155385451130460442 ) ) ;
#4128 = B_SPLINE_CURVE_WITH_KNOTS ( 'NONE', 3,
 ( #1345, #795, #4812, #2317, #5241, #3293, #6351, #4270 ),
 .UNSPECIFIED., .F., .F.,
 ( 4, 2, 2, 4 ),
 ( 0.000000000000000000, 0.0005473068192805151822, 0.001094613638561030364, 0.002189227277122065066 ),
 .UNSPECIFIED. ) ;
#4129 = CARTESIAN_POINT ( 'NONE',  ( -0.02730590147202769866, -9.778185334643450471E-06, 0.006002974516528340396 ) ) ;
#4130 = CARTESIAN_POINT ( 'NONE',  ( 0.02730659888670910335, -2.828282342434549788E-05, 0.005732408086644030093 ) ) ;
#4131 = CARTESIAN_POINT ( 'NONE',  ( 0.03330667567358350234, 0.0008391588756989189820, 0.006973700652039190213 ) ) ;
#4132 = CARTESIAN_POINT ( 'NONE',  ( -0.002707594991698460130, -0.02394742030817680056, 0.005791292511717859894 ) ) ;
#4133 = VERTEX_POINT ( 'NONE', #804 ) ;
#4134 = CARTESIAN_POINT ( 'NONE',  ( 0.000000000000000000, -0.003055995385388359832, 0.03878237943893250023 ) ) ;
#4135 = CARTESIAN_POINT ( 'NONE',  ( 0.04967670737730029568, 0.0003586059067325040347, -0.01106837121146690001 ) ) ;
#4136 = PLANE ( 'NONE',  #172 ) ;
#4137 = CARTESIAN_POINT ( 'NONE',  ( -3.460151092781705239E-05, 0.02729839739665199799, 0.006185642976533220483 ) ) ;
#4138 = CARTESIAN_POINT ( 'NONE',  ( -0.02737339148506399977, 0.0007235892736814579897, 0.0007420526790609690117 ) ) ;
#4139 = CARTESIAN_POINT ( 'NONE',  ( 0.07394948935830365777, -0.01364000912233499264, -1.670419351200824693E-18 ) ) ;
#4140 = CARTESIAN_POINT ( 'NONE',  ( -0.02647656517152429875, -0.0008572613310006329396, 0.01321572774465460016 ) ) ;
#4141 = CARTESIAN_POINT ( 'NONE',  ( -0.000000000000000000, 0.001375120981183275545, 0.01088323570052087720 ) ) ;
#4142 = SHAPE_REPRESENTATION_RELATIONSHIP ( 'NONE' , 'NONE' ,  #3272, #4015 ) ;
#4143 = CARTESIAN_POINT ( 'NONE',  ( 0.001244890667683000050, -0.02706132626042430031, 0.01604391690396880094 ) ) ;
#4144 = CARTESIAN_POINT ( 'NONE',  ( 0.1639999999999998959, 0.000000000000000000, 0.000000000000000000 ) ) ;
#4145 = CARTESIAN_POINT ( 'NONE',  ( -0.02665122336352435811, 2.779947452084885606E-05, 0.005792310829275392446 ) ) ;
#4146 = CARTESIAN_POINT ( 'NONE',  ( 0.002128447546869549969, -0.02400586582984060025, 0.001533552523338580029 ) ) ;
#4147 = CARTESIAN_POINT ( 'NONE',  ( -0.02368321655843070098, 0.004524366690639689687, 0.04701949071480429621 ) ) ;
#4148 = CARTESIAN_POINT ( 'NONE',  ( -2.841662251024644560E-05, -0.02719243303645832097, 0.005820754396371500758 ) ) ;
#4149 = CARTESIAN_POINT ( 'NONE',  ( 0.1512480240308354262, -0.02019165774830738655, 0.04038331549661475922 ) ) ;
#4150 = CARTESIAN_POINT ( 'NONE',  ( 0.003205012691897100082, -0.02456863949136030290, 0.03620422614752970281 ) ) ;
#4151 = ORIENTED_EDGE ( 'NONE', *, *, #6406, .F. ) ;
#4152 = CARTESIAN_POINT ( 'NONE',  ( -0.001961742402361319870, -0.02402002429093630029, 3.448709277471965182E-20 ) ) ;
#4153 = CARTESIAN_POINT ( 'NONE',  ( 0.02464395206081150189, -0.002894552564196220014, 0.03007875534714539792 ) ) ;
#4154 = CARTESIAN_POINT ( 'NONE',  ( 3.105163033107530393E-05, 0.02483937763509120114, 0.05835111692286940044 ) ) ;
#4155 = CARTESIAN_POINT ( 'NONE',  ( 0.02738045525122780044, -0.0008135431883318789683, 9.781384623711649341E-05 ) ) ;
#4156 = CARTESIAN_POINT ( 'NONE',  ( -0.02729902624416840132, -3.365276917904289631E-05, 0.006178341222624680364 ) ) ;
#4157 = CARTESIAN_POINT ( 'NONE',  ( -0.02729982333128520150, -3.331026232109700498E-05, 0.006175213203199569727 ) ) ;
#4158 = CARTESIAN_POINT ( 'NONE',  ( 0.002185477076020909959, 0.02512165982172430076, 0.05415152050172680059 ) ) ;
#4159 = DIRECTION ( 'NONE',  ( 0.000000000000000000, 0.000000000000000000, -1.000000000000000000 ) ) ;
#4160 = CARTESIAN_POINT ( 'NONE',  ( 0.02512165982172520282, 8.644873561279620459E-05, 0.008464356759894981277 ) ) ;
#4161 = CARTESIAN_POINT ( 'NONE',  ( 0.04221725481721219642, -6.793143845418469783E-06, -0.007185384979938799765 ) ) ;
#4162 = CARTESIAN_POINT ( 'NONE',  ( -0.005319489274218399885, -0.02350564157206510088, 0.04563181465094529737 ) ) ;
#4163 = CARTESIAN_POINT ( 'NONE',  ( -0.002403424320455360089, 0.02398931856863319861, 0.05825123122113480545 ) ) ;
#4164 = VERTEX_POINT ( 'NONE', #2358 ) ;
#4165 = CARTESIAN_POINT ( 'NONE',  ( 0.000000000000000000, -0.0001926280056767640172, 0.001283028080315359908 ) ) ;
#4166 = CARTESIAN_POINT ( 'NONE',  ( 0.0003076671304868352792, -0.0002431335355522660862, -2.977527060794618720E-20 ) ) ;
#4167 = CARTESIAN_POINT ( 'NONE',  ( 0.02737080095008749894, 0.0004883675134286139365, 0.002153697595024739973 ) ) ;
#4168 = AXIS2_PLACEMENT_3D ( 'NONE', #3559, #1019, #596 ) ;
#4169 = CARTESIAN_POINT ( 'NONE',  ( 0.03476061682374229772, -7.036748766144600023E-05, -0.0005046225958583710341 ) ) ;
#4170 = CARTESIAN_POINT ( 'NONE',  ( -0.02498619045792320123, -0.0002782410947826759922, 0.005929512910303399997 ) ) ;
#4171 = CARTESIAN_POINT ( 'NONE',  ( -0.04221725481721219642, 2.735994021828630092E-05, -0.007331533897108309834 ) ) ;
#4172 = CARTESIAN_POINT ( 'NONE',  ( -0.02725694560667749761, -0.0002554532256643260338, 0.007822793905807598827 ) ) ;
#4173 = CARTESIAN_POINT ( 'NONE',  ( -0.000000000000000000, 0.002948625429094269522, 0.03873501748382771059 ) ) ;
#4174 = CARTESIAN_POINT ( 'NONE',  ( -0.02729982896176980089, -3.331159113590849983E-05, 0.006175217704936349951 ) ) ;
#4175 = CARTESIAN_POINT ( 'NONE',  ( 0.000000000000000000, 1.348122736537840037E-06, -0.0001055282045514080078 ) ) ;
#4176 = CARTESIAN_POINT ( 'NONE',  ( 0.001762932965939369980, -0.02405212209754799962, 0.005896404036842359947 ) ) ;
#4177 = CARTESIAN_POINT ( 'NONE',  ( -0.02447733928998830147, 0.003434408158040119959, 0.04415752734784619826 ) ) ;
#4178 = CARTESIAN_POINT ( 'NONE',  ( -2.118033097491204211E-05, -0.02562242303895495912, 0.003636493184446230181 ) ) ;
#4179 = CARTESIAN_POINT ( 'NONE',  ( 0.1474045838693498756, -0.02001452565399520350, -2.451072477861781130E-18 ) ) ;
#4180 = CARTESIAN_POINT ( 'NONE',  ( -0.002177329876105570019, -0.02442509447743410056, 0.05620010493394769768 ) ) ;
#4181 = VERTEX_POINT ( 'NONE', #261 ) ;
#4182 = CARTESIAN_POINT ( 'NONE',  ( -0.02512165982172809980, 0.002819890817771340038, 0.04958601377069690036 ) ) ;
#4183 = EDGE_CURVE ( 'NONE', #2277, #6141, #2632, .T. ) ;
#4184 = CARTESIAN_POINT ( 'NONE',  ( 0.02430375787347599861, -3.342240871963649733E-05, 0.05914840039653559978 ) ) ;
#4185 = CARTESIAN_POINT ( 'NONE',  ( 0.0003873179394668580184, 0.02656003130579829771, 0.008969435258430769400 ) ) ;
#4186 = CARTESIAN_POINT ( 'NONE',  ( 0.02665758568353270019, -0.0003863234651023449780, 0.003764420821167820033 ) ) ;
#4187 = CARTESIAN_POINT ( 'NONE',  ( -0.02729864526323479840, -3.411192540162080359E-05, 0.006181940286381529953 ) ) ;
#4188 = CARTESIAN_POINT ( 'NONE',  ( -4.814936518586009713E-05, -0.02662509485685770824, 0.006186775697869217536 ) ) ;
#4189 = CARTESIAN_POINT ( 'NONE',  ( 0.003043567689573849905, 0.03330667567358270437, 0.03570685531309469862 ) ) ;
#4190 = CARTESIAN_POINT ( 'NONE',  ( -0.02622276767918369986, -6.300000000001080127E-05, -0.02263439935737400141 ) ) ;
#4191 = LINE ( 'NONE', #2337, #2953 ) ;
#4192 = CARTESIAN_POINT ( 'NONE',  ( 0.02374861051685429880, 0.004101946677917070114, 0.01950793638577820108 ) ) ;
#4193 = CARTESIAN_POINT ( 'NONE',  ( 0.02366039954485840008, 0.004585860149077780265, 0.05323446873446600197 ) ) ;
#4194 = CARTESIAN_POINT ( 'NONE',  ( 0.004459270421196359462, 0.02369717059001099843, 0.03566879777063809709 ) ) ;
#4195 = VERTEX_POINT ( 'NONE', #5286 ) ;
#4196 = CARTESIAN_POINT ( 'NONE',  ( 0.000000000000000000, -6.156564818772120040E-05, 0.0003405266876401209634 ) ) ;
#4197 = CARTESIAN_POINT ( 'NONE',  ( 0.0001860759479822949409, 0.0001673536066665146809, 0.000000000000000000 ) ) ;
#4198 = PRODUCT_RELATED_PRODUCT_CATEGORY ( 'part', '', ( #5619 ) ) ;
#4199 = CARTESIAN_POINT ( 'NONE',  ( 0.03330667567358370357, -9.181157997498040071E-05, 0.0009155855476402570458 ) ) ;
#4200 = EDGE_CURVE ( 'NONE', #6254, #5336, #6217, .T. ) ;
#4201 = CARTESIAN_POINT ( 'NONE',  ( -0.02666408603346270140, 0.0004705657634836909737, 0.003160583394615339766 ) ) ;
#4202 = CARTESIAN_POINT ( 'NONE',  ( -0.04221725481721230050, -1.377365459315869996E-05, -0.007039236048034549359 ) ) ;
#4203 = CARTESIAN_POINT ( 'NONE',  ( 0.0005116653165572470100, -0.02502297777466215220, 1.538270500544140196E-05 ) ) ;
#4204 = CIRCLE ( 'NONE', #2536, 0.01899999999999999953 ) ;
#4205 = CARTESIAN_POINT ( 'NONE',  ( -0.000000000000000000, 0.001286440915896821732, 0.01007799688873896489 ) ) ;
#4206 = CARTESIAN_POINT ( 'NONE',  ( 0.000000000000000000, 0.000000000000000000, 0.01150000000000001021 ) ) ;
#4207 = AXIS2_PLACEMENT_3D ( 'NONE', #1752, #2788, #371 ) ;
#4208 = CARTESIAN_POINT ( 'NONE',  ( 9.458518435779190742E-05, 0.02730225811938430044, 0.006188451948401000290 ) ) ;
#4209 = CARTESIAN_POINT ( 'NONE',  ( 0.02709500883261969917, 0.001090363444204820072, 0.01463065107276790081 ) ) ;
#4210 = CARTESIAN_POINT ( 'NONE',  ( 0.001898695966499669950, -0.02402509061074175126, -0.0003178911560645005115 ) ) ;
#4211 = CARTESIAN_POINT ( 'NONE',  ( -0.02487851224069720021, -0.001374828739153699866, 0.01456004886457660033 ) ) ;
#4212 = CARTESIAN_POINT ( 'NONE',  ( -9.394354683881170494E-05, -0.04967670737729969893, -0.01339680408724269918 ) ) ;
#4213 = CARTESIAN_POINT ( 'NONE',  ( -0.02394742031861540194, 0.002707594904137220187, 0.005791292549968230646 ) ) ;
#4214 = CARTESIAN_POINT ( 'NONE',  ( 0.1512480240308354262, -0.02019165774830738308, -2.472764903094349043E-18 ) ) ;
#4215 = CARTESIAN_POINT ( 'NONE',  ( 0.002997766640524129628, -0.02461924463164219881, 0.03244063956290599987 ) ) ;
#4216 = ORIENTED_EDGE ( 'NONE', *, *, #346, .T. ) ;
#4217 = CARTESIAN_POINT ( 'NONE',  ( -0.04967670737729469599, 0.003007685733945449948, 0.02485341356265259941 ) ) ;
#4218 = CARTESIAN_POINT ( 'NONE',  ( 0.02447170433597200059, 0.003312048664795070284, 0.04696731563008469529 ) ) ;
#4219 = CARTESIAN_POINT ( 'NONE',  ( 0.0005679575238264789484, 0.02652995673517819994, 0.01037512761555249921 ) ) ;
#4220 = CARTESIAN_POINT ( 'NONE',  ( 2.811596773668859935E-05, 0.02730791774704624877, 0.005732431120066770400 ) ) ;
#4221 = CARTESIAN_POINT ( 'NONE',  ( 0.02054999999999999882, 0.000000000000000000, 0.07343700320369959955 ) ) ;
#4222 = PRODUCT_DEFINITION_CONTEXT ( 'detailed design', #2581, 'design' ) ;
#4223 = CARTESIAN_POINT ( 'NONE',  ( 4.867866867064580118E-05, 0.02662529841422379973, 0.006183142363047049866 ) ) ;
#4224 = CARTESIAN_POINT ( 'NONE',  ( 0.002995456139939109853, 0.04149169152543489419, 0.02570336298603890027 ) ) ;
#4225 = CARTESIAN_POINT ( 'NONE',  ( 0.03475780225712379878, 3.454756741844299439E-05, -0.0003531595144271419684 ) ) ;
#4226 = CARTESIAN_POINT ( 'NONE',  ( -0.003040533750160549775, -0.02390761723029470251, 0.008581744198243340671 ) ) ;
#4227 = ADVANCED_FACE ( 'NONE', ( #5964 ), #1668, .T. ) ;
#4228 = CARTESIAN_POINT ( 'NONE',  ( 0.02373059668927030019, 0.004210962300538009795, 0.05509551586109950189 ) ) ;
#4229 = CARTESIAN_POINT ( 'NONE',  ( 0.02353802070967759771, -0.005174264771903259660, 0.03420495610390000135 ) ) ;
#4230 = CARTESIAN_POINT ( 'NONE',  ( 0.003360726406238340354, 0.02387957152672919720, 0.02003320363934510059 ) ) ;
#4231 = ORIENTED_EDGE ( 'NONE', *, *, #4743, .T. ) ;
#4232 = CARTESIAN_POINT ( 'NONE',  ( -0.01748184511945670080, -0.002594737151460850110, 0.02841624274608539960 ) ) ;
#4233 = CARTESIAN_POINT ( 'NONE',  ( 3.348511806106455999E-06, -8.298471112651620399E-06, -1.016269608592558159E-21 ) ) ;
#4234 = CARTESIAN_POINT ( 'NONE',  ( 0.04967670737730049690, -0.0001273564404354439938, -0.01315511989376190113 ) ) ;
#4235 = PRESENTATION_STYLE_ASSIGNMENT (( #3225 ) ) ;
#4236 = CARTESIAN_POINT ( 'NONE',  ( -0.02736643945686360185, 0.0006393116403279720068, 0.001345930437978820051 ) ) ;
#4237 = CARTESIAN_POINT ( 'NONE',  ( 0.02400144028553990311, 0.002178361158252210134, 0.001936023713558950032 ) ) ;
#4238 = CARTESIAN_POINT ( 'NONE',  ( -0.02702726478659600237, -0.001396815944704959912, 0.01745680497123679870 ) ) ;
#4239 = CARTESIAN_POINT ( 'NONE',  ( -0.000000000000000000, 0.002076733319918419324, 0.04669716574524872266 ) ) ;
#4240 = DIRECTION ( 'NONE',  ( 0.000000000000000000, -1.000000000000000000, 1.000000000000000078E-15 ) ) ;
#4241 = CARTESIAN_POINT ( 'NONE',  ( 0.000000000000000000, -0.02054999999999999882, 0.07343700320369959955 ) ) ;
#4242 = CARTESIAN_POINT ( 'NONE',  ( 0.002824038484974260039, 0.02627104289372189996, 0.04826392538489940320 ) ) ;
#4243 = CARTESIAN_POINT ( 'NONE',  ( 0.02648015049551909889, 0.002957817946543949729, 0.03998019366136079666 ) ) ;
#4244 = CARTESIAN_POINT ( 'NONE',  ( 0.001751331660062950112, -0.02405296356307669997, 0.005810198392738490092 ) ) ;
#4245 = CARTESIAN_POINT ( 'NONE',  ( -0.02455708625870660008, -0.003244873053278220058, 0.03714534128081590364 ) ) ;
#4246 = CARTESIAN_POINT ( 'NONE',  ( -2.844348465475587790E-05, -0.02706126736515872613, 0.005877936461007763486 ) ) ;
#4247 = CARTESIAN_POINT ( 'NONE',  ( 0.02402193843888615274, 0.001938162438590935056, 0.000000000000000000 ) ) ;
#4248 = CARTESIAN_POINT ( 'NONE',  ( 0.1474045838693498756, -0.02001452565399520697, 0.04002905130799040007 ) ) ;
#4249 = CARTESIAN_POINT ( 'NONE',  ( 0.002114281128118929935, -0.02443146821823670087, 0.05621066013152749979 ) ) ;
#4250 = ORIENTED_EDGE ( 'NONE', *, *, #1412, .T. ) ;
#4251 = CARTESIAN_POINT ( 'NONE',  ( -0.03330667567358500114, 0.001272756497479159967, 0.04980580446314829962 ) ) ;
#4252 = CARTESIAN_POINT ( 'NONE',  ( 0.02446097401039069863, 0.003018083431917940179, 0.05123125942256639975 ) ) ;
#4253 = CARTESIAN_POINT ( 'NONE',  ( 0.002719430836391869936, 0.02603321682237660223, 0.03294378991183349870 ) ) ;
#4254 = LINE ( 'NONE', #779, #5580 ) ;
#4255 = CARTESIAN_POINT ( 'NONE',  ( 1.377365459315480022E-05, -0.04221725481721250173, -0.007039236048034659514 ) ) ;
#4256 = CARTESIAN_POINT ( 'NONE',  ( -0.001762391213365420038, 0.02405216124763630281, 0.005892492652039079890 ) ) ;
#4257 = CARTESIAN_POINT ( 'NONE',  ( 9.620890453888370679E-05, 0.02512165982172380116, 0.008107995930074491167 ) ) ;
#4258 = CARTESIAN_POINT ( 'NONE',  ( -0.005052460130337230529, -0.02356456244599329855, 0.04991734104227280033 ) ) ;
#4259 = COLOUR_RGB ( '',0.7921568627450980005, 0.8196078431372548767, 0.9333333333333333481 ) ;
#4260 = CARTESIAN_POINT ( 'NONE',  ( 0.02355178803288410228, 0.005111405959406389692, 0.04850830650622910134 ) ) ;
#4261 = CARTESIAN_POINT ( 'NONE',  ( 0.02386525953564819919, -0.003356687521671850374, 0.01141967577752809986 ) ) ;
#4262 = CARTESIAN_POINT ( 'NONE',  ( 0.003089975418529120228, 0.02391646116760660218, 0.01719517755452979954 ) ) ;
#4263 = VERTEX_POINT ( 'NONE', #1579 ) ;
#4264 = CARTESIAN_POINT ( 'NONE',  ( -0.001299720217928835870, -0.02705233684418765355, 0.01601318215162559830 ) ) ;
#4265 = CARTESIAN_POINT ( 'NONE',  ( 0.01934902983291604539, 0.005342002697548650994, 0.000000000000000000 ) ) ;
#4266 = CARTESIAN_POINT ( 'NONE',  ( 0.02512165982172520282, -0.0002176085172533969824, 0.008980559352770589587 ) ) ;
#4267 = CARTESIAN_POINT ( 'NONE',  ( 0.04221866210052149793, -6.963718720483461229E-05, -0.007037125592767009934 ) ) ;
#4268 = EDGE_CURVE ( 'NONE', #3967, #4733, #2328, .T. ) ;
#4269 = LINE ( 'NONE', #6259, #3401 ) ;
#4270 = CARTESIAN_POINT ( 'NONE',  ( 1.151866342497820089E-05, 0.02494384536677880099, 6.769550198182370292E-15 ) ) ;
#4271 = CARTESIAN_POINT ( 'NONE',  ( -0.02658050829677159957, -0.002831780653204709827, 0.03576782385551960375 ) ) ;
#4272 = CARTESIAN_POINT ( 'NONE',  ( -0.000000000000000000, 0.001326754643455538502, 0.04904604438755320178 ) ) ;
#4273 =( NAMED_UNIT ( * ) SI_UNIT ( $, .STERADIAN. ) SOLID_ANGLE_UNIT ( ) );
#4274 = LINE ( 'NONE', #5246, #379 ) ;
#4275 = CYLINDRICAL_SURFACE ( 'NONE', #534, 0.02409999999999999989 ) ;
#4276 = CYLINDRICAL_SURFACE ( 'NONE', #5863, 0.02054999999999999882 ) ;
#4277 = CARTESIAN_POINT ( 'NONE',  ( -2.589694874686819837E-05, -0.02500038487123620173, 0.003691030115251170245 ) ) ;
#4278 = CARTESIAN_POINT ( 'NONE',  ( -0.02497250540978560029, -0.0004210411996017980173, 0.006926457319706589774 ) ) ;
#4279 = CARTESIAN_POINT ( 'NONE',  ( 0.02409999999999999989, 0.000000000000000000, 0.000000000000000000 ) ) ;
#4280 = CARTESIAN_POINT ( 'NONE',  ( -0.02394659914704489953, 0.002714850363699419962, 0.005850319659836239992 ) ) ;
#4281 = CARTESIAN_POINT ( 'NONE',  ( -0.02648014869426061624, -0.002957817987210238642, 0.03998019144172829803 ) ) ;
#4282 = CARTESIAN_POINT ( 'NONE',  ( 0.0006870236925577599858, -0.02495036710008309913, 0.008921335499220549303 ) ) ;
#4283 = ITEM_DEFINED_TRANSFORMATION ( 'NONE', 'NONE', #5389,  #5181 ) ;
#4284 = CARTESIAN_POINT ( 'NONE',  ( -0.04149169152544320005, -0.001444593689469999848, 0.04214666528241540339 ) ) ;
#4285 = CARTESIAN_POINT ( 'NONE',  ( 0.02653000507044199832, -0.0005679615663382799485, 0.01037519391676730053 ) ) ;
#4286 = CARTESIAN_POINT ( 'NONE',  ( 0.002825183361471080273, 0.02660150675605859813, 0.03435768894410030222 ) ) ;
#4287 = CARTESIAN_POINT ( 'NONE',  ( -0.02353303745295729985, 0.005197079264617109756, 0.03468105324525420224 ) ) ;
#4288 = CARTESIAN_POINT ( 'NONE',  ( 3.550597480249869666E-05, -0.04967670737730060099, -0.01342325687985180052 ) ) ;
#4289 = CARTESIAN_POINT ( 'NONE',  ( 0.003042728238616600189, 0.04149169152543399908, 0.02854883648352999834 ) ) ;
#4290 = CARTESIAN_POINT ( 'NONE',  ( 0.004082290392022239894, -0.02375269536855790023, 0.05555007748341540125 ) ) ;
#4291 = B_SPLINE_CURVE_WITH_KNOTS ( 'NONE', 3,
 ( #4862, #428, #2401, #1970, #2854, #5847, #5878, #1522, #5454, #5422, #4377, #971, #1392, #6402, #1004, #6372, #3410, #5392, #5945, #940, #4833, #1486, #3509, #1936, #2914, #400, #1452, #5912, #2002, #4897, #455, #2429, #4476, #4410, #3444, #2944, #4928, #486, #3477, #4964, #515, #2369 ),
 .UNSPECIFIED., .F., .F.,
 ( 4, 1, 1, 1, 1, 1, 1, 1, 1, 1, 1, 1, 1, 1, 1, 1, 1, 1, 1, 1, 1, 1, 1, 1, 1, 1, 1, 1, 1, 1, 1, 1, 1, 1, 1, 1, 1, 1, 1, 4 ),
 ( 0.000000000000000000, 0.008928571428571429811, 0.01785714285714290125, 0.03571428571428569843, 0.07142857142857139685, 0.1428571428571430157, 0.2857142857142860315, 0.3035714285714289917, 0.3214285714285710083, 0.3571428571428569843, 0.3928571428571430157, 0.4107142857142860315, 0.4196428571428569843, 0.4285714285714289917, 0.4523809523809519950, 0.4642857142857140240, 0.4702380952380950108, 0.4761904761904759975, 0.4940476190476190133, 0.5000000000000000000, 0.5119047619047620845, 0.5238095238095240580, 0.5297619047619049892, 0.5357142857142859205, 0.5476190476190480050, 0.5595238095238099785, 0.5714285714285709528, 0.5952380952380950108, 0.6190476190476190688, 0.6428571428571430157, 0.6666666666666670737, 0.6904761904761900215, 0.7142857142857139685, 0.8571428571428569843, 0.9285714285714290472, 0.9642857142857139685, 0.9821428571428569843, 0.9910714285714290472, 0.9955357142857139685, 1.000000000000000000 ),
 .UNSPECIFIED. ) ;
#4292 = ORIENTED_EDGE ( 'NONE', *, *, #5373, .T. ) ;
#4293 = CARTESIAN_POINT ( 'NONE',  ( 0.02351660003695889983, 0.005270664431728119825, 0.03849901802500560466 ) ) ;
#4294 = CARTESIAN_POINT ( 'NONE',  ( 0.02351180070024249877, 0.005292019911020779885, 0.04422883796092259845 ) ) ;
#4295 = CARTESIAN_POINT ( 'NONE',  ( 0.001957686579856160198, 0.02402524365861550062, 0.05886920667874510210 ) ) ;
#4296 = ORIENTED_EDGE ( 'NONE', *, *, #3155, .T. ) ;
#4297 = CARTESIAN_POINT ( 'NONE',  ( 0.02727394019463239699, -0.0002015618207753165582, 0.006982414683052449826 ) ) ;
#4298 = CARTESIAN_POINT ( 'NONE',  ( 0.1096666310221343366, 0.01735134774780398154, -0.03470269549560795613 ) ) ;
#4299 = CARTESIAN_POINT ( 'NONE',  ( 0.04967670737730060099, -8.991404271427588942E-05, -0.01342090596433279971 ) ) ;
#4300 = CARTESIAN_POINT ( 'NONE',  ( 0.02731219053754671555, -4.988542413742768803E-05, 0.005874846207192553453 ) ) ;
#4301 = CARTESIAN_POINT ( 'NONE',  ( 0.02405296333024179931, 0.001751331297304880002, 0.005810199186946970323 ) ) ;
#4302 = CARTESIAN_POINT ( 'NONE',  ( -0.02622276767918369986, 6.274553938621750407E-05, -0.02263436375411089982 ) ) ;
#4303 = CARTESIAN_POINT ( 'NONE',  ( -0.02729844559941960180, -3.460743440943990046E-05, 0.006185642895680229514 ) ) ;
#4304 = CARTESIAN_POINT ( 'NONE',  ( -0.000000000000000000, -0.002750386989589389663, 0.02712014163951987494 ) ) ;
#4305 = APPLICATION_PROTOCOL_DEFINITION ( 'draft international standard', 'automotive_design', 1998, #5576 ) ;
#4306 = B_SPLINE_CURVE_WITH_KNOTS ( 'NONE', 3,
 ( #2013, #497, #5468, #1016, #6057, #4552, #2076, #6021, #2991, #5402, #2441, #1948, #4976, #952, #4907, #1049, #4453, #4421, #3941, #4006, #5923, #2959, #527, #5988, #4102, #281, #3650, #4681, #2245, #689, #1631, #1115, #2179, #215, #5202, #5136, #4135, #6189, #1210, #5102, #1693, #247 ),
 .UNSPECIFIED., .F., .F.,
 ( 4, 1, 1, 1, 1, 1, 1, 1, 1, 1, 1, 1, 1, 1, 1, 1, 1, 1, 1, 1, 1, 1, 1, 1, 1, 1, 1, 1, 1, 1, 1, 1, 1, 1, 1, 1, 1, 1, 1, 4 ),
 ( 0.000000000000000000, 0.008928571428571429811, 0.01785714285714290125, 0.03571428571428569843, 0.07142857142857139685, 0.1428571428571430157, 0.2857142857142860315, 0.3035714285714289917, 0.3214285714285710083, 0.3571428571428569843, 0.3928571428571430157, 0.4107142857142860315, 0.4196428571428569843, 0.4285714285714289917, 0.4523809523809519950, 0.4642857142857140240, 0.4702380952380950108, 0.4761904761904759975, 0.4940476190476190133, 0.5000000000000000000, 0.5119047619047620845, 0.5238095238095240580, 0.5297619047619049892, 0.5357142857142859205, 0.5476190476190480050, 0.5595238095238099785, 0.5714285714285709528, 0.5952380952380950108, 0.6190476190476190688, 0.6428571428571430157, 0.6666666666666670737, 0.6904761904761900215, 0.7142857142857139685, 0.8571428571428569843, 0.9285714285714290472, 0.9642857142857139685, 0.9821428571428569843, 0.9910714285714290472, 0.9955357142857139685, 1.000000000000000000 ),
 .UNSPECIFIED. ) ;
#4307 = CARTESIAN_POINT ( 'NONE',  ( 0.02409999999999999296, 0.000000000000000000, 0.06813473812597234391 ) ) ;
#4308 = EDGE_CURVE ( 'NONE', #977, #556, #3696, .T. ) ;
#4309 = CARTESIAN_POINT ( 'NONE',  ( -0.0002555035328218620131, 0.02725712597443070290, 0.007823001274397169483 ) ) ;
#4310 = CARTESIAN_POINT ( 'NONE',  ( 0.003979251012898010406, 0.001661941657750860401, 0.000000000000000000 ) ) ;
#4311 = CARTESIAN_POINT ( 'NONE',  ( -0.0005250689787633819284, -0.02501668047350150137, 3.145501694114209560E-05 ) ) ;
#4312 = CARTESIAN_POINT ( 'NONE',  ( -0.02454648397789259764, 0.003307781635173140302, 0.03714123649057989723 ) ) ;
#4313 = CARTESIAN_POINT ( 'NONE',  ( -0.003010080466150649812, -0.03330667567358749914, 0.03916842190988849975 ) ) ;
#4314 = CARTESIAN_POINT ( 'NONE',  ( 0.02359967742360280160, -0.004886485642483240528, 0.05149682238309750276 ) ) ;
#4315 = MECHANICAL_DESIGN_GEOMETRIC_PRESENTATION_REPRESENTATION (  '', ( #2646 ), #2017 ) ;
#4316 = CARTESIAN_POINT ( 'NONE',  ( 0.0005125405529268330313, -0.02653586562428490031, 0.01039808491567710026 ) ) ;
#4317 = CARTESIAN_POINT ( 'NONE',  ( -0.04967670737731679637, 0.002814682857649420007, 0.02811403963872950024 ) ) ;
#4318 = CARTESIAN_POINT ( 'NONE',  ( 0.02491658088273999982, 0.001043302289018349909, 0.01173493914727269903 ) ) ;
#4319 = CARTESIAN_POINT ( 'NONE',  ( 0.002133492326052959659, 0.02684514884285850098, 0.02448463794735900034 ) ) ;
#4320 = CARTESIAN_POINT ( 'NONE',  ( -7.287255332772623825E-05, -0.02650607916689294227, 0.006163032949242049259 ) ) ;
#4321 = CARTESIAN_POINT ( 'NONE',  ( -0.003152034400825839706, 0.02389316064800980216, 0.01002461184689049968 ) ) ;
#4322 = CARTESIAN_POINT ( 'NONE',  ( -0.0009368541757573890967, 0.04149169152544249922, 0.04312501753893999840 ) ) ;
#4323 = CARTESIAN_POINT ( 'NONE',  ( -0.003356686470740249950, -0.02386525968388570132, 0.01141967609197140111 ) ) ;
#4324 = CARTESIAN_POINT ( 'NONE',  ( 0.002053562847709220190, -0.02401238770402619807, 0.0009298461024621430598 ) ) ;
#4325 = CARTESIAN_POINT ( 'NONE',  ( 0.02393377744210280211, 0.002878303062519499585, 0.05859549888037540039 ) ) ;
#4326 = CARTESIAN_POINT ( 'NONE',  ( 0.002034887063763530027, 0.02479217760961939868, 0.02018072472822990057 ) ) ;
#4327 = CARTESIAN_POINT ( 'NONE',  ( -0.003039505574122599793, -0.02640166548594836265, 0.04275479344523069880 ) ) ;
#4328 = CARTESIAN_POINT ( 'NONE',  ( 0.006914616367353527970, -0.002506122140752170720, -3.069114457944458555E-19 ) ) ;
#4329 = DIRECTION ( 'NONE',  ( -0.1398622170786279761, -1.127698440434499743E-14, 0.9901709752531887565 ) ) ;
#4330 = CARTESIAN_POINT ( 'NONE',  ( -0.002502442247226089982, 0.02396976563227930235, 0.004552089471868250685 ) ) ;
#4331 = CARTESIAN_POINT ( 'NONE',  ( 4.789973078217350019E-05, 0.04967670737730060099, -0.01371835121501849969 ) ) ;
#4332 = CARTESIAN_POINT ( 'NONE',  ( -0.0008744620934845209097, 0.02670765214312134997, 0.0001080741289169306066 ) ) ;
#4333 = CARTESIAN_POINT ( 'NONE',  ( -0.000000000000000000, -0.002041202040582312024, 0.04682730647825324860 ) ) ;
#4334 = APPLICATION_PROTOCOL_DEFINITION ( 'draft international standard', 'automotive_design', 1998, #2340 ) ;
#4335 = CARTESIAN_POINT ( 'NONE',  ( 0.02730408992393754813, -9.260469555341528907E-05, 0.006173173447804349706 ) ) ;
#4336 = CARTESIAN_POINT ( 'NONE',  ( -0.002478570768810499890, 0.02620098773823870131, 0.05110756517909750135 ) ) ;
#4337 = CARTESIAN_POINT ( 'NONE',  ( 0.02826114334772389380, 0.007013549795020895469, 0.000000000000000000 ) ) ;
#4338 = CARTESIAN_POINT ( 'NONE',  ( -0.0004705657634836569840, -0.02666408603346310038, 0.003160583394616009803 ) ) ;
#4339 = CARTESIAN_POINT ( 'NONE',  ( -0.02585488882027960067, 0.003029061235270000089, 0.04136094256509329631 ) ) ;
#4340 = CARTESIAN_POINT ( 'NONE',  ( -0.002816417327995830028, -0.04149169152546039463, 0.03527137135320339983 ) ) ;
#4341 = CARTESIAN_POINT ( 'NONE',  ( -0.02381144452122239963, 0.003737135522027550030, 0.05689200280897520334 ) ) ;
#4342 = CARTESIAN_POINT ( 'NONE',  ( 0.001576688134375220070, -0.02540941864236819989, 0.05592401432325379979 ) ) ;
#4343 = CARTESIAN_POINT ( 'NONE',  ( -0.03330667567358470277, -0.0001646336827887279761, 0.001854140084467890146 ) ) ;
#4344 = CARTESIAN_POINT ( 'NONE',  ( 0.02594187283614590028, -0.002926274165927080211, 0.03716440447165140354 ) ) ;
#4345 = CARTESIAN_POINT ( 'NONE',  ( -6.504505298764080314E-05, 0.02660360755007780062, 0.006999355626100500077 ) ) ;
#4346 = CARTESIAN_POINT ( 'NONE',  ( -0.02404837657408940080, 0.001813487475701799911, 0.005890551423360359737 ) ) ;
#4347 = DIRECTION ( 'NONE',  ( -1.128554849516829797E-14, 0.1398622170786279761, 0.9901709752531887565 ) ) ;
#4348 = ADVANCED_FACE ( 'NONE', ( #1257 ), #3631, .F. ) ;
#4349 = CARTESIAN_POINT ( 'NONE',  ( -0.001440055002394699871, 0.03330667567358300274, 0.04932500027779270629 ) ) ;
#4350 = CARTESIAN_POINT ( 'NONE',  ( 0.002653291091475609969, -0.02395349758143670155, 0.005771300684615570005 ) ) ;
#4351 = CARTESIAN_POINT ( 'NONE',  ( -0.0005724932093984564556, -0.02446730543952008868, -4.167402100491158631E-19 ) ) ;
#4352 = CARTESIAN_POINT ( 'NONE',  ( 0.02358579802879130077, 0.004952293067696730139, 0.03088211338036849982 ) ) ;
#4353 = CARTESIAN_POINT ( 'NONE',  ( 0.001428784669131599955, 0.02487310080210279953, 0.01453143035487689839 ) ) ;
#4354 = CARTESIAN_POINT ( 'NONE',  ( -0.002707538651909280249, -0.02623422648502467605, 0.04961661754112282191 ) ) ;
#4355 = CARTESIAN_POINT ( 'NONE',  ( 0.006914616367353527970, -0.002506122140752170286, -0.005012244281504340572 ) ) ;
#4356 = CARTESIAN_POINT ( 'NONE',  ( 0.03330667567358380071, -0.0005410766485167840378, 0.05082892550270989851 ) ) ;
#4357 = CARTESIAN_POINT ( 'NONE',  ( 0.03475780225712379878, -2.782192094235150291E-05, -0.0007959556547042729918 ) ) ;
#4358 = DIRECTION ( 'NONE',  ( 0.000000000000000000, 0.000000000000000000, -1.000000000000000000 ) ) ;
#4359 = CARTESIAN_POINT ( 'NONE',  ( -0.0004883675134347130074, 0.02737080095008799854, 0.002153697594982659919 ) ) ;
#4360 = CARTESIAN_POINT ( 'NONE',  ( 0.000000000000000000, -0.002676161357139723862, 0.02584588852225016067 ) ) ;
#4361 = CARTESIAN_POINT ( 'NONE',  ( -0.02402324305330395121, 0.001921926111623844949, -0.0003084836374191385431 ) ) ;
#4362 = CARTESIAN_POINT ( 'NONE',  ( -0.008740922559727909782, -6.204376545848440069E-05, -0.007317781994031250306 ) ) ;
#4363 = CARTESIAN_POINT ( 'NONE',  ( -0.0001619348072018280012, 0.04967670737730009445, -0.01251463545584600122 ) ) ;
#4364 = CARTESIAN_POINT ( 'NONE',  ( 0.001607462933355899987, -0.02406315989381009948, 0.004678667435966519898 ) ) ;
#4365 = CARTESIAN_POINT ( 'NONE',  ( -0.02662894824104129754, 6.864546273996239199E-06, 0.006172097958461389769 ) ) ;
#4366 = CARTESIAN_POINT ( 'NONE',  ( -0.003041894251109190147, -0.04967670737729299596, 0.02139080718404419781 ) ) ;
#4367 = CARTESIAN_POINT ( 'NONE',  ( 0.02351367670073519975, -0.005283720220610610072, 0.03706228801285069846 ) ) ;
#4368 = CARTESIAN_POINT ( 'NONE',  ( -0.002653316416614680002, 0.02395349477619750089, 0.005771506160578510590 ) ) ;
#4369 = CARTESIAN_POINT ( 'NONE',  ( -0.003001856258565790102, -0.02577317553694899802, 0.04552960086250189969 ) ) ;
#4370 = CARTESIAN_POINT ( 'NONE',  ( -0.02512165982172680223, -0.0003639715790485440199, 0.01049642400483520067 ) ) ;
#4371 = CARTESIAN_POINT ( 'NONE',  ( 0.02631550897081360099, -0.001683695607200169945, 0.02024226938476830079 ) ) ;
#4372 = CARTESIAN_POINT ( 'NONE',  ( 4.815663866624610048E-05, 0.02662512843816839878, 0.006186777000074860332 ) ) ;
#4373 = CARTESIAN_POINT ( 'NONE',  ( -0.02398712193254529806, 0.002494850787356870086, 0.01152647595584299980 ) ) ;
#4374 = CARTESIAN_POINT ( 'NONE',  ( 1.151866342497820089E-05, 0.02494384536677880099, 6.769550198182370292E-15 ) ) ;
#4375 = CARTESIAN_POINT ( 'NONE',  ( -0.001208486282665689835, 0.04967670737730119773, 0.03548552656566000135 ) ) ;
#4376 = CARTESIAN_POINT ( 'NONE',  ( -0.001811353377239699903, -0.02404853677334370041, 0.005874328997879829824 ) ) ;
#4377 = CARTESIAN_POINT ( 'NONE',  ( -0.003007685733945449948, -0.04967670737729469599, 0.02485341356265259941 ) ) ;
#4378 = CARTESIAN_POINT ( 'NONE',  ( 0.02367783566774759804, -0.004558947871763749556, 0.03851145706986949802 ) ) ;
#4379 = CARTESIAN_POINT ( 'NONE',  ( 0.002174098349342300056, 0.02477114044938409990, 0.02159418291090370312 ) ) ;
#4380 = CARTESIAN_POINT ( 'NONE',  ( -0.001139886567004171807, -0.02566184314719980805, 0.05678096634472942078 ) ) ;
#4381 = CARTESIAN_POINT ( 'NONE',  ( 0.1096666310221343366, -0.01735134774780397807, -0.03470269549560795613 ) ) ;
#4382 = CARTESIAN_POINT ( 'NONE',  ( 0.02512165982172529996, 0.002271434179311459904, 0.05341865040334290576 ) ) ;
#4383 = CARTESIAN_POINT ( 'NONE',  ( 0.004784779721512860164, -0.02362042165244669992, 0.02819434339982650195 ) ) ;
#4384 =( NAMED_UNIT ( * ) SI_UNIT ( $, .STERADIAN. ) SOLID_ANGLE_UNIT ( ) );
#4385 = CARTESIAN_POINT ( 'NONE',  ( -0.0005088058243875480044, 0.02502290086194965124, 3.545941852191975100E-05 ) ) ;
#4386 = CARTESIAN_POINT ( 'NONE',  ( -0.000000000000000000, -0.001630867052508962059, 0.01333476036841912959 ) ) ;
#4387 = EDGE_CURVE ( 'NONE', #755, #43, #667, .T. ) ;
#4388 = DIRECTION ( 'NONE',  ( 1.000000000000000000, 0.000000000000000000, 0.000000000000000000 ) ) ;
#4389 = CARTESIAN_POINT ( 'NONE',  ( -0.02668225722919380719, 0.002638139678682435187, 0.03107102166448379860 ) ) ;
#4390 = DIRECTION ( 'NONE',  ( 0.7522870727714127126, 8.720158745972095878E-05, -0.6588354517911906294 ) ) ;
#4391 = CARTESIAN_POINT ( 'NONE',  ( -0.01748184511945580222, -6.211292597866789264E-05, -0.01497900082946039893 ) ) ;
#4392 = CARTESIAN_POINT ( 'NONE',  ( 0.08669250358634569831, 0.01509096685871386297, 0.000000000000000000 ) ) ;
#4393 = CARTESIAN_POINT ( 'NONE',  ( -0.0001477803664895649849, -0.02663814303698019970, 0.005475868412555970344 ) ) ;
#4394 = CARTESIAN_POINT ( 'NONE',  ( -0.02586731345737540086, -0.002969967047371869888, 0.04137883474685239565 ) ) ;
#4395 = CARTESIAN_POINT ( 'NONE',  ( -0.003007685733945449948, -0.04967670737729469599, 0.02485341356265259941 ) ) ;
#4396 = CARTESIAN_POINT ( 'NONE',  ( 0.02394783383508479815, -0.002703933829874860181, 0.005761784498879209473 ) ) ;
#4397 = CARTESIAN_POINT ( 'NONE',  ( -0.001716098058466670193, 0.02405550998891350239, 0.005533771189637109664 ) ) ;
#4398 = CARTESIAN_POINT ( 'NONE',  ( -0.002223539341714879988, -0.02557299086775099983, 0.05356275307750889975 ) ) ;
#4399 = CARTESIAN_POINT ( 'NONE',  ( -0.04967670737730009445, -0.0001619348072018390058, -0.01251463545584600122 ) ) ;
#4400 = CARTESIAN_POINT ( 'NONE',  ( 0.02560862195960079968, -0.002379364585682270175, 0.05272211297390270307 ) ) ;
#4401 = COLOUR_RGB ( '',0.7921568627450980005, 0.8196078431372548767, 0.9333333333333333481 ) ;
#4402 = CARTESIAN_POINT ( 'NONE',  ( 0.0001184101347968260039, 0.02728984244818160113, 0.006369547051680540632 ) ) ;
#4403 = CARTESIAN_POINT ( 'NONE',  ( -0.02372004397301820042, 0.004269891424926449547, 0.05507889928210830260 ) ) ;
#4404 = AXIS2_PLACEMENT_3D ( 'NONE', #5230, #276, #3350 ) ;
#4405 = CARTESIAN_POINT ( 'NONE',  ( 0.001961742402361319870, 0.02402002429093630029, 2.612695319706949787E-19 ) ) ;
#4406 = AXIS2_PLACEMENT_3D ( 'NONE', #3820, #1852, #1823 ) ;
#4407 = CARTESIAN_POINT ( 'NONE',  ( -0.002935752962990819705, 0.04967670737729969893, 0.02483157036816860050 ) ) ;
#4408 = CARTESIAN_POINT ( 'NONE',  ( -0.001813487502385930077, -0.02404837651011569946, 0.005890551283179729612 ) ) ;
#4409 = EDGE_LOOP ( 'NONE', ( #4250, #5166, #655, #1562 ) ) ;
#4410 = CARTESIAN_POINT ( 'NONE',  ( 0.002728655842888090023, -0.04967670737729639602, 0.01158843768467090161 ) ) ;
#4411 = CARTESIAN_POINT ( 'NONE',  ( 0.02370945919327209842, -0.004394404435120690539, 0.03424625921271219620 ) ) ;
#4412 = CARTESIAN_POINT ( 'NONE',  ( -0.004097264192648920021, 0.02376315951966099724, 0.02999048247620950125 ) ) ;
#4413 = CARTESIAN_POINT ( 'NONE',  ( 0.02620918816071435981, -2.588372768832507653E-05, 0.005238291093869047906 ) ) ;
#4414 = CARTESIAN_POINT ( 'NONE',  ( -0.002256341710322959555, -0.02681013746033305417, 0.02589667384970729958 ) ) ;
#4415 = CARTESIAN_POINT ( 'NONE',  ( 0.1639999999999998959, -0.02056046467050398271, -2.517930724771494389E-18 ) ) ;
#4416 = ORIENTED_EDGE ( 'NONE', *, *, #728, .T. ) ;
#4417 = CARTESIAN_POINT ( 'NONE',  ( 0.04967670737730179448, -0.001504424157930730208, 0.03496762915002279981 ) ) ;
#4418 = CARTESIAN_POINT ( 'NONE',  ( -0.0003604835824018719930, 0.04149169152544129879, -0.003879429829293149987 ) ) ;
#4419 = CARTESIAN_POINT ( 'NONE',  ( -4.988542413903890055E-05, -0.02731219053754653514, 0.005874846207203690378 ) ) ;
#4420 = CARTESIAN_POINT ( 'NONE',  ( 0.001810315968549290090, 0.02404863888088860230, 0.005872943412309260779 ) ) ;
#4421 = CARTESIAN_POINT ( 'NONE',  ( 0.04967670737730139896, -0.001263013066965940068, 0.03548486484308169958 ) ) ;
#4422 = CARTESIAN_POINT ( 'NONE',  ( -0.02727399132997239753, 0.0002015774308087565458, 0.006982472692983110116 ) ) ;
#4423 = FACE_OUTER_BOUND ( 'NONE', #4679, .T. ) ;
#4424 = CARTESIAN_POINT ( 'NONE',  ( -0.001685155795854510145, 0.02695908385935019691, 0.02028111706542999951 ) ) ;
#4425 = CARTESIAN_POINT ( 'NONE',  ( 0.001504424157930740183, 0.04967670737730169733, 0.03496762915002270267 ) ) ;
#4426 = CARTESIAN_POINT ( 'NONE',  ( -0.0002182145407449260176, -0.02732842417445449992, 0.004366093003007429953 ) ) ;
#4427 = CARTESIAN_POINT ( 'NONE',  ( -0.02654992092618419994, 0.0004495326091028689912, 0.009437401397105410830 ) ) ;
#4428 = CARTESIAN_POINT ( 'NONE',  ( 0.002731102990112339781, -0.02512165982173070189, 0.03316793383874649948 ) ) ;
#4429 = CARTESIAN_POINT ( 'NONE',  ( 0.004546797549362419262, 0.02366729565251429745, 0.02421969262863499922 ) ) ;
#4430 = CARTESIAN_POINT ( 'NONE',  ( 0.0005223165024405719949, 0.02501661339230205200, 5.159528130830740098E-05 ) ) ;
#4431 = CARTESIAN_POINT ( 'NONE',  ( 0.002573559499698780187, -0.02567517637124310317, 0.05083626842796720030 ) ) ;
#4432 = CARTESIAN_POINT ( 'NONE',  ( -0.04149169152544239514, -8.487385084615039707E-05, -0.005895926886936239848 ) ) ;
#4433 = CARTESIAN_POINT ( 'NONE',  ( 0.02633481925300800233, 0.001582366606392830027, 0.01980556112131189733 ) ) ;
#4434 = CARTESIAN_POINT ( 'NONE',  ( 0.02730710502118030222, -7.584731638832499750E-06, 0.005878765672255470247 ) ) ;
#4435 = CARTESIAN_POINT ( 'NONE',  ( -0.02381144452122239963, 0.003737135522027550030, 0.05689200280897520334 ) ) ;
#4436 = DIRECTION ( 'NONE',  ( 1.000000000000000000, 0.000000000000000000, 0.000000000000000000 ) ) ;
#4437 = CARTESIAN_POINT ( 'NONE',  ( 0.001512998203191619987, 0.03330667567358300274, 0.04928693742896270158 ) ) ;
#4438 = CARTESIAN_POINT ( 'NONE',  ( -0.004207752796264239807, -0.02374053876812379921, 0.05124125959707319378 ) ) ;
#4439 = ORIENTED_EDGE ( 'NONE', *, *, #1680, .F. ) ;
#4440 = CARTESIAN_POINT ( 'NONE',  ( 0.002648723920126810211, -0.02395400324358240227, 0.005734348965515220081 ) ) ;
#4441 = CARTESIAN_POINT ( 'NONE',  ( 0.02375391836929819853, -0.004150251302811019949, 0.02997949499233210080 ) ) ;
#4442 = CARTESIAN_POINT ( 'NONE',  ( 0.0004725813336196679911, 0.02497175863353660180, 0.006908524415632050567 ) ) ;
#4443 = CARTESIAN_POINT ( 'NONE',  ( 0.02562242205498501540, -2.118096437329255712E-05, 0.003636494140315885745 ) ) ;
#4444 = CARTESIAN_POINT ( 'NONE',  ( 0.02680987723817400414, 0.002236571760079392353, 0.02638847418469129902 ) ) ;
#4445 = CARTESIAN_POINT ( 'NONE',  ( 0.1512480240308354262, -0.02019165774830737961, -0.04038331549661475922 ) ) ;
#4446 = ORIENTED_EDGE ( 'NONE', *, *, #6116, .F. ) ;
#4447 = CARTESIAN_POINT ( 'NONE',  ( 0.03330667567358390480, 0.002274832878483359910, 0.04623619831534980101 ) ) ;
#4448 = CARTESIAN_POINT ( 'NONE',  ( -5.040379890040900081E-05, 0.03330667567358270437, 0.001031979969459379887 ) ) ;
#4449 = EDGE_CURVE ( 'NONE', #6141, #3542, #1251, .T. ) ;
#4450 = VERTEX_POINT ( 'NONE', #1672 ) ;
#4451 = CARTESIAN_POINT ( 'NONE',  ( 0.02422998750335512291, 0.001048617537349747332, 5.488773498207867160E-19 ) ) ;
#4452 = CARTESIAN_POINT ( 'NONE',  ( -0.02622276767919199877, 0.002272833066974080073, -0.003047646829667669845 ) ) ;
#4453 = CARTESIAN_POINT ( 'NONE',  ( 0.04967670737730179448, -0.001504424157930730208, 0.03496762915002279981 ) ) ;
#4454 = CARTESIAN_POINT ( 'NONE',  ( -0.02612677073401772562, 0.002302207790267841742, 0.05268894168867852001 ) ) ;
#4455 = CARTESIAN_POINT ( 'NONE',  ( -0.02730712299637160292, 9.316952606695959511E-05, 0.006174370305230239726 ) ) ;
#4456 =( GEOMETRIC_REPRESENTATION_CONTEXT ( 3 ) GLOBAL_UNCERTAINTY_ASSIGNED_CONTEXT ( ( #95 ) ) GLOBAL_UNIT_ASSIGNED_CONTEXT ( ( #4577, #5589, #175 ) ) REPRESENTATION_CONTEXT ( 'NONE', 'WORKASPACE' ) );
#4457 = CARTESIAN_POINT ( 'NONE',  ( -0.02622276767918379700, -4.144093243174070188E-05, -0.02278774073947429854 ) ) ;
#4458 = ADVANCED_FACE ( 'NONE', ( #5705 ), #4060, .F. ) ;
#4459 = CARTESIAN_POINT ( 'NONE',  ( -0.02405296356307669997, -0.001751331660063050076, 0.005810198392737949726 ) ) ;
#4460 = CARTESIAN_POINT ( 'NONE',  ( -0.02353635663509769799, -0.005181791221704729923, 0.03563765614188060121 ) ) ;
#4461 = CARTESIAN_POINT ( 'NONE',  ( -0.02540956554070649895, 0.001648240821046229954, 0.05593356736024820280 ) ) ;
#4462 = CARTESIAN_POINT ( 'NONE',  ( 0.001704021576861440134, -0.03330667567358799874, 0.04860116922307380211 ) ) ;
#4463 = CARTESIAN_POINT ( 'NONE',  ( 0.002902307127748260124, 0.02392472068953600123, 0.007400197571468729828 ) ) ;
#4464 = CARTESIAN_POINT ( 'NONE',  ( -0.0001822800775928820128, -0.02727759005240480011, 0.006840091799255329855 ) ) ;
#4465 = CARTESIAN_POINT ( 'NONE',  ( -0.04149169152544929934, -0.002567601268636889728, 0.03714033330995730048 ) ) ;
#4466 = PRODUCT_DEFINITION_SHAPE ( 'NONE', 'NONE',  #2570 ) ;
#4467 = CARTESIAN_POINT ( 'NONE',  ( 0.02569100956840040043, -0.002754109083385979789, 0.04963332169515140280 ) ) ;
#4468 = CARTESIAN_POINT ( 'NONE',  ( -0.002957818227729469909, 0.02648015124887349858, 0.03998019461668080032 ) ) ;
#4469 = CARTESIAN_POINT ( 'NONE',  ( -0.02369083069556960144, -0.004423281922040390481, 0.02329915226885979906 ) ) ;
#4470 = CARTESIAN_POINT ( 'NONE',  ( -0.005254678767829190460, 0.02352018556356180040, 0.04565834275067440218 ) ) ;
#4471 = CARTESIAN_POINT ( 'NONE',  ( 0.06122476143659144610, -0.01203583586195126204, -1.473964786340153803E-18 ) ) ;
#4472 = ADVANCED_FACE ( 'NONE', ( #1770 ), #996, .T. ) ;
#4473 = AXIS2_PLACEMENT_3D ( 'NONE', #3764, #2289, #5144 ) ;
#4474 = CARTESIAN_POINT ( 'NONE',  ( 0.004558400913469239264, -0.02367725902338090049, 0.04373922386586429761 ) ) ;
#4475 = ORIENTED_EDGE ( 'NONE', *, *, #4656, .F. ) ;
#4476 = CARTESIAN_POINT ( 'NONE',  ( 0.002961273011435549933, -0.04967670737730209979, 0.01926384839103760169 ) ) ;
#4477 = CARTESIAN_POINT ( 'NONE',  ( 0.02404853677151500002, -0.001811353374942099859, 0.005874329000887460427 ) ) ;
#4478 = CARTESIAN_POINT ( 'NONE',  ( 0.003371450079229280049, 0.02446159267243589938, 0.04694559187367349645 ) ) ;
#4479 = CARTESIAN_POINT ( 'NONE',  ( 0.02409475676667219984, 0.001044281079151040091, 0.0002526754957713969740 ) ) ;
#4480 = EDGE_CURVE ( 'NONE', #2211, #6283, #210, .T. ) ;
#4481 = CARTESIAN_POINT ( 'NONE',  ( 0.02523531820075215759, -0.0005141933347798589198, 0.05788503624079261584 ) ) ;
#4482 = CARTESIAN_POINT ( 'NONE',  ( 0.1632247789736557542, 0.02055518108694219526, 0.000000000000000000 ) ) ;
#4483 = EDGE_LOOP ( 'NONE', ( #3081, #2562, #2173, #6054, #5100, #5986, #3189 ) ) ;
#4484 = CARTESIAN_POINT ( 'NONE',  ( 0.02512165982172520282, 0.002931302408958419859, 0.04639421753841679874 ) ) ;
#4485 = CARTESIAN_POINT ( 'NONE',  ( -0.001870188592133280184, 0.04149169152545809786, 0.008794131317338650319 ) ) ;
#4486 = ORIENTED_EDGE ( 'NONE', *, *, #5893, .T. ) ;
#4487 = CARTESIAN_POINT ( 'NONE',  ( -0.02622276767918499743, -0.0005893395980882780438, 0.02720473957501699791 ) ) ;
#4488 = CARTESIAN_POINT ( 'NONE',  ( -3.501545166639799729E-05, 0.03475780225712390287, -0.0003498292425328740070 ) ) ;
#4489 = CARTESIAN_POINT ( 'NONE',  ( -0.02702726478659589829, -0.001396815944704950805, 0.01745680497123679870 ) ) ;
#4490 = CARTESIAN_POINT ( 'NONE',  ( 7.287256515391244099E-05, 0.02650607919781011387, 0.006163032945373922086 ) ) ;
#4491 = CARTESIAN_POINT ( 'NONE',  ( 2.350964186155892347E-05, 0.02587081780267438957, 0.004454410993212378454 ) ) ;
#4492 = CARTESIAN_POINT ( 'NONE',  ( -0.02406315989381009948, -0.001607462933356009925, 0.004678667435966040247 ) ) ;
#4493 = CARTESIAN_POINT ( 'NONE',  ( -0.02410036140320391540, -0.0005516903106778562422, 0.06033491203752163606 ) ) ;
#4494 = CARTESIAN_POINT ( 'NONE',  ( -0.02523532560750450099, 0.0005141631146507719390, 0.05788501225493040275 ) ) ;
#4495 = CARTESIAN_POINT ( 'NONE',  ( 0.0003604835824018780104, -0.04149169152544379680, -0.003879429829295340075 ) ) ;
#4496 = CARTESIAN_POINT ( 'NONE',  ( 0.003794779353993630276, 0.02379950134975260256, 0.01568141183957549867 ) ) ;
#4497 = DIRECTION ( 'NONE',  ( 0.000000000000000000, 0.000000000000000000, 1.000000000000000000 ) ) ;
#4498 = EDGE_CURVE ( 'NONE', #4775, #2277, #2954, .T. ) ;
#4499 = CARTESIAN_POINT ( 'NONE',  ( -0.002477421891198470106, -0.02674030495449740072, 0.02872017929682230131 ) ) ;
#4500 = CARTESIAN_POINT ( 'NONE',  ( -0.04967670737729969893, 9.394354683880860141E-05, -0.01339680408724269918 ) ) ;
#4501 = CARTESIAN_POINT ( 'NONE',  ( 0.02628388687412689870, 0.002762592232642590000, 0.04827996836009699338 ) ) ;
#4502 = CARTESIAN_POINT ( 'NONE',  ( -0.002077510120545269807, 0.02685618904552789996, 0.02451108046007809821 ) ) ;
#4503 = CARTESIAN_POINT ( 'NONE',  ( -0.02404875430860969887, -0.001808393070198470020, 0.006248184324128669594 ) ) ;
#4504 = CARTESIAN_POINT ( 'NONE',  ( -0.005054016335657020124, 0.02356414100920770083, 0.03278243954868850091 ) ) ;
#4505 = CARTESIAN_POINT ( 'NONE',  ( 0.0001860759479822949409, 0.0001673536066665146809, 4.098981174598246867E-20 ) ) ;
#4506 = CARTESIAN_POINT ( 'NONE',  ( 0.001912141350280210017, -0.02403117688001130126, 0.05890433638171999747 ) ) ;
#4507 = ORIENTED_EDGE ( 'NONE', *, *, #4743, .F. ) ;
#4508 = CARTESIAN_POINT ( 'NONE',  ( -0.03330667567358470277, 0.0001291364003217710039, 0.001181181810270949843 ) ) ;
#4509 = CARTESIAN_POINT ( 'NONE',  ( 0.02370775548906179850, 0.004392588850641440321, 0.04844984133396140064 ) ) ;
#4510 = CARTESIAN_POINT ( 'NONE',  ( -0.002837873256864480078, 0.02465295804503740001, 0.03008974479571059971 ) ) ;
#4511 = CARTESIAN_POINT ( 'NONE',  ( 0.02400144028553990311, 0.002178361158252210134, 0.001936023713558950032 ) ) ;
#4512 = CARTESIAN_POINT ( 'NONE',  ( 0.02669492146488450582, 0.002580192401522794863, 0.03107944157183099854 ) ) ;
#4513 = CARTESIAN_POINT ( 'NONE',  ( 0.1632247789736557542, -0.02055518108694219179, -0.04111036217388438357 ) ) ;
#4514 = ORIENTED_EDGE ( 'NONE', *, *, #6314, .F. ) ;
#4515 = CARTESIAN_POINT ( 'NONE',  ( 0.04149169152543769751, 0.0008371063913712350124, -0.0002188473049621049806 ) ) ;
#4516 = VECTOR ( 'NONE', #6294, 1.000000000000000000 ) ;
#4517 = CARTESIAN_POINT ( 'NONE',  ( -0.0008371063913712209177, 0.04149169152543719791, -0.0002188473049616979982 ) ) ;
#4518 = EDGE_LOOP ( 'NONE', ( #2588, #2467, #3517 ) ) ;
#4519 = CARTESIAN_POINT ( 'NONE',  ( -0.01748184511945690203, 0.0008611448388506780412, -0.008977432310655309236 ) ) ;
#4520 = CARTESIAN_POINT ( 'NONE',  ( -0.000000000000000000, -0.001389461947496565836, 0.01106582471082007135 ) ) ;
#4521 = PRODUCT_DEFINITION_SHAPE ( 'NONE', 'NONE',  #6415 ) ;
#4522 = CARTESIAN_POINT ( 'NONE',  ( 0.02670765214312134997, 0.0008744620934846499298, 0.0001080741289160906074 ) ) ;
#4523 = CARTESIAN_POINT ( 'NONE',  ( 0.001922369493667583753, 0.02403599862910471563, 0.005855932708271841675 ) ) ;
#4524 = CARTESIAN_POINT ( 'NONE',  ( 2.762451508791541365E-05, 0.02659560931234458692, 0.005748044198108665653 ) ) ;
#4525 = CARTESIAN_POINT ( 'NONE',  ( -0.02397745091015749883, -0.002427700506735069787, 0.003948382026123410139 ) ) ;
#4526 = CARTESIAN_POINT ( 'NONE',  ( -0.02369083069556960144, -0.004423281922040390481, 0.02329915226885979906 ) ) ;
#4527 = CARTESIAN_POINT ( 'NONE',  ( -0.02638263128437709840, -0.002951796410119560295, 0.04416459095803080409 ) ) ;
#4528 = CARTESIAN_POINT ( 'NONE',  ( 0.0009426204872616650689, -0.04967670737730139896, 0.03594950436496800045 ) ) ;
#4529 = CARTESIAN_POINT ( 'NONE',  ( 0.005029343943845300015, 0.02356942820550269810, 0.03134926258533500543 ) ) ;
#4530 = CARTESIAN_POINT ( 'NONE',  ( 9.872908392428760016E-05, 0.02663310478505280174, 0.005827222838587850159 ) ) ;
#4531 = VECTOR ( 'NONE', #1826, 0.9999999999999998890 ) ;
#4532 = CARTESIAN_POINT ( 'NONE',  ( 0.002071097982614639871, -0.02609011202238649754, 0.05353399029597769726 ) ) ;
#4533 = CARTESIAN_POINT ( 'NONE',  ( -0.04967670737730119773, -0.001449443473609520004, 0.03496845202896579907 ) ) ;
#4534 = CARTESIAN_POINT ( 'NONE',  ( 0.02728556481682839832, -0.0001466145721724290002, 0.006574956087820830325 ) ) ;
#4535 = CARTESIAN_POINT ( 'NONE',  ( -0.002762598957417789804, 0.02628388132515139738, 0.04827996756710119935 ) ) ;
#4536 = CARTESIAN_POINT ( 'NONE',  ( -0.02374294266621049948, 0.004211966648030559916, 0.03092748891036579961 ) ) ;
#4537 = CARTESIAN_POINT ( 'NONE',  ( 0.003201139591053239752, 0.02388663195603120057, 0.01000035809490389983 ) ) ;
#4538 = CARTESIAN_POINT ( 'NONE',  ( 0.08669250358634569831, 0.01509096685871386297, 3.696220851912544282E-18 ) ) ;
#4539 = CARTESIAN_POINT ( 'NONE',  ( -0.0004281968207870290462, -0.02497559982268610090, 0.006587210058602720360 ) ) ;
#4540 = ORIENTED_EDGE ( 'NONE', *, *, #4936, .F. ) ;
#4541 = CARTESIAN_POINT ( 'NONE',  ( -0.02512165982172500159, 0.001924795585548369969, 0.02308841854817559811 ) ) ;
#4542 = CARTESIAN_POINT ( 'NONE',  ( 0.02377925940667689753, 0.004004993875900150248, 0.02857209280096889917 ) ) ;
#4543 = CARTESIAN_POINT ( 'NONE',  ( -0.003025987729400640095, 0.02461270235116319940, 0.03291095396521200034 ) ) ;
#4544 = CARTESIAN_POINT ( 'NONE',  ( 0.02409717447100915080, 0.0009852760972046540385, -0.0002100787117830955073 ) ) ;
#4545 = CARTESIAN_POINT ( 'NONE',  ( 0.02701795813449460459, -0.001451562789862430878, 0.01742420388180669980 ) ) ;
#4546 = CARTESIAN_POINT ( 'NONE',  ( -0.02729982896176980089, -3.331159113590849983E-05, 0.006175217704936349951 ) ) ;
#4547 = ORIENTED_EDGE ( 'NONE', *, *, #728, .F. ) ;
#4548 = CARTESIAN_POINT ( 'NONE',  ( 0.04149169152544179839, 8.487385084614540974E-05, -0.005895926886935769738 ) ) ;
#4549 = CARTESIAN_POINT ( 'NONE',  ( 0.003082795220631800309, -0.02390512639769119818, 0.05817506478247640167 ) ) ;
#4550 = ORIENTED_EDGE ( 'NONE', *, *, #3309, .F. ) ;
#4551 = CARTESIAN_POINT ( 'NONE',  ( 0.000000000000000000, 0.001605107046237080068, 0.01276121522230209970 ) ) ;
#4552 = CARTESIAN_POINT ( 'NONE',  ( 0.04967670737729789482, -0.0008887940599424289925, -0.007417489042003190189 ) ) ;
#4553 = CARTESIAN_POINT ( 'NONE',  ( 0.000000000000000000, 0.000000000000000000, 0.000000000000000000 ) ) ;
#4554 = CARTESIAN_POINT ( 'NONE',  ( -0.02668709043691349855, -0.0005761369836570789547, 0.002157398562516909830 ) ) ;
#4555 = FACE_OUTER_BOUND ( 'NONE', #148, .T. ) ;
#4556 = CARTESIAN_POINT ( 'NONE',  ( -0.02395400324358240227, -0.002648723920126780287, 0.005734348965515010180 ) ) ;
#4557 = CARTESIAN_POINT ( 'NONE',  ( -0.02378525904583439834, -0.003882995231630410361, 0.01713609531030809915 ) ) ;
#4558 = CARTESIAN_POINT ( 'NONE',  ( -0.02624684599530549903, -0.002645929026896999808, 0.04962785384140080275 ) ) ;
#4559 = CARTESIAN_POINT ( 'NONE',  ( 0.002567601268636910111, -0.04149169152545079814, 0.03714033330995600291 ) ) ;
#4560 = CARTESIAN_POINT ( 'NONE',  ( 0.005308671388519869971, 0.02350805703942979857, 0.04563209552503739996 ) ) ;
#4561 =( GEOMETRIC_REPRESENTATION_CONTEXT ( 3 ) GLOBAL_UNCERTAINTY_ASSIGNED_CONTEXT ( ( #32 ) ) GLOBAL_UNIT_ASSIGNED_CONTEXT ( ( #1946, #495, #4384 ) ) REPRESENTATION_CONTEXT ( 'NONE', 'WORKASPACE' ) );
#4562 = CARTESIAN_POINT ( 'NONE',  ( -0.001299720217928850181, -0.02705233684418779927, 0.01601318215162559830 ) ) ;
#4563 = DIRECTION ( 'NONE',  ( 0.000000000000000000, 0.000000000000000000, 1.000000000000000000 ) ) ;
#4564 = CARTESIAN_POINT ( 'NONE',  ( 0.02658883526898650138, 0.0001769098682243150031, 0.007822564258397239970 ) ) ;
#4565 = CARTESIAN_POINT ( 'NONE',  ( -0.001244892837254789851, 0.02706136684287799993, 0.01604396565213839915 ) ) ;
#4566 = CARTESIAN_POINT ( 'NONE',  ( -0.02379117892314920255, -0.003909977010386700425, 0.05310163246858309871 ) ) ;
#4567 = CARTESIAN_POINT ( 'NONE',  ( 0.0008832205086637830681, 0.02408853759541410011, 0.06024594700925380020 ) ) ;
#4568 = CARTESIAN_POINT ( 'NONE',  ( 0.002238936440581716907, -0.001080638208088325085, 0.002161276416176649302 ) ) ;
#4569 = ADVANCED_FACE ( 'NONE', ( #472 ), #5978, .F. ) ;
#4570 = CARTESIAN_POINT ( 'NONE',  ( 0.001971040390899779851, -0.02403599059629499962, 0.007544876283635549782 ) ) ;
#4571 = ORIENTED_EDGE ( 'NONE', *, *, #834, .T. ) ;
#4572 = CARTESIAN_POINT ( 'NONE',  ( -0.04967670737730049690, 0.0001273564404354379765, -0.01315511989376190113 ) ) ;
#4573 = CARTESIAN_POINT ( 'NONE',  ( 0.02404875635094190153, 0.001808394454481509995, 0.006248191447182330389 ) ) ;
#4574 = B_SPLINE_SURFACE_WITH_KNOTS ( 'NONE', 3, 3, ( 
 ( #3245, #3181, #5686, #780 ),
 ( #2661, #680, #5225, #4288 ),
 ( #2756, #2267, #4770, #814 ),
 ( #6277, #237, #4255, #3777 ),
 ( #6246, #4639, #3279, #5749 ),
 ( #1301, #5261, #1813, #2203 ) ),
 .UNSPECIFIED., .F., .F., .F.,
 ( 4, 2, 4 ),
 ( 4, 4 ),
 ( 0.000000000000000000, 0.01556923179892660131, 1.000085847075770085 ),
 ( 0.1466058062959690045, 1.000000000000000000 ),
 .UNSPECIFIED. ) ;
#4575 = CARTESIAN_POINT ( 'NONE',  ( -0.001041154136805169921, 0.02491585254628410004, 0.01173579105423010020 ) ) ;
#4576 = CARTESIAN_POINT ( 'NONE',  ( 0.02498293155237410121, 0.0003054157717488360227, 0.006112665690341229259 ) ) ;
#4577 =( LENGTH_UNIT ( ) NAMED_UNIT ( * ) SI_UNIT ( $, .METRE. ) );
#4578 = CARTESIAN_POINT ( 'NONE',  ( 0.02618891476030731774, -0.002540419066284850362, 0.05109927139989049738 ) ) ;
#4579 = CARTESIAN_POINT ( 'NONE',  ( -0.02622276767918509804, 0.0008605064496224800125, -0.01663026472918810103 ) ) ;
#4580 = LINE ( 'NONE', #6214, #5348 ) ;
#4581 = CARTESIAN_POINT ( 'NONE',  ( 0.04967670737730029568, 0.0003586059067325040347, -0.01106837121146690001 ) ) ;
#4582 = CARTESIAN_POINT ( 'NONE',  ( 0.005302434348972760378, -0.02350945344927200115, 0.04375201446887670015 ) ) ;
#4583 = ORIENTED_EDGE ( 'NONE', *, *, #4183, .T. ) ;
#4584 = CARTESIAN_POINT ( 'NONE',  ( -0.01748184511945690203, 0.0005959672718842799364, 0.03485274408161239540 ) ) ;
#4585 = CARTESIAN_POINT ( 'NONE',  ( 0.001290098280607729266, -0.0007140993512418974867, -8.745194847715912688E-20 ) ) ;
#4586 = CARTESIAN_POINT ( 'NONE',  ( 0.000000000000000000, 6.578515956843808779E-05, 0.0003309238554237160226 ) ) ;
#4587 = CARTESIAN_POINT ( 'NONE',  ( 2.836173584335904241E-05, 0.02725220829119099838, 0.005779524943036905803 ) ) ;
#4588 = CARTESIAN_POINT ( 'NONE',  ( 0.1632247789736557542, 0.02055518108694219526, 0.000000000000000000 ) ) ;
#4589 = CARTESIAN_POINT ( 'NONE',  ( 0.1429219362925316372, -0.01977994956041832092, -2.422345191646239435E-18 ) ) ;
#4590 = CARTESIAN_POINT ( 'NONE',  ( -0.02613790760721130049, -0.002239122263253750036, 0.05269999696580879994 ) ) ;
#4591 = CARTESIAN_POINT ( 'NONE',  ( -0.000000000000000000, 0.002667539199574862300, 0.02561445115218047297 ) ) ;
#4592 = CARTESIAN_POINT ( 'NONE',  ( -0.005231562490673359947, 0.02352533620123849895, 0.03706764523649500043 ) ) ;
#4593 = CARTESIAN_POINT ( 'NONE',  ( 0.0009007157502371979530, 0.02669385601143459824, 8.185981674415890752E-05 ) ) ;
#4594 = CARTESIAN_POINT ( 'NONE',  ( -0.0009810017220257668744, -0.02712094981387669704, 0.01319318492934050055 ) ) ;
#4595 = CARTESIAN_POINT ( 'NONE',  ( -0.04967670737731640085, -0.001868412592617920082, 0.001598896181240010020 ) ) ;
#4596 = CARTESIAN_POINT ( 'NONE',  ( 0.02506606445243870010, -3.279337996052719613E-05, 0.05818135135803590569 ) ) ;
#4597 = CARTESIAN_POINT ( 'NONE',  ( -0.008740922559727920191, 4.345022600081359609E-05, -0.007470735569529910261 ) ) ;
#4598 = CARTESIAN_POINT ( 'NONE',  ( -0.02404418756578580174, -0.001868338744956049959, 0.006718391118619030170 ) ) ;
#4599 = CARTESIAN_POINT ( 'NONE',  ( -0.005310116013988980255, 0.02350771537000199973, 0.04279712733474410474 ) ) ;
#4600 = CARTESIAN_POINT ( 'NONE',  ( 0.02826114334772389380, -0.007013549795020895469, -8.589121307132914630E-19 ) ) ;
#4601 = CARTESIAN_POINT ( 'NONE',  ( 0.004330832323656180587, -0.02371896526601489918, 0.04938650409084499593 ) ) ;
#4602 = ORIENTED_EDGE ( 'NONE', *, *, #4069, .T. ) ;
#4603 = CARTESIAN_POINT ( 'NONE',  ( 3.331042562626429970E-05, -0.02729982295108220047, 0.006175214694755470218 ) ) ;
#4604 = CARTESIAN_POINT ( 'NONE',  ( 0.02373284894997969990, 0.004267333958848230739, 0.03282939216096109752 ) ) ;
#4605 = CARTESIAN_POINT ( 'NONE',  ( 0.003396161451925179976, 0.02451472720122499852, 0.03995383835842220011 ) ) ;
#4606 = CARTESIAN_POINT ( 'NONE',  ( 0.02666426674329369986, -0.0004705699979818679895, 0.003160808989586090349 ) ) ;
#4607 = CARTESIAN_POINT ( 'NONE',  ( -0.02730408992750714761, 9.260469586438950366E-05, 0.006173173446767019762 ) ) ;
#4608 = B_SPLINE_CURVE_WITH_KNOTS ( 'NONE', 3,
 ( #4546, #1653, #4157, #6148, #5095, #4129, #747, #6117, #1625 ),
 .UNSPECIFIED., .F., .F.,
 ( 4, 2, 1, 1, 1, 4 ),
 ( 0.001211342269168130077, 0.001211915471552419982, 0.008831778982229690142, 0.01645164249290700584, 0.03169136951426149845, 0.04621920512418540433 ),
 .UNSPECIFIED. ) ;
#4609 = ORIENTED_EDGE ( 'NONE', *, *, #2767, .F. ) ;
#4610 = CARTESIAN_POINT ( 'NONE',  ( -0.04967670737730060099, 4.789973078216439966E-05, -0.01371835121501849969 ) ) ;
#4611 = CARTESIAN_POINT ( 'NONE',  ( -0.004710502887297359810, -0.02363551123368489923, 0.05275132697484259670 ) ) ;
#4612 = ORIENTED_EDGE ( 'NONE', *, *, #1247, .T. ) ;
#4613 = AXIS2_PLACEMENT_3D ( 'NONE', #2113, #4105, #1661 ) ;
#4614 = CARTESIAN_POINT ( 'NONE',  ( -0.0009810017220257512618, -0.02712094981387655132, 0.01319318492934050055 ) ) ;
#4615 = COLOUR_RGB ( '',0.7921568627450980005, 0.8196078431372548767, 0.9333333333333333481 ) ;
#4616 = CARTESIAN_POINT ( 'NONE',  ( 0.0004817771452915797304, -0.0003404228950179932593, -4.168978087402608854E-20 ) ) ;
#4617 = DIRECTION ( 'NONE',  ( 1.000000000000000000, 0.000000000000000000, 0.000000000000000000 ) ) ;
#4618 = CARTESIAN_POINT ( 'NONE',  ( 0.4570000000000000173, 0.000000000000000000, 0.000000000000000000 ) ) ;
#4619 = CARTESIAN_POINT ( 'NONE',  ( -0.02730487919462199972, -3.113955697154770067E-05, 0.006155385157790949774 ) ) ;
#4620 = CARTESIAN_POINT ( 'NONE',  ( -0.03475780225712390287, 2.782192094234759978E-05, -0.0007959556547043069273 ) ) ;
#4621 = CARTESIAN_POINT ( 'NONE',  ( -0.02728985401338469841, 0.0001184135356158390003, 0.006369560177985030165 ) ) ;
#4622 = CARTESIAN_POINT ( 'NONE',  ( 8.392809770255080248E-05, -0.04967670737730029568, -0.01307724465576839967 ) ) ;
#4623 = CARTESIAN_POINT ( 'NONE',  ( -0.003882995204596299734, 0.02378525904705949823, 0.01713609528233850030 ) ) ;
#4624 = CARTESIAN_POINT ( 'NONE',  ( -2.716850332799836121E-05, -0.02345393969811699827, 0.02071345778977801144 ) ) ;
#4625 = CARTESIAN_POINT ( 'NONE',  ( 0.001087831096791010144, -0.02709504529186360089, 0.01463073033850409953 ) ) ;
#4626 = CARTESIAN_POINT ( 'NONE',  ( -0.04967670737730149610, -7.500976252173870292E-05, 0.03662082091003460160 ) ) ;
#4627 = B_SPLINE_SURFACE_WITH_KNOTS ( 'NONE', 3, 3, ( 
 ( #2385, #4362, #6356, #986 ),
 ( #6295, #2998, #4391, #1830 ),
 ( #6384, #5927, #1434, #3426 ),
 ( #4910, #470, #2445, #4457 ),
 ( #27, #2505, #2994, #2476 ),
 ( #3525, #3064, #153, #1985 ) ),
 .UNSPECIFIED., .F., .F., .F.,
 ( 4, 2, 4 ),
 ( 4, 4 ),
 ( 0.000000000000000000, 0.01556923179892660131, 1.000000000000000000 ),
 ( 0.000000000000000000, 1.000000000000000000 ),
 .UNSPECIFIED. ) ;
#4628 = CARTESIAN_POINT ( 'NONE',  ( 0.02660150672823900081, -0.002825183354069340028, 0.03435768890723080171 ) ) ;
#4629 = CARTESIAN_POINT ( 'NONE',  ( 0.002648723920126810211, -0.02395400324358240227, 0.005734348965515220081 ) ) ;
#4630 = CARTESIAN_POINT ( 'NONE',  ( -0.02373271562430509865, 0.004253602460148960158, 0.05093517710745740223 ) ) ;
#4631 = CARTESIAN_POINT ( 'NONE',  ( -2.762436788240558766E-05, -0.02659560959635781305, 0.005748043379142532897 ) ) ;
#4632 = CARTESIAN_POINT ( 'NONE',  ( 0.1588327224262097992, 0.02046602387686770677, 5.012730126415868619E-18 ) ) ;
#4633 = CARTESIAN_POINT ( 'NONE',  ( -0.003214586380089739810, -0.02445345484140390088, 0.04970808137520019848 ) ) ;
#4634 = ORIENTED_EDGE ( 'NONE', *, *, #3516, .F. ) ;
#4635 = CARTESIAN_POINT ( 'NONE',  ( -0.02512165982172680223, 9.276034860532939019E-05, 0.008083831303625410927 ) ) ;
#4636 = CARTESIAN_POINT ( 'NONE',  ( 0.02405095789480730245, 0.001779086849193299916, 0.006011117702745530020 ) ) ;
#4637 = CARTESIAN_POINT ( 'NONE',  ( 2.137900369210379885E-05, 0.02662013064587909900, 0.006268506983961589368 ) ) ;
#4638 = CARTESIAN_POINT ( 'NONE',  ( 0.02738000709510170216, -0.0008079131411233010348, 0.0001381408674906049868 ) ) ;
#4639 = CARTESIAN_POINT ( 'NONE',  ( -7.272623546624220204E-06, -0.03475780225712390287, -0.0006500660213635529958 ) ) ;
#4640 = CARTESIAN_POINT ( 'NONE',  ( -0.02730967431123188308, 7.149026863141585335E-05, 0.006024340198708868360 ) ) ;
#4641 = CARTESIAN_POINT ( 'NONE',  ( 0.003010080466150669761, 0.03330667567358260028, 0.03916842190989289901 ) ) ;
#4642 = CARTESIAN_POINT ( 'NONE',  ( -0.02731468076792820110, 2.827751929175269940E-05, 0.005725352261985730377 ) ) ;
#4643 = FACE_OUTER_BOUND ( 'NONE', #5648, .T. ) ;
#4644 = DIRECTION ( 'NONE',  ( -1.000000000000000000, -0.000000000000000000, -0.000000000000000000 ) ) ;
#4645 = CARTESIAN_POINT ( 'NONE',  ( 0.004575327226480599592, 0.02367364404463970229, 0.04560348553630400037 ) ) ;
#4646 = VERTEX_POINT ( 'NONE', #6160 ) ;
#4647 = CARTESIAN_POINT ( 'NONE',  ( -0.008740922559727260996, -0.001897803828531909954, 0.007759467526831099506 ) ) ;
#4648 = CARTESIAN_POINT ( 'NONE',  ( 4.611134480102764750E-05, 6.054612536567709441E-05, -0.0001210922507313541753 ) ) ;
#4649 = CARTESIAN_POINT ( 'NONE',  ( -0.02409999999999999989, 2.951398785945121396E-18, 0.06175378874876469998 ) ) ;
#4650 = CARTESIAN_POINT ( 'NONE',  ( -0.001762892465331056735, 0.02405212563208563442, 0.005896236216002016632 ) ) ;
#4651 = EDGE_CURVE ( 'NONE', #3185, #4181, #5050, .T. ) ;
#4652 = CARTESIAN_POINT ( 'NONE',  ( -0.02731348223698189942, 6.382996126417789099E-05, 0.005474232370041680340 ) ) ;
#4653 = CARTESIAN_POINT ( 'NONE',  ( -0.02729834969703550177, -3.363617849357969977E-05, 0.006178816599161260706 ) ) ;
#4654 = CARTESIAN_POINT ( 'NONE',  ( 0.002184009799325180041, 0.02400224714013109856, 0.001721876379183679903 ) ) ;
#4655 = CARTESIAN_POINT ( 'NONE',  ( -0.000000000000000000, 0.002674562657331936398, 0.02572853968418391257 ) ) ;
#4656 = EDGE_CURVE ( 'NONE', #2262, #3542, #6018, .T. ) ;
#4657 = CARTESIAN_POINT ( 'NONE',  ( 0.001687758194342590121, -0.02695908043380410013, 0.02028153536230449874 ) ) ;
#4658 = CYLINDRICAL_SURFACE ( 'NONE', #3653, 0.01874999999999999931 ) ;
#4659 = CARTESIAN_POINT ( 'NONE',  ( 0.02651331659970019780, 0.002928523118160700125, 0.03857783033836409414 ) ) ;
#4660 = CARTESIAN_POINT ( 'NONE',  ( 0.001978649576983510308, -0.02401867668966880046, 0.0003261404126066520153 ) ) ;
#4661 = CARTESIAN_POINT ( 'NONE',  ( -0.02479228573823229892, 0.002037358811463410319, 0.02018048705091650061 ) ) ;
#4662 = CARTESIAN_POINT ( 'NONE',  ( -0.0008893904224652970057, -0.04149169152544189554, -0.0002513642722247379918 ) ) ;
#4663 = CARTESIAN_POINT ( 'NONE',  ( 0.1262846389679519454, -0.01869886441939025076, -2.289950445889660116E-18 ) ) ;
#4664 = CARTESIAN_POINT ( 'NONE',  ( 0.002872150371683009854, -0.02464612555486160247, 0.03055988369722770215 ) ) ;
#4665 = VERTEX_POINT ( 'NONE', #5570 ) ;
#4666 = CARTESIAN_POINT ( 'NONE',  ( -0.02512165982172710060, 0.0009484447689679159285, 0.05754937537719069518 ) ) ;
#4667 = CARTESIAN_POINT ( 'NONE',  ( 0.02498364165706489989, 0.0003059846288082460086, 0.006112485037378559416 ) ) ;
#4668 = CARTESIAN_POINT ( 'NONE',  ( 0.001239335013226990079, 0.02523190217960199697, 0.05700107201179459987 ) ) ;
#4669 = CARTESIAN_POINT ( 'NONE',  ( 0.02663817215090480070, -0.0001477805220476760008, 0.005475905402856300064 ) ) ;
#4670 = CARTESIAN_POINT ( 'NONE',  ( 0.02054999999999999882, -0.02054999999999999882, 0.07343700320369954404 ) ) ;
#4671 = EDGE_CURVE ( 'NONE', #3240, #2063, #1121, .T. ) ;
#4672 = CARTESIAN_POINT ( 'NONE',  ( -0.02622276767918369986, 6.274553938621750407E-05, -0.02263436375411089982 ) ) ;
#4673 = CARTESIAN_POINT ( 'NONE',  ( 0.0008904916611158440179, 0.02512165982172400239, 0.01408091294462820130 ) ) ;
#4674 = DIRECTION ( 'NONE',  ( -1.000000000000000000, -0.000000000000000000, -0.000000000000000000 ) ) ;
#4675 = FACE_OUTER_BOUND ( 'NONE', #1874, .T. ) ;
#4676 = CARTESIAN_POINT ( 'NONE',  ( 0.002352930150469789879, -0.02398490362452060029, 0.003344674424668129826 ) ) ;
#4677 = CARTESIAN_POINT ( 'NONE',  ( -0.001305889416468160053, -0.02407435149206569799, 0.06012711767439050253 ) ) ;
#4678 = CARTESIAN_POINT ( 'NONE',  ( 0.004394404973408149416, 0.02370945899168560092, 0.03424625913865689958 ) ) ;
#4679 = EDGE_LOOP ( 'NONE', ( #4034, #970, #651 ) ) ;
#4680 = CARTESIAN_POINT ( 'NONE',  ( -0.01748184511944600103, -0.002246183442187860233, 0.03071021775827340039 ) ) ;
#4681 = CARTESIAN_POINT ( 'NONE',  ( 0.04967670737729990016, 0.002281293988873620351, 0.03187117607420240223 ) ) ;
#4682 = LINE ( 'NONE', #2703, #1713 ) ;
#4683 = AXIS2_PLACEMENT_3D ( 'NONE', #2580, #4987, #4563 ) ;
#4684 = LINE ( 'NONE', #3788, #2949 ) ;
#4685 = CARTESIAN_POINT ( 'NONE',  ( -0.02662909679947950137, 6.019126794596130371E-05, 0.006103297135849960336 ) ) ;
#4686 = CARTESIAN_POINT ( 'NONE',  ( -0.04967670737730060099, 2.689795949422499867E-05, -0.01386711213951230016 ) ) ;
#4687 = CARTESIAN_POINT ( 'NONE',  ( -0.02692468073392919811, -0.001821410643220209820, 0.02169179231662759708 ) ) ;
#4688 = CARTESIAN_POINT ( 'NONE',  ( 0.000000000000000000, 0.002674746770984298087, 0.02573154017035037336 ) ) ;
#4689 = CARTESIAN_POINT ( 'NONE',  ( 0.001447425847471110012, -0.02701584102260059725, 0.01792769636417479787 ) ) ;
#4690 = CARTESIAN_POINT ( 'NONE',  ( 0.003030616559309599802, 0.02640178537830770167, 0.04275286203044140199 ) ) ;
#4691 = CARTESIAN_POINT ( 'NONE',  ( 0.02669492146488459949, 0.002580192401522800067, 0.03107944157183099854 ) ) ;
#4692 = CARTESIAN_POINT ( 'NONE',  ( 0.002652823356354269777, -0.02395354939223150181, 0.005767505141804510002 ) ) ;
#4693 = CARTESIAN_POINT ( 'NONE',  ( -0.02477817758059120204, -0.002119909534073240176, 0.02162653002387050077 ) ) ;
#4694 = EDGE_CURVE ( 'NONE', #2700, #1340, #5917, .T. ) ;
#4695 = CARTESIAN_POINT ( 'NONE',  ( -2.779947452084764650E-05, -0.02665122336352436505, 0.005792310829275394181 ) ) ;
#4696 = CARTESIAN_POINT ( 'NONE',  ( -0.02405350969740379860, 0.001725190639204179964, 0.05995430385474939672 ) ) ;
#4697 = CARTESIAN_POINT ( 'NONE',  ( 0.1639999999999998959, -0.02056046467050398618, 0.04112092934100795849 ) ) ;
#4698 = CARTESIAN_POINT ( 'NONE',  ( 0.002873297363747020269, -0.02445934024298429890, 0.05242346062730769696 ) ) ;
#4699 = EDGE_LOOP ( 'NONE', ( #705, #6154, #5301, #2951 ) ) ;
#4700 = CARTESIAN_POINT ( 'NONE',  ( -0.04149169152544359557, 0.0005318081265415589573, 0.04366578062640810026 ) ) ;
#4701 = CARTESIAN_POINT ( 'NONE',  ( 0.02497250754735920106, 0.0004210355067865909876, 0.006926448634674310482 ) ) ;
#4702 = CARTESIAN_POINT ( 'NONE',  ( 6.864546274007019388E-06, 0.02662894824104129754, 0.006172097958461380228 ) ) ;
#4703 = CARTESIAN_POINT ( 'NONE',  ( -0.02352122318436259893, 0.005250141875774459732, 0.04706187354175309784 ) ) ;
#4704 = CARTESIAN_POINT ( 'NONE',  ( -0.02054999999999999882, 0.000000000000000000, 0.07343700320369959955 ) ) ;
#4705 = CARTESIAN_POINT ( 'NONE',  ( -0.0002546086648985059625, 0.02498712894309379831, 0.005752636726282179570 ) ) ;
#4706 = CARTESIAN_POINT ( 'NONE',  ( 0.002816417327995869926, 0.04149169152545799377, 0.03527137135320559946 ) ) ;
#4707 = CARTESIAN_POINT ( 'NONE',  ( -0.02730930028360860004, 2.827965636510889927E-05, 0.005730053777633550144 ) ) ;
#4708 = CARTESIAN_POINT ( 'NONE',  ( 0.02054999999999999882, 0.000000000000000000, 0.000000000000000000 ) ) ;
#4709 = CARTESIAN_POINT ( 'NONE',  ( 0.03475780225712390287, -7.272623546623059769E-06, -0.0006500660213635109288 ) ) ;
#4710 = CARTESIAN_POINT ( 'NONE',  ( 0.02382916341978279923, 0.003606833151136530202, 0.01428896043342340119 ) ) ;
#4711 = CARTESIAN_POINT ( 'NONE',  ( 0.02384356629788229875, -0.003507397742539880049, 0.01283964930745690007 ) ) ;
#4712 = CARTESIAN_POINT ( 'NONE',  ( 0.004605262790142510172, 0.02366806800810379932, 0.04418615855950309979 ) ) ;
#4713 = VERTEX_POINT ( 'NONE', #4302 ) ;
#4714 = CARTESIAN_POINT ( 'NONE',  ( -9.458513709755083092E-05, -0.02730225798897325737, 0.006188451801076639246 ) ) ;
#4715 = CARTESIAN_POINT ( 'NONE',  ( 0.0004817771452915797304, -0.0003404228950179931509, -0.0006808457900359864102 ) ) ;
#4716 = CARTESIAN_POINT ( 'NONE',  ( 0.03330667567358500114, -0.002818156347424939992, 0.04242868205622270239 ) ) ;
#4717 =( NAMED_UNIT ( * ) PLANE_ANGLE_UNIT ( ) SI_UNIT ( $, .RADIAN. ) );
#4718 = STYLED_ITEM ( 'NONE', ( #4235 ), #2815 ) ;
#4719 = CARTESIAN_POINT ( 'NONE',  ( -0.02665078791275490161, 0.0003021021965064849685, 0.004368227363575559984 ) ) ;
#4720 = CARTESIAN_POINT ( 'NONE',  ( -0.04967670737730060099, 6.313662641620580074E-06, -0.01372070392779610112 ) ) ;
#4721 = CARTESIAN_POINT ( 'NONE',  ( 0.0008773868494634180825, -0.02670785372847634884, 8.798271289991680549E-05 ) ) ;
#4722 = CARTESIAN_POINT ( 'NONE',  ( 3.583149667195550589E-05, -0.04967670737730060099, -0.01342094156759589957 ) ) ;
#4723 = DIRECTION ( 'NONE',  ( 0.000000000000000000, 0.000000000000000000, 1.000000000000000000 ) ) ;
#4724 = CARTESIAN_POINT ( 'NONE',  ( 0.02405027732678585717, -0.001591503149893787241, 1.008511224599134396E-19 ) ) ;
#4725 = FACE_OUTER_BOUND ( 'NONE', #4996, .T. ) ;
#4726 = CARTESIAN_POINT ( 'NONE',  ( 0.02725680223402950075, 0.0002554273469344639784, 0.007822735625167540063 ) ) ;
#4727 = CARTESIAN_POINT ( 'NONE',  ( 0.001928688348892529901, -0.02402271403154590187, -7.632944361992240667E-05 ) ) ;
#4728 = CARTESIAN_POINT ( 'NONE',  ( -0.02467352963530460019, -0.002736385196805000281, 0.02867957958301390123 ) ) ;
#4729 = CARTESIAN_POINT ( 'NONE',  ( -2.828339077277200033E-05, -0.02730659893060220084, 0.005732395045064270396 ) ) ;
#4730 = CARTESIAN_POINT ( 'NONE',  ( 0.02728830161330789497, 4.860720474096008397E-05, 0.006294174026215230110 ) ) ;
#4731 = CARTESIAN_POINT ( 'NONE',  ( 0.1606410331029352323, -0.02051151099262210273, 0.04102302198524419158 ) ) ;
#4732 = CARTESIAN_POINT ( 'NONE',  ( -9.401007567357099238E-06, -0.02662864107254990162, 0.006189754998419999890 ) ) ;
#4733 = VERTEX_POINT ( 'NONE', #1883 ) ;
#4734 = CARTESIAN_POINT ( 'NONE',  ( -0.04967670737730169733, 0.001504424157930730208, 0.03496762915002270267 ) ) ;
#4735 = CARTESIAN_POINT ( 'NONE',  ( 0.02662013267456799989, -2.137912395969150011E-05, 0.006268509706252410087 ) ) ;
#4736 = CARTESIAN_POINT ( 'NONE',  ( 6.646357125318199592E-06, 0.02662896567651269752, 0.006170570179622590461 ) ) ;
#4737 = CARTESIAN_POINT ( 'NONE',  ( 2.128041908709860130E-05, 0.02730850976103589914, 0.005780391834076280440 ) ) ;
#4738 = CARTESIAN_POINT ( 'NONE',  ( 0.02054999999999999882, 0.02054999999999999882, 0.07343700320369954404 ) ) ;
#4739 = CARTESIAN_POINT ( 'NONE',  ( -0.001761836530235290051, 0.02405220115709949882, 0.005888612703513780751 ) ) ;
#4740 = CARTESIAN_POINT ( 'NONE',  ( 0.002176480008668880018, 0.04967670737730559699, 0.03267743721554609848 ) ) ;
#4741 = CARTESIAN_POINT ( 'NONE',  ( -0.002763585452571690020, -0.02394102517841690050, 0.006248776118045089485 ) ) ;
#4742 = CARTESIAN_POINT ( 'NONE',  ( 0.02403599862913012586, -0.001922369493442298250, 0.005855932706498357537 ) ) ;
#4743 = EDGE_CURVE ( 'NONE', #2262, #5753, #4128, .T. ) ;
#4744 = CARTESIAN_POINT ( 'NONE',  ( 0.02349970915177199832, -0.005345456666833270191, 0.04420261121039689711 ) ) ;
#4745 = CARTESIAN_POINT ( 'NONE',  ( 0.003627531213327189925, 0.02383519341355579829, 0.05489978184929869554 ) ) ;
#4746 = EDGE_LOOP ( 'NONE', ( #808, #1069, #891, #1648, #3208, #4068, #4292, #6006, #1751, #3645, #3579, #3508 ) ) ;
#4747 = CARTESIAN_POINT ( 'NONE',  ( -0.0008139451706275110899, -0.02715519708511945213, 0.01178446146797699871 ) ) ;
#4748 = CARTESIAN_POINT ( 'NONE',  ( 0.02826114334772389380, -0.007013549795020893735, -0.01402709959004178747 ) ) ;
#4749 = CARTESIAN_POINT ( 'NONE',  ( 0.04967670737731679637, -0.002814682857649449931, 0.02811403963872960085 ) ) ;
#4750 = FACE_OUTER_BOUND ( 'NONE', #1725, .T. ) ;
#4751 = CARTESIAN_POINT ( 'NONE',  ( -0.02730760493057590027, 1.499524896436399989E-05, 0.005825765229983529726 ) ) ;
#4752 = CARTESIAN_POINT ( 'NONE',  ( -0.02400586582984050310, -0.002128447546869539995, 0.001533552523338519965 ) ) ;
#4753 = CARTESIAN_POINT ( 'NONE',  ( 8.991404271427899295E-05, 0.04967670737730060099, -0.01342090596433279971 ) ) ;
#4754 = CARTESIAN_POINT ( 'NONE',  ( 0.000000000000000000, -0.002849007549841687560, 0.04061467954748064491 ) ) ;
#4755 =( LENGTH_UNIT ( ) NAMED_UNIT ( * ) SI_UNIT ( $, .METRE. ) );
#4756 = CARTESIAN_POINT ( 'NONE',  ( 0.0002554679774862400068, -0.02725699828655000004, 0.007822854458895920141 ) ) ;
#4757 = CARTESIAN_POINT ( 'NONE',  ( 0.0007599030683584749460, 0.02541275287622559928, 0.05748299269358420061 ) ) ;
#4758 = CARTESIAN_POINT ( 'NONE',  ( 0.000000000000000000, 0.000000000000000000, 0.000000000000000000 ) ) ;
#4759 = CARTESIAN_POINT ( 'NONE',  ( -1.499524896402969970E-05, -0.02730760493057700009, 0.005825765229984960006 ) ) ;
#4760 = CARTESIAN_POINT ( 'NONE',  ( -0.02472876592016500299, 0.002436914481558550075, 0.02442238505671990093 ) ) ;
#4761 = LINE ( 'NONE', #2684, #2799 ) ;
#4762 = CARTESIAN_POINT ( 'NONE',  ( -0.02363920609252189928, 0.004691170830029049547, 0.02611952087884769971 ) ) ;
#4763 = CARTESIAN_POINT ( 'NONE',  ( 0.1378007682912846255, 0.01947862412482722141, 4.770886937252814110E-18 ) ) ;
#4764 = CARTESIAN_POINT ( 'NONE',  ( -7.610747057932189653E-05, -0.02661092613309740118, 0.006661745352039599895 ) ) ;
#4765 = CARTESIAN_POINT ( 'NONE',  ( -0.04967670737730189856, 0.001872015784316490104, 0.03395040142086400148 ) ) ;
#4766 = CARTESIAN_POINT ( 'NONE',  ( 0.02656010026329960055, -0.0003873234676335379767, 0.008969529376644349780 ) ) ;
#4767 = SHAPE_REPRESENTATION ( 'Fins and FIn Can (1).step', ( #2889, #112, #2275, #3844, #3737, #835 ), #320 ) ;
#4768 = CARTESIAN_POINT ( 'NONE',  ( 0.001076986056699780116, 0.02643851656739119871, 0.01459871878797279997 ) ) ;
#4769 = CARTESIAN_POINT ( 'NONE',  ( 0.1639999999999998959, 0.000000000000000000, 0.000000000000000000 ) ) ;
#4770 = CARTESIAN_POINT ( 'NONE',  ( 3.466569458199299675E-05, -0.04221725481721219642, -0.006890775929810969563 ) ) ;
#4771 = CARTESIAN_POINT ( 'NONE',  ( -0.002608273320435039976, 0.02395844704174470222, 0.005407341021235139919 ) ) ;
#4772 = CARTESIAN_POINT ( 'NONE',  ( 0.002996715415404410145, 0.02512165982172340217, 0.04002051959972029865 ) ) ;
#4773 = CARTESIAN_POINT ( 'NONE',  ( -0.005178677439917439736, -0.02353714173978129973, 0.03420468838296500391 ) ) ;
#4774 = AXIS2_PLACEMENT_3D ( 'NONE', #5941, #3375, #4436 ) ;
#4775 = VERTEX_POINT ( 'NONE', #3759 ) ;
#4776 = CARTESIAN_POINT ( 'NONE',  ( 0.02393377744210280211, 0.002878303062519499585, 0.05859549888037540039 ) ) ;
#4777 = CARTESIAN_POINT ( 'NONE',  ( 0.02359967742360280160, -0.004886485642483240528, 0.05149682238309750276 ) ) ;
#4778 = CARTESIAN_POINT ( 'NONE',  ( 0.004320848847875539273, 0.02372314472383800152, 0.03282369778049660375 ) ) ;
#4779 = EDGE_LOOP ( 'NONE', ( #6075, #3013, #3999, #1552 ) ) ;
#4780 = CARTESIAN_POINT ( 'NONE',  ( 0.002305839245542155684, -0.02615521824796678690, 0.05226619805385040313 ) ) ;
#4781 = CARTESIAN_POINT ( 'NONE',  ( 0.006914616367353527970, 0.002506122140752170720, 0.000000000000000000 ) ) ;
#4782 = CARTESIAN_POINT ( 'NONE',  ( 0.02512165982172570242, -0.002185477076020899984, 0.05415152050172560017 ) ) ;
#4783 = DIRECTION ( 'NONE',  ( 0.000000000000000000, -4.509449604984449986E-15, -1.000000000000000000 ) ) ;
#4784 = CARTESIAN_POINT ( 'NONE',  ( 0.02569790162944892223, -2.195063760279938330E-05, 0.003911102985332693543 ) ) ;
#4785 = CARTESIAN_POINT ( 'NONE',  ( 6.890688674822619236E-05, 0.04967670737730060099, -0.01356962858967569914 ) ) ;
#4786 = CARTESIAN_POINT ( 'NONE',  ( 0.0008715373375061140132, -0.02670745055776639967, 0.0001281655449306222090 ) ) ;
#4787 = CARTESIAN_POINT ( 'NONE',  ( -0.000000000000000000, -0.002814243434961583804, 0.04114560758480835523 ) ) ;
#4788 = AXIS2_PLACEMENT_3D ( 'NONE', #6165, #225, #6133 ) ;
#4789 = DIRECTION ( 'NONE',  ( 0.000000000000000000, 0.000000000000000000, 1.000000000000000000 ) ) ;
#4790 = CARTESIAN_POINT ( 'NONE',  ( 0.02409999999999998949, -0.02409999999999998949, 0.06175378874876467222 ) ) ;
#4791 = CARTESIAN_POINT ( 'NONE',  ( 0.0002766674920871739865, 0.02514910004077640024, 0.05803312393020619575 ) ) ;
#4792 = CARTESIAN_POINT ( 'NONE',  ( 0.02658049076245080217, 0.002831780894366419787, 0.03576780249818199697 ) ) ;
#4793 = CARTESIAN_POINT ( 'NONE',  ( -0.0008950756309253850209, -0.02669349449691599957, 0.0001221662507857999998 ) ) ;
#4794 = CARTESIAN_POINT ( 'NONE',  ( -0.02446320953967499878, -0.003154752421468149694, 0.04971952133642350280 ) ) ;
#4795 = CARTESIAN_POINT ( 'NONE',  ( 0.0005401527661486769591, -0.02512165982173140272, 0.05793822995962080030 ) ) ;
#4796 = CARTESIAN_POINT ( 'NONE',  ( 0.02727371120537589594, 0.0001446791514761747177, 0.006998919323521439820 ) ) ;
#4797 = CARTESIAN_POINT ( 'NONE',  ( 0.0008572646813887000719, -0.02647657319282020055, 0.01321574017476729972 ) ) ;
#4798 = CARTESIAN_POINT ( 'NONE',  ( -0.04967670737730139896, 0.001263013066965930093, 0.03548486484308169958 ) ) ;
#4799 = CARTESIAN_POINT ( 'NONE',  ( 0.02454038690705509854, 0.003297695625910039736, 0.03855657795325530268 ) ) ;
#4800 = CARTESIAN_POINT ( 'NONE',  ( -6.564878504821839414E-07, 0.02661577145017979956, 0.006534480437135799409 ) ) ;
#4801 = CYLINDRICAL_SURFACE ( 'NONE', #3607, 0.01874999999999999931 ) ;
#4802 = CYLINDRICAL_SURFACE ( 'NONE', #3217, 0.01899999999999999953 ) ;
#4803 = CARTESIAN_POINT ( 'NONE',  ( 0.0005410766485167860977, 0.03330667567358280151, 0.05082892550271069648 ) ) ;
#4804 = CARTESIAN_POINT ( 'NONE',  ( -0.002727512380973580019, -0.02394516170724829765, 0.005953623739100599201 ) ) ;
#4805 = CARTESIAN_POINT ( 'NONE',  ( 0.02387230908579010200, 0.003309776247452029738, 0.01144221294875299999 ) ) ;
#4806 = CARTESIAN_POINT ( 'NONE',  ( 0.02357628460900320147, 0.004997490549825629735, 0.04992993896625559647 ) ) ;
#4807 = CARTESIAN_POINT ( 'NONE',  ( 0.0003652326857421829835, 0.02498085356207679908, 0.006134263485247439494 ) ) ;
#4808 = CARTESIAN_POINT ( 'NONE',  ( 0.002395608798146430917, -0.02676010895056206429, 0.02842164969365230248 ) ) ;
#4809 = CARTESIAN_POINT ( 'NONE',  ( 0.07394948935830365777, -0.01364000912233499264, -1.670419351200824693E-18 ) ) ;
#4810 = CARTESIAN_POINT ( 'NONE',  ( 0.03330667567358370357, -0.0001291364003217750154, 0.001181181810271879871 ) ) ;
#4811 = CARTESIAN_POINT ( 'NONE',  ( 0.02730967431123180675, -7.149026863206958660E-05, 0.006024340198713395989 ) ) ;
#4812 = CARTESIAN_POINT ( 'NONE',  ( -0.001573464996372181488, 0.02406924968747873456, 1.219727444046193451E-19 ) ) ;
#4813 = CARTESIAN_POINT ( 'NONE',  ( -0.0005059463322182070023, 0.02502282394923710171, 5.553613203590809761E-05 ) ) ;
#4814 = CARTESIAN_POINT ( 'NONE',  ( -0.000000000000000000, -0.002481053107855173134, 0.04458998561806216954 ) ) ;
#4815 = DIRECTION ( 'NONE',  ( -1.000000000000000000, 0.000000000000000000, 0.000000000000000000 ) ) ;
#4816 = LINE ( 'NONE', #5341, #1196 ) ;
#4817 = CARTESIAN_POINT ( 'NONE',  ( -0.001821415242275019981, 0.02692470501931150048, 0.02169182100831279839 ) ) ;
#4818 = ADVANCED_FACE ( 'NONE', ( #918 ), #4988, .F. ) ;
#4819 = CARTESIAN_POINT ( 'NONE',  ( -0.002281293988873630326, 0.04967670737729999730, 0.03187117607420240223 ) ) ;
#4820 = CARTESIAN_POINT ( 'NONE',  ( -4.867866867063190306E-05, -0.02662529841422379973, 0.006183142363047120123 ) ) ;
#4821 = CARTESIAN_POINT ( 'NONE',  ( -0.02662013410849190312, 2.137924809582600100E-05, 0.006268511678029450342 ) ) ;
#4822 = CARTESIAN_POINT ( 'NONE',  ( 0.0009254182300861190031, -0.02512165982173160048, 0.05747610003386400407 ) ) ;
#4823 = CARTESIAN_POINT ( 'NONE',  ( -0.02410044373198952025, 1.153209402198434154E-05, 0.06034147684204827639 ) ) ;
#4824 = CARTESIAN_POINT ( 'NONE',  ( -0.001441879412905840022, -0.02636699163937570103, 0.01788955337938519935 ) ) ;
#4825 = CONTEXT_DEPENDENT_SHAPE_REPRESENTATION ( #3460, #3545 ) ;
#4826 = CARTESIAN_POINT ( 'NONE',  ( -0.04967670737730029568, -8.392809770255370272E-05, -0.01307724465576839967 ) ) ;
#4827 = CARTESIAN_POINT ( 'NONE',  ( 0.02628424142127890051, -0.001822654450951910086, 0.02165400331081359861 ) ) ;
#4828 = CARTESIAN_POINT ( 'NONE',  ( 9.229106012153229265E-05, 0.02730260010267350143, 0.006172320671976720165 ) ) ;
#4829 = CARTESIAN_POINT ( 'NONE',  ( 2.828282342435859979E-05, 0.02730659888670910335, 0.005732408086644030093 ) ) ;
#4830 = CARTESIAN_POINT ( 'NONE',  ( -0.02414865791162162587, 0.001240413215274821295, 2.541098841762901017E-19 ) ) ;
#4831 = CARTESIAN_POINT ( 'NONE',  ( -0.002277895289701739861, 0.04149169152544089634, 0.03905362816219599964 ) ) ;
#4832 = CARTESIAN_POINT ( 'NONE',  ( -0.003137459232372299782, -0.02391052177482129795, 0.01766786863379370132 ) ) ;
#4833 = CARTESIAN_POINT ( 'NONE',  ( 7.500976252172769827E-05, -0.04967670737730149610, 0.03662082091003460160 ) ) ;
#4834 = CARTESIAN_POINT ( 'NONE',  ( 0.02349569728495840004, -0.005363041402886360373, 0.04277383561447990062 ) ) ;
#4835 = CARTESIAN_POINT ( 'NONE',  ( 0.002789534580010110017, 0.02466490525543189871, 0.02866485302706709912 ) ) ;
#4836 = CARTESIAN_POINT ( 'NONE',  ( 0.002548658663414372135, -0.02670640670567156483, 0.03061042431781199960 ) ) ;
#4837 = CARTESIAN_POINT ( 'NONE',  ( 0.1096666310221343366, 0.01735134774780398154, 0.000000000000000000 ) ) ;
#4838 = CARTESIAN_POINT ( 'NONE',  ( 0.02512165982172540057, 0.001192841245474959844, 0.05701653014125609986 ) ) ;
#4839 = CARTESIAN_POINT ( 'NONE',  ( 0.000000000000000000, -5.505714157152953709E-21, 1.101142831430589989E-20 ) ) ;
#4840 = CARTESIAN_POINT ( 'NONE',  ( -0.002648723920131960171, 0.02395400324358180205, 0.005734348965514220013 ) ) ;
#4841 = CARTESIAN_POINT ( 'NONE',  ( 0.02396316746565219785, 0.002564703204480049854, 0.005055178769919559979 ) ) ;
#4842 = CARTESIAN_POINT ( 'NONE',  ( 0.000000000000000000, 0.000000000000000000, 0.06175378874876469998 ) ) ;
#4843 = CARTESIAN_POINT ( 'NONE',  ( -0.000000000000000000, -0.002044803436823618061, 0.04681187150775007605 ) ) ;
#4844 = APPLICATION_PROTOCOL_DEFINITION ( 'draft international standard', 'automotive_design', 1998, #679 ) ;
#4845 = CARTESIAN_POINT ( 'NONE',  ( -0.02394811090130660042, 0.002701478161806989894, 0.005742451886652530021 ) ) ;
#4846 = CARTESIAN_POINT ( 'NONE',  ( -0.002886040365569060139, 0.02654681810511080181, 0.03717349394790239736 ) ) ;
#4847 = CARTESIAN_POINT ( 'NONE',  ( -0.0005601296105389889706, 0.04967670737730099650, 0.03641852703635650029 ) ) ;
#4848 = CARTESIAN_POINT ( 'NONE',  ( -7.415794859485230078E-05, -0.02663165868271579959, 0.006004368120482889669 ) ) ;
#4849 = CARTESIAN_POINT ( 'NONE',  ( -0.02612721830994870278, 0.002436640766612780101, 0.02871384197870119684 ) ) ;
#4850 = CARTESIAN_POINT ( 'NONE',  ( -0.003011271797270809961, -0.02512165982173100026, 0.04632593202651379832 ) ) ;
#4851 = CARTESIAN_POINT ( 'NONE',  ( 0.003040536619186490208, 0.02390761687419850137, 0.008581743203329141034 ) ) ;
#4852 = EDGE_CURVE ( 'NONE', #611, #4775, #2187, .T. ) ;
#4853 = CARTESIAN_POINT ( 'NONE',  ( -0.0002319870621687900134, -0.02658565762932670051, 0.007800180935507309947 ) ) ;
#4854 = CONTEXT_DEPENDENT_SHAPE_REPRESENTATION ( #3340, #583 ) ;
#4855 = CARTESIAN_POINT ( 'NONE',  ( -0.03330667567358479991, -3.493607690053619687E-05, 0.0009215669101025000549 ) ) ;
#4856 = CARTESIAN_POINT ( 'NONE',  ( 0.02565607043033320267, -0.002600322318335279975, 0.05112260703551550073 ) ) ;
#4857 = CARTESIAN_POINT ( 'NONE',  ( 0.001740086158147940119, 0.02694911916103919988, 0.02024778258037349815 ) ) ;
#4858 = CARTESIAN_POINT ( 'NONE',  ( -0.02403189994869850063, 0.002020594671025970155, 0.007520166052491619561 ) ) ;
#4859 = CARTESIAN_POINT ( 'NONE',  ( -0.003604509015898369959, 0.02382906985888380222, 0.01428887664508239966 ) ) ;
#4860 = CARTESIAN_POINT ( 'NONE',  ( -0.002931302408958479707, 0.02512165982172400239, 0.04639421753841799917 ) ) ;
#4861 = CARTESIAN_POINT ( 'NONE',  ( 0.004145264759036110074, -0.02374127912732459933, 0.01998221262356109779 ) ) ;
#4862 = CARTESIAN_POINT ( 'NONE',  ( -8.991404271427289431E-05, -0.04967670737730060099, -0.01342090596433279971 ) ) ;
#4863 = CARTESIAN_POINT ( 'NONE',  ( 0.02389809314779320001, -0.003227672779424170177, 0.01861385653973909871 ) ) ;
#4864 = EDGE_CURVE ( 'NONE', #5336, #5037, #948, .T. ) ;
#4865 = CARTESIAN_POINT ( 'NONE',  ( -0.004185929274138560502, 0.02374753571137139946, 0.03140948166726809793 ) ) ;
#4866 = CARTESIAN_POINT ( 'NONE',  ( 0.001074042605323231956, -0.02566614885106800747, 0.05678776043949761848 ) ) ;
#4867 = PRESENTATION_LAYER_ASSIGNMENT (  '', '', ( #3113 ) ) ;
#4868 = CARTESIAN_POINT ( 'NONE',  ( 0.03838076630220227381, -0.008708065292970721544, -1.066430428780275364E-18 ) ) ;
#4869 = CARTESIAN_POINT ( 'NONE',  ( 0.04149169152544279759, 0.001203063499229560128, 0.04266245947162589786 ) ) ;
#4870 = PRODUCT_RELATED_PRODUCT_CATEGORY ( 'part', '', ( #77 ) ) ;
#4871 = CARTESIAN_POINT ( 'NONE',  ( -0.002961273011435549933, 0.04967670737730209979, 0.01926384839103760169 ) ) ;
#4872 = ORIENTED_EDGE ( 'NONE', *, *, #1523, .T. ) ;
#4873 = CARTESIAN_POINT ( 'NONE',  ( -0.02396976563256460191, -0.002502442245026620209, 0.004552089472191000324 ) ) ;
#4874 = CARTESIAN_POINT ( 'NONE',  ( -0.02622276767918269719, 6.677504351075630115E-05, -0.02261026187702079929 ) ) ;
#4875 = CARTESIAN_POINT ( 'NONE',  ( -0.000000000000000000, 0.001299618417780253532, 0.04910289935493209607 ) ) ;
#4876 = PRODUCT_DEFINITION_SHAPE ( 'NONE', 'NONE',  #6422 ) ;
#4877 = DIRECTION ( 'NONE',  ( 0.000000000000000000, 0.000000000000000000, 1.000000000000000000 ) ) ;
#4878 = CARTESIAN_POINT ( 'NONE',  ( -0.02730225839598789464, 9.458526520672089948E-05, 0.006188452262372620694 ) ) ;
#4879 = CARTESIAN_POINT ( 'NONE',  ( -2.714385538309340137E-05, -0.04967670737730079528, 0.009395364255390750013 ) ) ;
#4880 = CARTESIAN_POINT ( 'NONE',  ( -8.204385597652550028E-05, 0.02728772159177680207, 0.006533705861131330200 ) ) ;
#4881 = CARTESIAN_POINT ( 'NONE',  ( 1.223409797931033241E-05, 2.367459257430026793E-05, 0.000000000000000000 ) ) ;
#4882 = CARTESIAN_POINT ( 'NONE',  ( 0.0002983383979781269505, -0.02498555171214510151, 0.006081590417488519883 ) ) ;
#4883 = CARTESIAN_POINT ( 'NONE',  ( -0.02566877202362809890, 0.002660633199038830044, 0.05068586113489109701 ) ) ;
#4884 = CARTESIAN_POINT ( 'NONE',  ( -0.002818156347424939992, -0.03330667567358900488, 0.04242868205621910110 ) ) ;
#4885 = CARTESIAN_POINT ( 'NONE',  ( 0.02356942820678519998, -0.005029343937061210232, 0.03134926258618070394 ) ) ;
#4886 = CARTESIAN_POINT ( 'NONE',  ( -0.0002782399077262430248, 0.02498619200829479969, 0.005929516625684770614 ) ) ;
#4887 = CARTESIAN_POINT ( 'NONE',  ( 0.002354063657427800122, -0.02614526172031409954, 0.02841539320646749994 ) ) ;
#4888 = CONTEXT_DEPENDENT_SHAPE_REPRESENTATION ( #1012, #6035 ) ;
#4889 = CARTESIAN_POINT ( 'NONE',  ( -0.02512165982172650039, -0.0008413029347685879906, 0.01416669152224109968 ) ) ;
#4890 = CARTESIAN_POINT ( 'NONE',  ( 0.02493065217452079818, -0.0006307411732468700674, 0.05809654764412190003 ) ) ;
#4891 = EDGE_CURVE ( 'NONE', #4123, #2229, #2104, .T. ) ;
#4892 = CARTESIAN_POINT ( 'NONE',  ( 0.001299717584410370070, 0.02705236281086670011, 0.01601321161633329979 ) ) ;
#4893 = CARTESIAN_POINT ( 'NONE',  ( -0.02387212470049340091, -0.003307511608112600164, 0.01144394592154650107 ) ) ;
#4894 = CARTESIAN_POINT ( 'NONE',  ( -0.004604898220137189357, 0.02365605074960500098, 0.02566751930380930038 ) ) ;
#4895 = CARTESIAN_POINT ( 'NONE',  ( -0.002934231443040529862, 0.04149169152544039674, 0.03201911480559149759 ) ) ;
#4896 = CARTESIAN_POINT ( 'NONE',  ( -0.003615204296456250074, -0.02384236664601230293, 0.02287290883817830189 ) ) ;
#4897 = CARTESIAN_POINT ( 'NONE',  ( 0.002802146681435900046, -0.04967670737730119773, 0.02746641082889179908 ) ) ;
#4898 = CARTESIAN_POINT ( 'NONE',  ( 0.02383527693376770104, -0.003627803206664479991, 0.05489951542731349998 ) ) ;
#4899 = CARTESIAN_POINT ( 'NONE',  ( -0.003561758321611090128, 0.02385012182970309980, 0.02290306142849059950 ) ) ;
#4900 = CARTESIAN_POINT ( 'NONE',  ( 0.02395606139947220256, 0.002630055287146209654, 0.005583422209150800189 ) ) ;
#4901 = CARTESIAN_POINT ( 'NONE',  ( 0.002071097982614660687, -0.02609011202238638305, 0.05353399029597769726 ) ) ;
#4902 = CARTESIAN_POINT ( 'NONE',  ( -0.02730659888515740014, 2.828280430735889900E-05, 0.005732408083960969722 ) ) ;
#4903 = CARTESIAN_POINT ( 'NONE',  ( 0.04967670737730199571, -0.001872015784316510053, 0.03395040142086400148 ) ) ;
#4904 = CARTESIAN_POINT ( 'NONE',  ( 0.005299498236045679239, -0.02351011596678909826, 0.03993136090617929734 ) ) ;
#4905 = CARTESIAN_POINT ( 'NONE',  ( 0.000000000000000000, 1.348122736537840037E-06, -0.0001055282045514080078 ) ) ;
#4906 = CARTESIAN_POINT ( 'NONE',  ( -0.008740922559728039887, 0.0001897038213573160059, -0.006427044551868920166 ) ) ;
#4907 = CARTESIAN_POINT ( 'NONE',  ( 0.04967670737730569414, -0.002176480008668880018, 0.03267743721554609848 ) ) ;
#4908 = CARTESIAN_POINT ( 'NONE',  ( -0.02625954584456361568, 0.002794971711690135037, 0.04871897375687989779 ) ) ;
#4909 = CARTESIAN_POINT ( 'NONE',  ( -0.02409999999999998949, -0.02409999999999998949, 0.06175378874876467222 ) ) ;
#4910 = CARTESIAN_POINT ( 'NONE',  ( 0.000000000000000000, -3.969449905343920169E-05, 0.0001854444370563000004 ) ) ;
#4911 = CARTESIAN_POINT ( 'NONE',  ( 0.0001036876196782918463, 0.0001089463074955814438, 0.000000000000000000 ) ) ;
#4912 = CARTESIAN_POINT ( 'NONE',  ( -0.02405760111605213108, -0.001662795395610420189, 0.05995260223646801945 ) ) ;
#4913 = CARTESIAN_POINT ( 'NONE',  ( -0.02622176362725209958, 0.002084470487950519993, 0.02447839888432809877 ) ) ;
#4914 = CARTESIAN_POINT ( 'NONE',  ( -0.002814682857649410033, -0.04967670737731679637, 0.02811403963872950024 ) ) ;
#4915 = CARTESIAN_POINT ( 'NONE',  ( 0.004063972775913349961, 0.02375499797392040258, 0.01852540040854239872 ) ) ;
#4916 = CARTESIAN_POINT ( 'NONE',  ( 0.0004646237256995090032, 0.02501520734908500160, 0.0004737416104198060272 ) ) ;
#4917 = CARTESIAN_POINT ( 'NONE',  ( 0.0004191238489693180011, -0.02489367155094119807, 0.05819877105828030056 ) ) ;
#4918 = CARTESIAN_POINT ( 'NONE',  ( -0.03330667567358490400, -0.002798062127871329876, 0.04183838003581710069 ) ) ;
#4919 = CARTESIAN_POINT ( 'NONE',  ( 0.02600248109103540234, -0.002798217410701170100, 0.03435238672317680181 ) ) ;
#4920 = CARTESIAN_POINT ( 'NONE',  ( 0.002750167788458760063, 0.02663584694573039799, 0.03294950695469840013 ) ) ;
#4921 = CARTESIAN_POINT ( 'NONE',  ( -0.02379977321705219889, 0.003882511211381509900, 0.02618829382496480271 ) ) ;
#4922 = CIRCLE ( 'NONE', #6385, 0.02409999999999999989 ) ;
#4923 = DIRECTION ( 'NONE',  ( 0.000000000000000000, 0.000000000000000000, 1.000000000000000000 ) ) ;
#4924 = B_SPLINE_CURVE_WITH_KNOTS ( 'NONE', 3,
 ( #1156, #637, #2615, #162, #3628, #2123 ),
 .UNSPECIFIED., .F., .F.,
 ( 4, 2, 4 ),
 ( 0.000000000000000000, 0.01556923179892660131, 1.000000000000000000 ),
 .UNSPECIFIED. ) ;
#4925 = CARTESIAN_POINT ( 'NONE',  ( -0.001708011961370690035, 0.04149169152544179839, 0.04142150017854540067 ) ) ;
#4926 = CARTESIAN_POINT ( 'NONE',  ( 0.005257494525950640388, -0.02351956675011470169, 0.04565877344381499836 ) ) ;
#4927 = ORIENTED_EDGE ( 'NONE', *, *, #4200, .F. ) ;
#4928 = CARTESIAN_POINT ( 'NONE',  ( 0.0003586059067325070163, -0.04967670737730029568, -0.01106837121146690001 ) ) ;
#4929 = EDGE_CURVE ( 'NONE', #718, #5488, #327, .T. ) ;
#4930 = CARTESIAN_POINT ( 'NONE',  ( 0.02387230908579010200, 0.003309776247452029738, 0.01144221294875299999 ) ) ;
#4931 = B_SPLINE_SURFACE_WITH_KNOTS ( 'NONE', 3, 3, ( 
 ( #1829, #1433, #4361, #1350, #6355, #3825, #4845 ),
 ( #5312, #868, #2835, #922, #384, #1858, #3882 ),
 ( #3854, #3424, #5831, #2384, #3393, #2962, #4009 ),
 ( #499, #2571, #122, #26, #4554, #5926, #2015 ),
 ( #3588, #1018, #1503, #1117, #5010, #3063, #4455 ) ),
 .UNSPECIFIED., .F., .F., .F.,
 ( 4, 1, 4 ),
 ( 4, 3, 4 ),
 ( 0.000000000000000000, 0.5714285714285709528, 1.000000000000000000 ),
 ( -0.5701584888851650712, -0.5640641125349739049, 0.04537352248412439976 ),
 .UNSPECIFIED. ) ;
#4932 = CARTESIAN_POINT ( 'NONE',  ( -0.004550262390055110837, 0.02367874248623850000, 0.04421205008990630042 ) ) ;
#4933 = CARTESIAN_POINT ( 'NONE',  ( 0.02402489223446999805, 0.001901199471121464875, -0.0002977276740298854716 ) ) ;
#4934 = CARTESIAN_POINT ( 'NONE',  ( 0.02718965183674249345, -0.0006416775674134256010, 0.01037704043510519897 ) ) ;
#4935 = CARTESIAN_POINT ( 'NONE',  ( 0.1566420320640504182, -0.02039840714278207817, -0.04079681428556415634 ) ) ;
#4936 = EDGE_CURVE ( 'NONE', #4123, #2311, #3040, .T. ) ;
#4937 = ORIENTED_EDGE ( 'NONE', *, *, #1247, .F. ) ;
#4938 = CARTESIAN_POINT ( 'NONE',  ( 0.04149169152544879974, 0.002567601268636859804, 0.03714033330995780008 ) ) ;
#4939 = CARTESIAN_POINT ( 'NONE',  ( -4.984091812436829762E-05, 0.04149169152544150002, -0.006146545716694040706 ) ) ;
#4940 = FILL_AREA_STYLE_COLOUR ( '', #3944 ) ;
#4941 = CARTESIAN_POINT ( 'NONE',  ( 0.001544413289951280122, 0.02406860416752130277, 0.003863597505574120194 ) ) ;
#4942 = CARTESIAN_POINT ( 'NONE',  ( -1.377365459315060063E-05, 0.04221725481721239764, -0.007039236048034590125 ) ) ;
#4943 = CARTESIAN_POINT ( 'NONE',  ( -0.02628388688041440741, -0.002762592278094495261, 0.04827996820040460213 ) ) ;
#4944 = CARTESIAN_POINT ( 'NONE',  ( -2.689257481611469921E-05, -0.04967670737730060099, -0.01386707384036130024 ) ) ;
#4945 = CARTESIAN_POINT ( 'NONE',  ( -0.02345393969811690113, 2.851662606458359761E-05, 0.009107929585226699418 ) ) ;
#4946 = EDGE_CURVE ( 'NONE', #3240, #2719, #5466, .T. ) ;
#4947 = CARTESIAN_POINT ( 'NONE',  ( 0.002814682857649449931, 0.04967670737731679637, 0.02811403963872950024 ) ) ;
#4948 = EDGE_CURVE ( 'NONE', #1629, #2229, #3589, .T. ) ;
#4949 = CARTESIAN_POINT ( 'NONE',  ( -0.04967670737730060099, -3.550597480250180019E-05, -0.01342325687985180052 ) ) ;
#4950 = CARTESIAN_POINT ( 'NONE',  ( -0.02560872021558740011, 0.002379330062255079811, 0.05272230462125669648 ) ) ;
#4951 = CARTESIAN_POINT ( 'NONE',  ( 0.002982518029619980054, -0.03330667567358770037, 0.03646585431390260423 ) ) ;
#4952 = CARTESIAN_POINT ( 'NONE',  ( 0.004945444953909039661, 0.02358718348213060048, 0.02992236394897579768 ) ) ;
#4953 = CARTESIAN_POINT ( 'NONE',  ( 0.0006392172875027989955, 0.02736684554291780175, 0.001346244199984560075 ) ) ;
#4954 = CARTESIAN_POINT ( 'NONE',  ( -0.0003111390542287149875, -0.02725311219270539972, 0.007800426488635520128 ) ) ;
#4955 = CARTESIAN_POINT ( 'NONE',  ( -0.02512165982172730183, -0.002562257007863940044, 0.05150874381173990019 ) ) ;
#4956 = CARTESIAN_POINT ( 'NONE',  ( 0.02640811617056190025, -0.001236223302870490025, 0.01600889399196959995 ) ) ;
#4957 = CARTESIAN_POINT ( 'NONE',  ( 0.002707520294199049823, 0.02623424864617689839, 0.04961658923575059527 ) ) ;
#4958 = CARTESIAN_POINT ( 'NONE',  ( -0.02378525904583439834, -0.003882995231630410361, 0.01713609531030809915 ) ) ;
#4959 = CARTESIAN_POINT ( 'NONE',  ( -0.005292019077665180080, 0.02351180057054549910, 0.04422883733714659538 ) ) ;
#4960 = B_SPLINE_CURVE_WITH_KNOTS ( 'NONE', 3,
 ( #5888, #6290, #2958, #2381, #3360, #5922, #3851, #919 ),
 .UNSPECIFIED., .F., .F.,
 ( 4, 2, 2, 4 ),
 ( 0.000000000000000000, 0.0005473067806847750801, 0.001094613561369550160, 0.002189227122739100320 ),
 .UNSPECIFIED. ) ;
#4961 = CARTESIAN_POINT ( 'NONE',  ( 0.06122476143659144610, 0.01203583586195125857, 0.02407167172390252061 ) ) ;
#4962 = CARTESIAN_POINT ( 'NONE',  ( 0.005260377762386749326, -0.02351891302855109792, 0.03802160169215239999 ) ) ;
#4963 = ORIENTED_EDGE ( 'NONE', *, *, #2169, .F. ) ;
#4964 = CARTESIAN_POINT ( 'NONE',  ( 4.931329513802979955E-05, -0.04967670737730039976, -0.01332476220755379921 ) ) ;
#4965 = CARTESIAN_POINT ( 'NONE',  ( 0.02390259646595179963, -0.003151499453375439935, 0.05664533397296269562 ) ) ;
#4966 = CARTESIAN_POINT ( 'NONE',  ( -0.002253638137411860184, 0.02475732502991200012, 0.02303799590401419892 ) ) ;
#4967 = CARTESIAN_POINT ( 'NONE',  ( 0.02405216124763630281, 0.001762391213365390114, 0.005892492652038850039 ) ) ;
#4968 = CARTESIAN_POINT ( 'NONE',  ( 0.02644721383239010890, 0.002972572850788548701, 0.04137949985650899581 ) ) ;
#4969 = CARTESIAN_POINT ( 'NONE',  ( 0.1429219362925316372, -0.01977994956041832092, -2.422345191646239435E-18 ) ) ;
#4970 = ORIENTED_EDGE ( 'NONE', *, *, #3335, .F. ) ;
#4971 = CARTESIAN_POINT ( 'NONE',  ( 0.04967670737730160019, -0.0005247730781380299803, 0.03650194262433909681 ) ) ;
#4972 = AXIS2_PLACEMENT_3D ( 'NONE', #3824, #1887, #6292 ) ;
#4973 = CARTESIAN_POINT ( 'NONE',  ( -4.931329513802349762E-05, 0.04967670737730039976, -0.01332476220755379921 ) ) ;
#4974 = EDGE_CURVE ( 'NONE', #1788, #2138, #717, .T. ) ;
#4975 = CARTESIAN_POINT ( 'NONE',  ( -0.008740922559727960089, 0.001604674866895939959, 0.005110698055966420190 ) ) ;
#4976 = CARTESIAN_POINT ( 'NONE',  ( 0.04967670737730529862, -0.002575290905111729967, 0.03023284672936920117 ) ) ;
#4977 = CARTESIAN_POINT ( 'NONE',  ( -0.02692468073392910444, -0.001821410643220201363, 0.02169179231662759708 ) ) ;
#4978 = CARTESIAN_POINT ( 'NONE',  ( -9.164304593929460804E-05, -0.03476061682374229772, -0.0003577421609080830051 ) ) ;
#4979 = CARTESIAN_POINT ( 'NONE',  ( 1.741218899633873972E-05, 0.02530438408643033779, 0.002248336953093071997 ) ) ;
#4980 = DIRECTION ( 'NONE',  ( -1.500264061456530397E-15, -0.1392259272825760175, -0.9902606430492463252 ) ) ;
#4981 = CARTESIAN_POINT ( 'NONE',  ( -0.02350741469074919821, -0.005311445808707780138, 0.04136437268820379598 ) ) ;
#4982 = CARTESIAN_POINT ( 'NONE',  ( -0.02674036753529980201, 0.002477424722979259999, 0.02872021152459619878 ) ) ;
#4983 = CARTESIAN_POINT ( 'NONE',  ( 0.001873703726606529936, -0.02512165982173240192, 0.02318394777447650018 ) ) ;
#4984 = CARTESIAN_POINT ( 'NONE',  ( 0.02358718348014660071, -0.004945444964386409500, 0.02992236394912289876 ) ) ;
#4985 = DIRECTION ( 'NONE',  ( -0.7522870727714127126, -8.720158745981306176E-05, -0.6588354517911906294 ) ) ;
#4986 = CARTESIAN_POINT ( 'NONE',  ( -0.0001842608567085260072, -0.02727726148775889981, 0.006854744181892639260 ) ) ;
#4987 = DIRECTION ( 'NONE',  ( -1.000000000000000000, -0.000000000000000000, -0.000000000000000000 ) ) ;
#4988 = B_SPLINE_SURFACE_WITH_KNOTS ( 'NONE', 3, 3, ( 
 ( #1282, #5824, #1374, #2801 ),
 ( #830, #3821, #3879, #4331 ),
 ( #2831, #5276, #3359, #4785 ),
 ( #5856, #2769, #1400, #317 ) ),
 .UNSPECIFIED., .F., .F., .F.,
 ( 4, 4 ),
 ( 4, 4 ),
 ( 0.000000000000000000, 1.000000000000000000 ),
 ( 0.1467668056984469949, 1.000000000000000000 ),
 .UNSPECIFIED. ) ;
#4989 = CARTESIAN_POINT ( 'NONE',  ( 0.02655395460732160040, 0.0003943371274213140353, 0.009460064304605109164 ) ) ;
#4990 = CARTESIAN_POINT ( 'NONE',  ( -0.0009257944601756070042, 0.02712924287002620172, 0.01321886652929430035 ) ) ;
#4991 = CARTESIAN_POINT ( 'NONE',  ( -0.02412263809420369873, 3.426576953272099764E-05, 0.06053319573551590310 ) ) ;
#4992 = CARTESIAN_POINT ( 'NONE',  ( 0.005345457195242299397, 0.02349970887868610067, 0.04420261030738979746 ) ) ;
#4993 = CARTESIAN_POINT ( 'NONE',  ( 0.0007737221445894071955, 0.0004862275238850543614, 0.0009724550477701090481 ) ) ;
#4994 = VECTOR ( 'NONE', #5568, 0.9999999999999998890 ) ;
#4995 = CARTESIAN_POINT ( 'NONE',  ( 0.003564277840468340133, -0.02385006652805599786, 0.02290331967152859846 ) ) ;
#4996 = EDGE_LOOP ( 'NONE', ( #3120, #5027 ) ) ;
#4997 = CARTESIAN_POINT ( 'NONE',  ( -2.128270777413980024E-05, -0.02730849498876499956, 0.005780388548374009415 ) ) ;
#4998 = CARTESIAN_POINT ( 'NONE',  ( 0.02483333517673029858, -0.001741738705292259978, 0.01735484004571569844 ) ) ;
#4999 = CARTESIAN_POINT ( 'NONE',  ( -0.003246544111782889881, 0.02446671578215749848, 0.04834802806226359828 ) ) ;
#5000 = CARTESIAN_POINT ( 'NONE',  ( 0.02398490362383350061, 0.002352930155506269792, 0.003344674423864589866 ) ) ;
#5001 = CARTESIAN_POINT ( 'NONE',  ( 0.02631768101648681440, 0.002850188543769683822, 0.04691864237660019893 ) ) ;
#5002 = CARTESIAN_POINT ( 'NONE',  ( 0.1512480240308354262, 0.02019165774830738308, -0.04038331549661475922 ) ) ;
#5003 = ORIENTED_EDGE ( 'NONE', *, *, #1480, .F. ) ;
#5004 = CARTESIAN_POINT ( 'NONE',  ( 0.04149169152544089634, 0.002934231443040459606, 0.03201911480559109513 ) ) ;
#5005 = CARTESIAN_POINT ( 'NONE',  ( -5.093142188675380081E-05, 0.02512165982172380116, 0.008210196460319119094 ) ) ;
#5006 = VERTEX_POINT ( 'NONE', #3118 ) ;
#5007 = CARTESIAN_POINT ( 'NONE',  ( -0.008740922559728969699, 0.002273438407287830219, 0.01224865338904509993 ) ) ;
#5008 = CARTESIAN_POINT ( 'NONE',  ( 0.000000000000000000, -0.0005345189559350211304, 0.003707914245781944798 ) ) ;
#5009 = CARTESIAN_POINT ( 'NONE',  ( -0.02721230448867850704, 0.0005249978668542086687, 0.009438750965028131282 ) ) ;
#5010 = CARTESIAN_POINT ( 'NONE',  ( -0.02737080095008660036, -0.0004883675134175040084, 0.002153697595101289851 ) ) ;
#5011 = FACE_OUTER_BOUND ( 'NONE', #5462, .T. ) ;
#5012 = CARTESIAN_POINT ( 'NONE',  ( -0.02405870500247559926, -0.001671251931875370172, 0.005181958129584069567 ) ) ;
#5013 = CARTESIAN_POINT ( 'NONE',  ( -0.02410027219226359985, -1.122107250633060015E-08, 0.06034062480303480080 ) ) ;
#5014 = CARTESIAN_POINT ( 'NONE',  ( -0.02620102054585160198, -0.002478533158692440043, 0.05110757098220940209 ) ) ;
#5015 = PRODUCT_DEFINITION_CONTEXT ( 'detailed design', #5907, 'design' ) ;
#5016 = CARTESIAN_POINT ( 'NONE',  ( 0.002960011148417510292, -0.02512165982173140272, 0.04083447965363060095 ) ) ;
#5017 = CARTESIAN_POINT ( 'NONE',  ( -0.004265862630748499910, 0.02371955758104279943, 0.02140385968764150007 ) ) ;
#5018 = CARTESIAN_POINT ( 'NONE',  ( -0.04967670737730060099, 8.991404271426989921E-05, -0.01342090596433279971 ) ) ;
#5019 = CARTESIAN_POINT ( 'NONE',  ( 0.0003313041220334539644, -0.02518410203669210062, 0.05797333368270689985 ) ) ;
#5020 = CARTESIAN_POINT ( 'NONE',  ( -0.04967670737730139896, -0.0009426204872616780793, 0.03594950436496800045 ) ) ;
#5021 = CARTESIAN_POINT ( 'NONE',  ( 0.02638263124180790023, 0.002951796329808539874, 0.04416459091628460037 ) ) ;
#5022 = CARTESIAN_POINT ( 'NONE',  ( -4.860720474241170193E-05, 0.02728830161331289791, 0.006294174026221100414 ) ) ;
#5023 = CARTESIAN_POINT ( 'NONE',  ( -0.02372314575835799896, 0.004320842622330609874, 0.03282370143927740291 ) ) ;
#5024 = CARTESIAN_POINT ( 'NONE',  ( 0.005052472833777199752, 0.02356455887036480040, 0.04991728283253620002 ) ) ;
#5025 = CARTESIAN_POINT ( 'NONE',  ( 0.03838076630220227381, -0.008708065292970721544, -1.066430428780275364E-18 ) ) ;
#5026 = CARTESIAN_POINT ( 'NONE',  ( 0.001868334386806859903, -0.02404418700791220026, 0.006718401412544979662 ) ) ;
#5027 = ORIENTED_EDGE ( 'NONE', *, *, #1502, .F. ) ;
#5028 = CARTESIAN_POINT ( 'NONE',  ( -0.02512165982172680223, 0.0002176085172533940009, 0.008980559352769200074 ) ) ;
#5029 = CARTESIAN_POINT ( 'NONE',  ( 0.02375329860387990003, 0.004135787254445240195, 0.05140620790039829996 ) ) ;
#5030 = CARTESIAN_POINT ( 'NONE',  ( -0.002122603199939819725, 0.02443375371709300206, 0.05622528272023889773 ) ) ;
#5031 = CARTESIAN_POINT ( 'NONE',  ( 0.02054999999999999882, 0.000000000000000000, 0.000000000000000000 ) ) ;
#5032 = CARTESIAN_POINT ( 'NONE',  ( 0.02680992225536620380, -0.002253254848105593240, 0.02589634539690550269 ) ) ;
#5033 = CARTESIAN_POINT ( 'NONE',  ( 0.1543273542709824309, 0.02031583516610298984, -0.04063167033220597274 ) ) ;
#5034 = ORIENTED_EDGE ( 'NONE', *, *, #1480, .T. ) ;
#5035 = CARTESIAN_POINT ( 'NONE',  ( -0.02402193843834110262, -0.001938162445346465002, 0.000000000000000000 ) ) ;
#5036 = CARTESIAN_POINT ( 'NONE',  ( -0.005052460130337230529, -0.02356456244599329855, 0.04991734104227280033 ) ) ;
#5037 = VERTEX_POINT ( 'NONE', #2439 ) ;
#5038 = CARTESIAN_POINT ( 'NONE',  ( -0.01748184511945259992, 0.002989916401250809937, 0.01628604720092440006 ) ) ;
#5039 = CARTESIAN_POINT ( 'NONE',  ( -3.454756741844090053E-05, 0.03475780225712390287, -0.0003531595144271729766 ) ) ;
#5040 = LINE ( 'NONE', #4586, #3271 ) ;
#5041 = CARTESIAN_POINT ( 'NONE',  ( -8.991404271427289431E-05, -0.04967670737730060099, -0.01342090596433279971 ) ) ;
#5042 = CARTESIAN_POINT ( 'NONE',  ( 1.448004060010522961E-05, 0.02510802602884360316, 0.001127012970859727400 ) ) ;
#5043 = CARTESIAN_POINT ( 'NONE',  ( -0.02402271403154590187, -0.001928688348892529901, -7.632944361993259817E-05 ) ) ;
#5044 = CARTESIAN_POINT ( 'NONE',  ( -0.02353331906150149880, -0.005195637545715689996, 0.04708468027882239948 ) ) ;
#5045 = CARTESIAN_POINT ( 'NONE',  ( -0.02658995183969400239, 0.002850183366332440134, 0.03482699068456970165 ) ) ;
#5046 = CARTESIAN_POINT ( 'NONE',  ( 0.002729454860782349994, -0.04149169152543989714, 0.01878155754559100027 ) ) ;
#5047 = CARTESIAN_POINT ( 'NONE',  ( -0.004997471675902810141, 0.02357628121915290170, 0.04992992374895920127 ) ) ;
#5048 = CARTESIAN_POINT ( 'NONE',  ( -0.002670273113854509939, -0.02667063926390739886, 0.03154110581660779511 ) ) ;
#5049 = CARTESIAN_POINT ( 'NONE',  ( 0.04967670737730060099, 3.583149667195240236E-05, -0.01342094156759589957 ) ) ;
#5050 = B_SPLINE_CURVE_WITH_KNOTS ( 'NONE', 4,
 ( #5140, #285, #6193, #3163, #2115, #6128, #1699, #1731, #1214, #694, #3720, #2641, #4109, #5699, #5206, #6095, #1635, #5106, #2149, #4139, #3688, #1663, #2249, #2217, #5668, #5602, #251, #4589, #1249, #3227, #3622, #1151, #3132, #761, #3656, #6062, #2738, #5636 ),
 .UNSPECIFIED., .F., .F.,
 ( 5, 1, 1, 1, 1, 1, 1, 1, 1, 1, 1, 1, 1, 1, 1, 1, 1, 1, 1, 1, 1, 1, 1, 1, 1, 1, 1, 1, 1, 1, 1, 1, 1, 1, 5 ),
 ( 0.000000000000000000, 0.0002151748282479247769, 0.0004303496564958495538, 0.001197433867946453125, 0.001816684267350273697, 0.002648237424389112728, 0.003888298548714792021, 0.006009048239828076142, 0.009690402207698818951, 0.01626605809241634532, 0.02843013126682419900, 0.05028021559581110494, 0.08339066922638539714, 0.1452989323063062221, 0.2072069278057969421, 0.2691152892298330213, 0.3310232124410635857, 0.3929313455989270620, 0.5167475752337479245, 0.5786557072941594937, 0.6405637779947344068, 0.7024719602864770707, 0.7643800862177958511, 0.7953341109051116353, 0.8262881355924274196, 0.8572421933737847111, 0.8881962511551420025, 0.9191503033889321106, 0.9346273295058271646, 0.9501043556227221076, 0.9625782667170414975, 0.9750521778113609983, 0.9875260889056804992, 0.9937630444528402496, 1.000000000000000000 ),
 .UNSPECIFIED. ) ;
#5051 = CARTESIAN_POINT ( 'NONE',  ( 0.02636946423691220037, -0.003011853250724090027, 0.04413958060822779916 ) ) ;
#5052 = CARTESIAN_POINT ( 'NONE',  ( -0.0005308362233160169620, 0.02529700129169689879, 0.05775415577041579512 ) ) ;
#5053 = CARTESIAN_POINT ( 'NONE',  ( -0.02381394749609989925, -0.003795637741543919728, 0.02573761231036660047 ) ) ;
#5054 = VECTOR ( 'NONE', #4980, 1.000000000000000000 ) ;
#5055 = CARTESIAN_POINT ( 'NONE',  ( -0.005297745027996010429, 0.02351050903989389956, 0.03993143122963899866 ) ) ;
#5056 = CARTESIAN_POINT ( 'NONE',  ( 0.001290098280607729266, 0.0007140993512418974867, 1.749038969543182538E-19 ) ) ;
#5057 = CARTESIAN_POINT ( 'NONE',  ( -0.0004493510882707259756, -0.02497376394490740184, 0.006740582823500900454 ) ) ;
#5058 = ORIENTED_EDGE ( 'NONE', *, *, #1331, .T. ) ;
#5059 = CARTESIAN_POINT ( 'NONE',  ( -0.04967670737729369679, 0.002994831192286739798, 0.01854478443794159784 ) ) ;
#5060 = CARTESIAN_POINT ( 'NONE',  ( 0.02498460239914469805, -0.0003558192816248419935, 0.006095757377948310060 ) ) ;
#5061 = CARTESIAN_POINT ( 'NONE',  ( -0.003181426600115800155, 0.02457476669048379997, 0.03573367297314480190 ) ) ;
#5062 = CARTESIAN_POINT ( 'NONE',  ( 0.02730296596584470131, 2.337748516052850172E-05, 0.006102006287696620096 ) ) ;
#5063 = CARTESIAN_POINT ( 'NONE',  ( 0.02506606445243865847, -3.279337996052721646E-05, 0.05818135135803594732 ) ) ;
#5064 = CARTESIAN_POINT ( 'NONE',  ( 2.827763675646040225E-05, 0.02731199422730399770, 0.005727706139979860112 ) ) ;
#5065 = ORIENTED_EDGE ( 'NONE', *, *, #653, .F. ) ;
#5066 = CARTESIAN_POINT ( 'NONE',  ( 0.02512165982172529996, 0.002960011148417459985, 0.04083447965363599941 ) ) ;
#5067 = CARTESIAN_POINT ( 'NONE',  ( -0.004657804715194350555, -0.02364593656380599776, 0.02564428109929040023 ) ) ;
#5068 = EDGE_LOOP ( 'NONE', ( #2634, #5127, #4089, #3668 ) ) ;
#5069 = CARTESIAN_POINT ( 'NONE',  ( -0.008740922559727941007, 0.001433046110691830154, 0.04119199294830130226 ) ) ;
#5070 = CARTESIAN_POINT ( 'NONE',  ( 0.001290098280607729266, 0.0007140993512418974867, 0.000000000000000000 ) ) ;
#5071 = CARTESIAN_POINT ( 'NONE',  ( 0.02666248627742009991, 0.0002844783862302560119, 0.004166624205227510182 ) ) ;
#5072 =( GEOMETRIC_REPRESENTATION_CONTEXT ( 3 ) GLOBAL_UNCERTAINTY_ASSIGNED_CONTEXT ( ( #6308 ) ) GLOBAL_UNIT_ASSIGNED_CONTEXT ( ( #3853, #1349, #5859 ) ) REPRESENTATION_CONTEXT ( 'NONE', 'WORKASPACE' ) );
#5073 = FACE_OUTER_BOUND ( 'NONE', #2243, .T. ) ;
#5074 = CARTESIAN_POINT ( 'NONE',  ( -2.828280430736429969E-05, -0.02730659888515740014, 0.005732408083960949773 ) ) ;
#5075 = CARTESIAN_POINT ( 'NONE',  ( -0.02731468076792820110, 2.827751929175269940E-05, 0.005725352261985730377 ) ) ;
#5076 = CARTESIAN_POINT ( 'NONE',  ( 0.000000000000000000, 1.348122736537859942E-06, -0.0001055282045514080078 ) ) ;
#5077 = CARTESIAN_POINT ( 'NONE',  ( -0.02636945956486470150, 0.003011851505322849822, 0.04413958591952669985 ) ) ;
#5078 = CARTESIAN_POINT ( 'NONE',  ( 0.002570383532412339779, -0.04967670737730729702, 0.02995616280963680003 ) ) ;
#5079 = CARTESIAN_POINT ( 'NONE',  ( -0.005270664171904680152, 0.02351660007987859888, 0.03849901797604460274 ) ) ;
#5080 = VECTOR ( 'NONE', #260, 1.000000000000000000 ) ;
#5081 = CARTESIAN_POINT ( 'NONE',  ( -0.0004640039129332779611, -0.02722442779253350306, 0.008971187132415381002 ) ) ;
#5082 = CARTESIAN_POINT ( 'NONE',  ( 3.460151092795355344E-05, -0.02729839739665304923, 0.006185642976533200534 ) ) ;
#5083 = CARTESIAN_POINT ( 'NONE',  ( 0.02687961144175930045, -0.002007789152861910037, 0.02307199704777810126 ) ) ;
#5084 = CARTESIAN_POINT ( 'NONE',  ( -0.02402002429093630029, 0.001961742402361309895, 1.308303121145060230E-19 ) ) ;
#5085 = CARTESIAN_POINT ( 'NONE',  ( -0.02397545196049320065, -0.002598474690690430119, 0.01296880416577949995 ) ) ;
#5086 = CARTESIAN_POINT ( 'NONE',  ( 0.004886432658314909978, 0.02359969751827420067, 0.05149687790242200164 ) ) ;
#5087 = CARTESIAN_POINT ( 'NONE',  ( 0.0003076671304868352792, 0.0002431335355522659778, 0.0004862670711045321181 ) ) ;
#5088 = CARTESIAN_POINT ( 'NONE',  ( -0.003136451879948860041, -0.02390348831721990017, 0.05663444240448990002 ) ) ;
#5089 = ORIENTED_EDGE ( 'NONE', *, *, #5611, .F. ) ;
#5090 = CARTESIAN_POINT ( 'NONE',  ( -0.04149169152541289790, 0.001924122861800840007, 0.008762233856224040801 ) ) ;
#5091 = CARTESIAN_POINT ( 'NONE',  ( 0.02405212563442680335, 0.001762892432863250080, 0.005896235985678390142 ) ) ;
#5092 = B_SPLINE_SURFACE_WITH_KNOTS ( 'NONE', 3, 3, ( 
 ( #2787, #1234, #5227, #2305 ),
 ( #4257, #816, #1686, #1718 ),
 ( #3810, #748, #1201, #5263 ),
 ( #1303, #5751, #5126, #2694 ),
 ( #3676, #3708, #5784, #3281 ),
 ( #4673, #3248, #5655, #2237 ),
 ( #712, #3184, #239, #6248 ),
 ( #1335, #782, #3214, #5161 ),
 ( #4772, #339, #4224, #2205 ),
 ( #6213, #4189, #4289, #6278 ),
 ( #1814, #4641, #2727, #6180 ),
 ( #5194, #207, #4706, #682 ),
 ( #2663, #3779, #2172, #2758 ),
 ( #3743, #273, #1783, #1750 ),
 ( #4158, #5719, #1270, #4740 ),
 ( #306, #5294, #853, #5908 ),
 ( #1418, #4437, #2399, #3958 ),
 ( #1363, #3315, #1449, #3377 ),
 ( #5326, #1967, #2426, #2820 ),
 ( #5876, #4803, #1844, #938 ),
 ( #5942, #1903, #1933, #3347 ),
 ( #6342, #398, #1871, #8 ),
 ( #968, #3927, #4322, #3441 ),
 ( #370, #2336, #426, #4375 ),
 ( #6309, #4349, #5419, #3869 ),
 ( #3840, #2941, #4925, #483 ),
 ( #881, #5813, #2852, #5845 ),
 ( #2458, #3408, #4831, #5388 ),
 ( #6370, #2367, #1390, #5356 ),
 ( #453, #909, #2881, #2912 ),
 ( #4860, #3897, #4895, #4407 ),
 ( #6399, #5228, #6411, #5497 ),
 ( #462, #494, #6378, #4871 ),
 ( #5953, #5921, #917, #2438 ),
 ( #3452, #3023, #4485, #3938 ),
 ( #524, #5985, #4517, #3486 ),
 ( #5430, #3418, #4418, #1461 ),
 ( #1945, #1496, #1013, #2988 ),
 ( #2042, #979, #2955, #1044 ),
 ( #5005, #4448, #4939, #4973 ),
 ( #2469, #85, #2500, #1913 ),
 ( #21, #1980, #52, #3969 ) ),
 .UNSPECIFIED., .F., .F., .F.,
 ( 4, 1, 1, 1, 1, 1, 1, 1, 1, 1, 1, 1, 1, 1, 1, 1, 1, 1, 1, 1, 1, 1, 1, 1, 1, 1, 1, 1, 1, 1, 1, 1, 1, 1, 1, 1, 1, 1, 1, 4 ),
 ( 4, 4 ),
 ( 0.000000000000000000, 0.008928571428571429811, 0.01785714285714290125, 0.03571428571428569843, 0.07142857142857139685, 0.1428571428571430157, 0.2857142857142860315, 0.3035714285714289917, 0.3214285714285710083, 0.3571428571428569843, 0.3928571428571430157, 0.4107142857142860315, 0.4196428571428569843, 0.4285714285714289917, 0.4523809523809519950, 0.4642857142857140240, 0.4702380952380950108, 0.4761904761904759975, 0.4940476190476190133, 0.5000000000000000000, 0.5119047619047620845, 0.5238095238095240580, 0.5297619047619049892, 0.5357142857142859205, 0.5476190476190480050, 0.5595238095238099785, 0.5714285714285709528, 0.5952380952380950108, 0.6190476190476190688, 0.6428571428571430157, 0.6666666666666670737, 0.6904761904761900215, 0.7142857142857139685, 0.8571428571428569843, 0.9285714285714290472, 0.9642857142857139685, 0.9821428571428569843, 0.9910714285714290472, 0.9955357142857139685, 1.000000000000000000 ),
 ( 0.06359817331298850407, 1.000000000000000000 ),
 .UNSPECIFIED. ) ;
#5093 = CARTESIAN_POINT ( 'NONE',  ( -0.0005316495645126029278, 0.02496434572132600130, 0.007750199325783569543 ) ) ;
#5094 = CARTESIAN_POINT ( 'NONE',  ( 0.02501520734908500160, -0.0004646237256995159963, 0.0004737416104197650444 ) ) ;
#5095 = CARTESIAN_POINT ( 'NONE',  ( -0.02730296388982480019, -2.337689447559670097E-05, 0.006102003917626230151 ) ) ;
#5096 = CARTESIAN_POINT ( 'NONE',  ( 0.02730659869168869727, -2.828103315714699986E-05, 0.005732420955813510161 ) ) ;
#5097 = CARTESIAN_POINT ( 'NONE',  ( 0.04967670737730049690, 3.753749295206000044E-05, -0.01340884686763799995 ) ) ;
#5098 = CARTESIAN_POINT ( 'NONE',  ( -0.002745602557961190036, -0.02394309556331870176, 0.006101193197412999557 ) ) ;
#5099 = MANIFOLD_SOLID_BREP ( 'Body1[1]', #2122 ) ;
#5100 = ORIENTED_EDGE ( 'NONE', *, *, #6293, .T. ) ;
#5101 = CARTESIAN_POINT ( 'NONE',  ( -0.02622276767916510015, 0.001603810201574070154, -0.01019033425531080082 ) ) ;
#5102 = CARTESIAN_POINT ( 'NONE',  ( 0.04967670737730039976, 4.931329513802669602E-05, -0.01332476220755379921 ) ) ;
#5103 = CARTESIAN_POINT ( 'NONE',  ( 0.02670785372847630026, 0.0008773868494632420080, 8.798271290114639917E-05 ) ) ;
#5104 =( NAMED_UNIT ( * ) SI_UNIT ( $, .STERADIAN. ) SOLID_ANGLE_UNIT ( ) );
#5105 = CARTESIAN_POINT ( 'NONE',  ( -0.02501587683009379864, 0.0004920938759086359660, 0.0002727385780476409660 ) ) ;
#5106 = CARTESIAN_POINT ( 'NONE',  ( 0.04852371010633722836, -0.01025504949985577355, -1.255881354509603802E-18 ) ) ;
#5107 = CARTESIAN_POINT ( 'NONE',  ( -0.02603740107025540040, -0.001893667945082519975, 0.05435615965533770189 ) ) ;
#5108 = CARTESIAN_POINT ( 'NONE',  ( 8.487385084614780854E-05, -0.04149169152544389394, -0.005895926886937550432 ) ) ;
#5109 = CARTESIAN_POINT ( 'NONE',  ( -0.004707228249301539415, 0.02363589288968409932, 0.02708881226961320013 ) ) ;
#5110 = DIRECTION ( 'NONE',  ( 1.000000000000000000, 0.000000000000000000, 0.000000000000000000 ) ) ;
#5111 = DIRECTION ( 'NONE',  ( -0.7521500358548259824, -4.114164378970169524E-05, -0.6589918981830880096 ) ) ;
#5112 = CARTESIAN_POINT ( 'NONE',  ( -0.04967670737729979608, -0.002984339788984019960, 0.02208792028286999873 ) ) ;
#5113 = CARTESIAN_POINT ( 'NONE',  ( 0.02523531820075219922, -0.0005141933347798410305, 0.05788503624079259502 ) ) ;
#5114 = CARTESIAN_POINT ( 'NONE',  ( 0.002427700506735089737, -0.02397745091015749883, 0.003948382026123549784 ) ) ;
#5115 = CARTESIAN_POINT ( 'NONE',  ( -0.02405095789480720184, -0.001779086849193399879, 0.006011117702745929874 ) ) ;
#5116 = CARTESIAN_POINT ( 'NONE',  ( -0.0001282338325591360025, -0.04149169152544399802, -0.005986965428499270263 ) ) ;
#5117 = CARTESIAN_POINT ( 'NONE',  ( 0.1606410331029352323, 0.02051151099262209926, 5.023871256558080803E-18 ) ) ;
#5118 = CARTESIAN_POINT ( 'NONE',  ( 0.004341889310633130147, -0.02371923240082440126, 0.03425036169565530420 ) ) ;
#5119 = EDGE_LOOP ( 'NONE', ( #1532, #5065 ) ) ;
#5120 = CARTESIAN_POINT ( 'NONE',  ( -0.04967670737729969893, 9.394354683880860141E-05, -0.01339680408724269918 ) ) ;
#5121 = MANIFOLD_SOLID_BREP ( 'Body1[1]', #6078 ) ;
#5122 = CARTESIAN_POINT ( 'NONE',  ( 0.02379118632908129929, 0.003909999810757789837, 0.05310163545684289804 ) ) ;
#5123 = CARTESIAN_POINT ( 'NONE',  ( -0.001582724290643720009, 0.02541671434993040060, 0.05594306375118819619 ) ) ;
#5124 = CARTESIAN_POINT ( 'NONE',  ( 0.02733649830734199981, -0.0003023845121062190269, 0.003762000497766099759 ) ) ;
#5125 = CARTESIAN_POINT ( 'NONE',  ( -0.02622276767918549703, -0.001196342138405800037, 0.02645385610671520046 ) ) ;
#5126 = CARTESIAN_POINT ( 'NONE',  ( 0.0002161468344099909855, 0.04149169152544150002, -0.005355337513908429645 ) ) ;
#5127 = ORIENTED_EDGE ( 'NONE', *, *, #6406, .T. ) ;
#5128 = ADVANCED_FACE ( 'NONE', ( #1462 ), #2183, .T. ) ;
#5129 = CARTESIAN_POINT ( 'NONE',  ( -0.02730257154696320160, 9.250754755180379794E-05, 0.006173839740804289850 ) ) ;
#5130 = CARTESIAN_POINT ( 'NONE',  ( -3.568014524224439650E-05, -0.02411200982339600091, 0.06044493947061629902 ) ) ;
#5131 = CARTESIAN_POINT ( 'NONE',  ( 0.003227672730335699909, 0.02389809165378809983, 0.01861385612754720004 ) ) ;
#5132 = ORIENTED_EDGE ( 'NONE', *, *, #364, .F. ) ;
#5133 = ADVANCED_FACE ( 'NONE', ( #1268 ), #4574, .F. ) ;
#5134 = CARTESIAN_POINT ( 'NONE',  ( -0.02622276767917439827, -0.002249904614989639996, 0.02304031394320499998 ) ) ;
#5135 = CIRCLE ( 'NONE', #2339, 0.02050000000000000086 ) ;
#5136 = CARTESIAN_POINT ( 'NONE',  ( 0.04967670737729629887, 0.0008349623323015330440, -0.007411838175165389592 ) ) ;
#5137 = CARTESIAN_POINT ( 'NONE',  ( 0.02394811090130660042, -0.002701478161806999869, 0.005742451886652530021 ) ) ;
#5138 = FACE_BOUND ( 'NONE', #6173, .T. ) ;
#5139 = CARTESIAN_POINT ( 'NONE',  ( -0.02734428477013309960, 0.0003865940678866120004, 0.003157878222802969898 ) ) ;
#5140 = CARTESIAN_POINT ( 'NONE',  ( 0.000000000000000000, 0.000000000000000000, 0.000000000000000000 ) ) ;
#5141 = CARTESIAN_POINT ( 'NONE',  ( 0.0007887297607405889619, -0.02739632953868839996, 8.308717985943849915E-05 ) ) ;
#5142 = CARTESIAN_POINT ( 'NONE',  ( 3.761529150720110032E-05, -0.04149169152544409517, -0.006233814811428830226 ) ) ;
#5143 = FACE_OUTER_BOUND ( 'NONE', #2956, .T. ) ;
#5144 = DIRECTION ( 'NONE',  ( 0.000000000000000000, 0.000000000000000000, -1.000000000000000000 ) ) ;
#5145 = EDGE_CURVE ( 'NONE', #5006, #2097, #5599, .T. ) ;
#5146 = CARTESIAN_POINT ( 'NONE',  ( 0.0001273564404354469754, 0.04967670737730049690, -0.01315511989376190113 ) ) ;
#5147 = CARTESIAN_POINT ( 'NONE',  ( -0.01748184511945580222, 2.142986330735400090E-05, -0.01527455406471760029 ) ) ;
#5148 = B_SPLINE_CURVE_WITH_KNOTS ( 'NONE', 3,
 ( #6408, #4902, #555, #3415 ),
 .UNSPECIFIED., .F., .F.,
 ( 4, 4 ),
 ( -0.04592556792791090137, -0.04592166956555249896 ),
 .UNSPECIFIED. ) ;
#5149 = CARTESIAN_POINT ( 'NONE',  ( -0.02366726589708989872, 0.004611405547077169868, 0.04134992810450170003 ) ) ;
#5150 = CARTESIAN_POINT ( 'NONE',  ( -0.0008898952985929530195, -0.03330667567358749914, 0.006914788174843179702 ) ) ;
#5151 = CARTESIAN_POINT ( 'NONE',  ( 0.1621912153200378293, 0.02054251265073871874, 5.031464472834236742E-18 ) ) ;
#5152 = CARTESIAN_POINT ( 'NONE',  ( -0.003445252138927550230, -0.02448730768238270225, 0.04275983328340630246 ) ) ;
#5153 = ORIENTED_EDGE ( 'NONE', *, *, #1155, .T. ) ;
#5154 = CARTESIAN_POINT ( 'NONE',  ( -0.04967670737730119773, -0.001208486282665699810, 0.03548552656566000135 ) ) ;
#5155 = CARTESIAN_POINT ( 'NONE',  ( 0.02446159320377589916, -0.003371452183184130234, 0.04694559486324839659 ) ) ;
#5156 = CARTESIAN_POINT ( 'NONE',  ( 0.002433244439873559657, 0.02612718823808269850, 0.02871349349684830174 ) ) ;
#5157 = CARTESIAN_POINT ( 'NONE',  ( 0.02729834196936519949, 3.460742874093540274E-05, 0.006185733690552290380 ) ) ;
#5158 = B_SPLINE_CURVE_WITH_KNOTS ( 'NONE', 3,
 ( #3169, #1221, #5146, #6166, #1704, #3695, #5673, #3200, #1921, #2869, #6357, #4947, #1891, #6328, #988, #870, #4425, #1405, #2837, #5438, #2386, #4847, #5314, #3946, #471, #1239, #5862, #4819, #2898, #413, #3334, #1379, #2446, #2964, #3884, #5928, #956, #4363, #6386, #3427, #1953, #1860 ),
 .UNSPECIFIED., .F., .F.,
 ( 4, 1, 1, 1, 1, 1, 1, 1, 1, 1, 1, 1, 1, 1, 1, 1, 1, 1, 1, 1, 1, 1, 1, 1, 1, 1, 1, 1, 1, 1, 1, 1, 1, 1, 1, 1, 1, 1, 1, 4 ),
 ( 0.000000000000000000, 0.008928571428571429811, 0.01785714285714290125, 0.03571428571428569843, 0.07142857142857139685, 0.1428571428571430157, 0.2857142857142860315, 0.3035714285714289917, 0.3214285714285710083, 0.3571428571428569843, 0.3928571428571430157, 0.4107142857142860315, 0.4196428571428569843, 0.4285714285714289917, 0.4523809523809519950, 0.4642857142857140240, 0.4702380952380950108, 0.4761904761904759975, 0.4940476190476190133, 0.5000000000000000000, 0.5119047619047620845, 0.5238095238095240580, 0.5297619047619049892, 0.5357142857142859205, 0.5476190476190480050, 0.5595238095238099785, 0.5714285714285709528, 0.5952380952380950108, 0.6190476190476190688, 0.6428571428571430157, 0.6666666666666670737, 0.6904761904761900215, 0.7142857142857139685, 0.8571428571428569843, 0.9285714285714290472, 0.9642857142857139685, 0.9821428571428569843, 0.9910714285714290472, 0.9955357142857139685, 1.000000000000000000 ),
 .UNSPECIFIED. ) ;
#5159 = CARTESIAN_POINT ( 'NONE',  ( 0.02409999999999999296, 0.000000000000000000, 0.06813473812597234391 ) ) ;
#5160 = CARTESIAN_POINT ( 'NONE',  ( 0.02410017440771678593, 6.497159355967507306E-11, 0.06034095068590199229 ) ) ;
#5161 = CARTESIAN_POINT ( 'NONE',  ( 0.002760735975640609807, 0.04967670737730259939, 0.01133832123019509926 ) ) ;
#5162 = EDGE_LOOP ( 'NONE', ( #1529, #5725, #3058, #3088 ) ) ;
#5163 = CARTESIAN_POINT ( 'NONE',  ( 0.004405026448933590209, -0.02369457442010040188, 0.05416690882025980425 ) ) ;
#5164 = CARTESIAN_POINT ( 'NONE',  ( 0.02394808899845260117, -0.002701672326610970055, 0.005743980448014470233 ) ) ;
#5165 = CARTESIAN_POINT ( 'NONE',  ( -0.002667842388990850078, 0.02395188575719540275, 0.005889346204993090375 ) ) ;
#5166 = ORIENTED_EDGE ( 'NONE', *, *, #2194, .T. ) ;
#5167 = CARTESIAN_POINT ( 'NONE',  ( -0.01748184511945550038, -0.0001897478776445819934, -0.01406164046055619933 ) ) ;
#5168 = CARTESIAN_POINT ( 'NONE',  ( 0.0001860759479822949680, -0.0001673536066665146267, -0.0003347072133330293076 ) ) ;
#5169 = CARTESIAN_POINT ( 'NONE',  ( 0.02739583383793895224, 0.0007828974840935820157, 0.0001232932073395819864 ) ) ;
#5170 = CARTESIAN_POINT ( 'NONE',  ( 0.04967670737730060099, -6.890688674822319725E-05, -0.01356962858967569914 ) ) ;
#5171 = EDGE_CURVE ( 'NONE', #2655, #5563, #1873, .T. ) ;
#5172 = CARTESIAN_POINT ( 'NONE',  ( -0.02500966184512099996, 0.0002725986558763300073, 0.001881335208737700123 ) ) ;
#5173 = CARTESIAN_POINT ( 'NONE',  ( -0.04221725481721219642, -3.466569458199549719E-05, -0.006890775929810969563 ) ) ;
#5174 = CARTESIAN_POINT ( 'NONE',  ( 0.0002171376231029460084, -0.02501505576527290192, 0.002083284197031590179 ) ) ;
#5175 = CARTESIAN_POINT ( 'NONE',  ( -0.000000000000000000, 0.002862577516396336546, 0.04048352491716385171 ) ) ;
#5176 = DIRECTION ( 'NONE',  ( -1.000000000000000000, -0.000000000000000000, -0.000000000000000000 ) ) ;
#5177 = CARTESIAN_POINT ( 'NONE',  ( 0.002825183361471080273, 0.02660150675605859813, 0.03435768894410030222 ) ) ;
#5178 = CARTESIAN_POINT ( 'NONE',  ( -0.02620918961185135510, 2.588316336034706907E-05, 0.005238289643671074913 ) ) ;
#5179 = CARTESIAN_POINT ( 'NONE',  ( -0.02622276767918369986, 6.274553938621750407E-05, -0.02263436375411089982 ) ) ;
#5180 = CARTESIAN_POINT ( 'NONE',  ( -0.02457716784613559954, 0.003192906394668169803, 0.03478891769569499720 ) ) ;
#5181 = AXIS2_PLACEMENT_3D ( 'NONE', #2511, #4497, #6032 ) ;
#5182 = CARTESIAN_POINT ( 'NONE',  ( 0.002701672326610970055, 0.02394808899845260117, 0.005743980448014470233 ) ) ;
#5183 = CARTESIAN_POINT ( 'NONE',  ( -0.02410006790349414341, 0.0005863470928488162840, 0.06034418946958250429 ) ) ;
#5184 = CARTESIAN_POINT ( 'NONE',  ( 0.1512480240308354262, 0.02019165774830738308, 4.945529806188698085E-18 ) ) ;
#5185 = CARTESIAN_POINT ( 'NONE',  ( 4.611134480102764750E-05, -6.054612536567710796E-05, 0.0001210922507313541482 ) ) ;
#5186 = CARTESIAN_POINT ( 'NONE',  ( 0.003374261249809519785, -0.02450624074663789939, 0.04184468550418619925 ) ) ;
#5187 = ORIENTED_EDGE ( 'NONE', *, *, #6045, .T. ) ;
#5188 = CARTESIAN_POINT ( 'NONE',  ( -0.02512165982172710060, 0.002185477076020880035, 0.05415152050172410136 ) ) ;
#5189 = CARTESIAN_POINT ( 'NONE',  ( 0.02494463115640540088, 0.0007491927865216589785, 0.009388912784621238766 ) ) ;
#5190 = CARTESIAN_POINT ( 'NONE',  ( 0.0003352402138009440125, 0.02486760256286599940, 0.05826694708126579914 ) ) ;
#5191 = CARTESIAN_POINT ( 'NONE',  ( -0.02390077381640700119, 0.003095837144635970022, 0.009054361419072998879 ) ) ;
#5192 = CARTESIAN_POINT ( 'NONE',  ( -0.02054999999999999882, 0.02054999999999999882, 0.07343700320369954404 ) ) ;
#5193 = CARTESIAN_POINT ( 'NONE',  ( -0.02622276767919280022, -0.001893974726229130092, -0.007608216331322290027 ) ) ;
#5194 = CARTESIAN_POINT ( 'NONE',  ( 0.002819890817771320089, 0.02512165982172520282, 0.04958601377069959959 ) ) ;
#5195 = ORIENTED_EDGE ( 'NONE', *, *, #1331, .F. ) ;
#5196 = CARTESIAN_POINT ( 'NONE',  ( -0.002745602557961190036, -0.02394309556331870176, 0.006101193197412999557 ) ) ;
#5197 = CARTESIAN_POINT ( 'NONE',  ( 0.02393057884607370164, 0.002853603931880159972, 0.007426516648540190495 ) ) ;
#5198 = CARTESIAN_POINT ( 'NONE',  ( 0.02394783383508479815, -0.002703933829874860181, 0.005761784498879209473 ) ) ;
#5199 = CARTESIAN_POINT ( 'NONE',  ( -0.003152034400825839706, 0.02389316064800980216, 0.01002461184689049968 ) ) ;
#5200 = ORIENTED_EDGE ( 'NONE', *, *, #3046, .F. ) ;
#5201 = CARTESIAN_POINT ( 'NONE',  ( 0.000000000000000000, -0.003018113426087349650, 0.02840305896517560102 ) ) ;
#5202 = CARTESIAN_POINT ( 'NONE',  ( 0.04967670737731640085, 0.001868412592617950006, 0.001598896181240010020 ) ) ;
#5203 = CARTESIAN_POINT ( 'NONE',  ( 0.04967670737729369679, -0.002994831192286750206, 0.01854478443794159784 ) ) ;
#5204 = CARTESIAN_POINT ( 'NONE',  ( 0.04221866210052149793, -9.077854432678629905E-05, -0.006889324062620460522 ) ) ;
#5205 = CARTESIAN_POINT ( 'NONE',  ( -0.02731983425409740054, 0.0001341490878063130213, 0.004969895049524760376 ) ) ;
#5206 = CARTESIAN_POINT ( 'NONE',  ( 0.01934902983291604539, -0.005342002697548650994, -6.542066504589481445E-19 ) ) ;
#5207 = CARTESIAN_POINT ( 'NONE',  ( -0.02716257824679610064, -0.0007584490845766300032, 0.01180762932764370041 ) ) ;
#5208 = CARTESIAN_POINT ( 'NONE',  ( -0.000000000000000000, 0.002055523340896822995, 0.01748084070049160318 ) ) ;
#5209 = CARTESIAN_POINT ( 'NONE',  ( 0.000000000000000000, 0.02054999999999999882, 0.07343700320369959955 ) ) ;
#5210 = DIRECTION ( 'NONE',  ( -1.000000000000000000, -0.000000000000000000, -0.000000000000000000 ) ) ;
#5211 = CARTESIAN_POINT ( 'NONE',  ( 0.02716383115032969947, 0.0007612476920321910442, 0.01180709036196729914 ) ) ;
#5212 = CARTESIAN_POINT ( 'NONE',  ( 0.04967670737730060099, -8.991404271427588942E-05, -0.01342090596433279971 ) ) ;
#5213 = CARTESIAN_POINT ( 'NONE',  ( -0.02451076554455009979, -0.003366327139090870019, 0.04137526838986819999 ) ) ;
#5214 = B_SPLINE_CURVE_WITH_KNOTS ( 'NONE', 3,
 ( #1785, #1237, #2273, #5754, #5197, #855, #4805, #4710, #2822, #4192, #308, #751, #1846, #5722, #1753, #5815, #3284, #3317, #2730, #2308, #4293, #6280, #5787, #372, #5328, #5298, #3748, #4260, #2240, #1273, #6250, #4228, #784, #4776, #3781, #242, #884 ),
 .UNSPECIFIED., .F., .F.,
 ( 4, 1, 1, 1, 1, 1, 1, 1, 1, 1, 1, 1, 1, 1, 1, 1, 1, 1, 1, 1, 1, 1, 1, 1, 1, 1, 1, 1, 1, 1, 1, 1, 1, 1, 4 ),
 ( 0.000000000000000000, 0.003124873475686425813, 0.006249746951381232943, 0.01249949390277116205, 0.02499898780554232411, 0.04999797561108480087, 0.07499696341662712151, 0.09999595122217828924, 0.1249949390277206029, 0.1374944329304936264, 0.1499939268332655673, 0.1624934207360385907, 0.1749929146388107259, 0.1999919024443556348, 0.2249908902499007657, 0.2374903841526727066, 0.2499898780554455635, 0.2624893719582176432, 0.2749888658609906944, 0.2874883597637626353, 0.2999878536665347428, 0.3124873475693077385, 0.3249868414720797904, 0.3374863353748527306, 0.3499858292776248381, 0.3624853231803977782, 0.3749848170831697192, 0.3874843109859418822, 0.3999838048887147668, 0.4166497967590774842, 0.4333157886294411454, 0.4499817804998048065, 0.4666477723701674685, 0.4833137642405311296, 0.4996299139351040863 ),
 .UNSPECIFIED. ) ;
#5215 = CARTESIAN_POINT ( 'NONE',  ( -9.476813844368929052E-05, -0.04149169152544320005, -0.006228555854281309957 ) ) ;
#5216 = CARTESIAN_POINT ( 'NONE',  ( -0.02386541916032279900, 0.003359101623479069775, 0.01141934956081330083 ) ) ;
#5217 = CARTESIAN_POINT ( 'NONE',  ( 0.1429219362925316372, 0.01977994956041831051, 0.03955989912083664184 ) ) ;
#5218 = CARTESIAN_POINT ( 'NONE',  ( 1.223409797931033241E-05, -2.367459257430026793E-05, -2.899301401723452123E-21 ) ) ;
#5219 = CARTESIAN_POINT ( 'NONE',  ( 0.001739369138730940088, -0.02483276574080950025, 0.01785905152856909900 ) ) ;
#5220 = ORIENTED_EDGE ( 'NONE', *, *, #532, .T. ) ;
#5221 = CARTESIAN_POINT ( 'NONE',  ( -0.03330667567358500114, -0.0009311845415903969268, 0.05030058685989699518 ) ) ;
#5222 = CARTESIAN_POINT ( 'NONE',  ( 0.02662893808782390223, -7.083076318724819498E-06, 0.006173635391197930186 ) ) ;
#5223 = CARTESIAN_POINT ( 'NONE',  ( 0.002990929851413639921, 0.02577350691265820060, 0.04552713235698579997 ) ) ;
#5224 = CARTESIAN_POINT ( 'NONE',  ( -0.02394742031861540194, 0.002707594904137220187, 0.005791292549968230646 ) ) ;
#5225 = CARTESIAN_POINT ( 'NONE',  ( 3.502674945661680202E-05, -0.04221725481721219642, -0.006888208351604150140 ) ) ;
#5226 = CARTESIAN_POINT ( 'NONE',  ( -0.002564703204480109702, 0.02396316746565219785, 0.005055178769920129836 ) ) ;
#5227 = CARTESIAN_POINT ( 'NONE',  ( 9.086281134463080136E-05, 0.04149169152544169431, -0.006252660208345890182 ) ) ;
#5228 = CARTESIAN_POINT ( 'NONE',  ( -0.002982518029619960105, 0.03330667567358280151, 0.03646585431390700349 ) ) ;
#5229 = CARTESIAN_POINT ( 'NONE',  ( -0.002787278139752730026, -0.02393827649065299878, 0.006444351218653499892 ) ) ;
#5230 = CARTESIAN_POINT ( 'NONE',  ( 0.1889999999999998903, 0.000000000000000000, 0.000000000000000000 ) ) ;
#5231 = CARTESIAN_POINT ( 'NONE',  ( 0.02362575890742139861, -0.004757833235370410169, 0.02706997216909469775 ) ) ;
#5232 = CARTESIAN_POINT ( 'NONE',  ( -0.003458336811073930029, 0.02385073184262730128, 0.01286577907426969883 ) ) ;
#5233 = ORIENTED_EDGE ( 'NONE', *, *, #3633, .F. ) ;
#5234 = CARTESIAN_POINT ( 'NONE',  ( -0.008740922559727779678, -0.002591524072268589982, 0.03608822962911659854 ) ) ;
#5235 = CARTESIAN_POINT ( 'NONE',  ( 0.1326814563336177477, -0.01914736586798890250, -2.344876032233589121E-18 ) ) ;
#5236 = CARTESIAN_POINT ( 'NONE',  ( 0.02512165982172540057, -0.0008904916611158320916, 0.01408091294462700087 ) ) ;
#5237 = FILL_AREA_STYLE_COLOUR ( '', #4401 ) ;
#5238 =( GEOMETRIC_REPRESENTATION_CONTEXT ( 3 ) GLOBAL_UNCERTAINTY_ASSIGNED_CONTEXT ( ( #2335 ) ) GLOBAL_UNIT_ASSIGNED_CONTEXT ( ( #3130, #4717, #5104 ) ) REPRESENTATION_CONTEXT ( 'NONE', 'WORKASPACE' ) );
#5239 = CARTESIAN_POINT ( 'NONE',  ( -0.02738023117316474783, 0.0008107281647275900015, 0.0001179773568638585988 ) ) ;
#5240 = AXIS2_PLACEMENT_3D ( 'NONE', #90, #2047, #4041 ) ;
#5241 = CARTESIAN_POINT ( 'NONE',  ( -0.001048617537349744513, 0.02422998750335511597, -1.626303258728256651E-19 ) ) ;
#5242 = CARTESIAN_POINT ( 'NONE',  ( -0.02728766110709359913, -8.202700887870330694E-05, 0.006533636352508719915 ) ) ;
#5243 = APPLICATION_CONTEXT ( 'automotive_design' ) ;
#5244 = CARTESIAN_POINT ( 'NONE',  ( -0.000000000000000000, 0.002612726032364560795, 0.02474898194861532841 ) ) ;
#5245 = CARTESIAN_POINT ( 'NONE',  ( -0.02345393969811700174, 2.716850332799836121E-05, 0.02071345778977801144 ) ) ;
#5246 = CARTESIAN_POINT ( 'NONE',  ( 0.4570000000000000173, 2.326828918379970949E-18, -0.01899999999999999953 ) ) ;
#5247 = CARTESIAN_POINT ( 'NONE',  ( 0.001451561669166330070, 0.02701795410338080072, 0.01742419930914379869 ) ) ;
#5248 = CARTESIAN_POINT ( 'NONE',  ( 0.02721691004349590173, 0.0004692767514567640266, 0.009461331229774661011 ) ) ;
#5249 = CARTESIAN_POINT ( 'NONE',  ( -0.0008978956905812899691, -0.02669367525417529891, 0.0001020130337649800026 ) ) ;
#5250 = CARTESIAN_POINT ( 'NONE',  ( -0.02495034472300540138, -0.0006870430648264919679, 0.008921277915959110669 ) ) ;
#5251 = CARTESIAN_POINT ( 'NONE',  ( 0.002707594903407729934, 0.02394742031879610114, 0.005791292549851100382 ) ) ;
#5252 = CARTESIAN_POINT ( 'NONE',  ( -0.02394811090137519832, 0.002701478161198439792, 0.005742451886731779996 ) ) ;
#5253 = CARTESIAN_POINT ( 'NONE',  ( 0.1632247789736557542, -0.02055518108694219873, 0.04111036217388438357 ) ) ;
#5254 = CARTESIAN_POINT ( 'NONE',  ( -1.318562655545500015E-05, -0.02662067073401660003, 0.006209176176269089881 ) ) ;
#5255 = ITEM_DEFINED_TRANSFORMATION ( 'NONE', 'NONE', #4972,  #5181 ) ;
#5256 = ORIENTED_EDGE ( 'NONE', *, *, #4946, .T. ) ;
#5257 = CARTESIAN_POINT ( 'NONE',  ( -0.03330667567358490400, -0.0005472087747356540847, 0.05076515381958559420 ) ) ;
#5258 = CARTESIAN_POINT ( 'NONE',  ( 0.02661771623140989779, -3.559171953789189364E-05, 0.006370424278692630136 ) ) ;
#5259 = CARTESIAN_POINT ( 'NONE',  ( 0.0007429555857726120611, 0.02649945338799400071, 0.01178170367310519932 ) ) ;
#5260 = CARTESIAN_POINT ( 'NONE',  ( -0.02392472083671489877, 0.002902306213043499838, 0.007400197547140880197 ) ) ;
#5261 = CARTESIAN_POINT ( 'NONE',  ( -2.782192094235430151E-05, -0.03475780225712390287, -0.0007959556547043319724 ) ) ;
#5262 = CARTESIAN_POINT ( 'NONE',  ( -0.001530676570172799945, 0.02406820095914330090, 0.004075235905778800023 ) ) ;
#5263 = CARTESIAN_POINT ( 'NONE',  ( 0.0001273564404354469754, 0.04967670737730049690, -0.01315511989376190113 ) ) ;
#5264 = CARTESIAN_POINT ( 'NONE',  ( 0.002293399508924199876, -0.02399643887978780005, 0.05930466432459969434 ) ) ;
#5265 = ORIENTED_EDGE ( 'NONE', *, *, #3715, .F. ) ;
#5266 = CARTESIAN_POINT ( 'NONE',  ( 0.02650607918455543180, -7.287254910993880980E-05, 0.006163032941608539116 ) ) ;
#5267 = CARTESIAN_POINT ( 'NONE',  ( 0.02371067814842189869, -0.004314946791312210261, 0.02137150184823539967 ) ) ;
#5268 = CARTESIAN_POINT ( 'NONE',  ( -0.002853591243998839736, 0.02393058032466750112, 0.007426414494082720155 ) ) ;
#5269 = ORIENTED_EDGE ( 'NONE', *, *, #2842, .T. ) ;
#5270 = CARTESIAN_POINT ( 'NONE',  ( -0.02622276767918039694, -0.0008619077297025189762, -0.01663065415376229969 ) ) ;
#5271 = VECTOR ( 'NONE', #2018, 1.000000000000000000 ) ;
#5272 = CARTESIAN_POINT ( 'NONE',  ( 0.1378007682912846255, -0.01947862412482721794, -0.03895724824965443589 ) ) ;
#5273 = CARTESIAN_POINT ( 'NONE',  ( 0.04967670737730599945, -0.002404526638431349599, 0.03138504530125099667 ) ) ;
#5274 = CARTESIAN_POINT ( 'NONE',  ( -0.002427700509542249623, 0.02397745090982320026, 0.003948382025789880061 ) ) ;
#5275 = CARTESIAN_POINT ( 'NONE',  ( 0.02405252023859430141, 0.001757325451605590066, 0.005861492531579690253 ) ) ;
#5276 = CARTESIAN_POINT ( 'NONE',  ( 7.036748766144819574E-05, 0.03476061682374229772, -0.0005046225958583720099 ) ) ;
#5277 = CARTESIAN_POINT ( 'NONE',  ( 0.001921926111623999990, 0.02402324305330395121, -0.0003084836374179465170 ) ) ;
#5278 = CARTESIAN_POINT ( 'NONE',  ( -0.000000000000000000, 0.001775625170732155703, 0.04789091905617486045 ) ) ;
#5279 = APPLICATION_PROTOCOL_DEFINITION ( 'draft international standard', 'automotive_design', 1998, #5243 ) ;
#5280 = CARTESIAN_POINT ( 'NONE',  ( -0.02054999999999999882, 2.516649172247810738E-18, 0.07343700320369959955 ) ) ;
#5281 = CARTESIAN_POINT ( 'NONE',  ( 0.0001045067605053240042, 0.02729261459665580092, 0.006267544529941730148 ) ) ;
#5282 = FACE_OUTER_BOUND ( 'NONE', #4699, .T. ) ;
#5283 = CARTESIAN_POINT ( 'NONE',  ( -0.0008078503536649400381, -0.02668800048637769845, 0.0007459328304911539689 ) ) ;
#5284 = CARTESIAN_POINT ( 'NONE',  ( -0.02444482110787849979, 0.002581209984993320088, 0.05458665775205080034 ) ) ;
#5285 = CARTESIAN_POINT ( 'NONE',  ( -0.003042728238616550316, -0.04149169152543639993, 0.02854883648352779871 ) ) ;
#5286 = CARTESIAN_POINT ( 'NONE',  ( -1.151866342497669995E-05, -0.02494384536677880099, 6.768648141974860017E-15 ) ) ;
#5287 = CARTESIAN_POINT ( 'NONE',  ( -0.02658050829677150589, -0.002831780653204705924, 0.03576782385551960375 ) ) ;
#5288 = CARTESIAN_POINT ( 'NONE',  ( -0.002485124842841620295, -0.02444095463403279933, 0.05499762900066339916 ) ) ;
#5289 = CARTESIAN_POINT ( 'NONE',  ( -0.04149169152544320005, 0.0009377117721684679816, 0.04322565457049470233 ) ) ;
#5290 = CARTESIAN_POINT ( 'NONE',  ( 0.02446852987286540076, -0.003413121924907850258, 0.04555367580668760047 ) ) ;
#5291 = CARTESIAN_POINT ( 'NONE',  ( 0.003030616559309599802, 0.02640178537830770167, 0.04275286203044140199 ) ) ;
#5292 = CARTESIAN_POINT ( 'NONE',  ( -0.02386541916032279900, 0.003359101623479069775, 0.01141934956081330083 ) ) ;
#5293 = CARTESIAN_POINT ( 'NONE',  ( 0.001240413215274833872, 0.02414865791162162934, -6.911788849595089804E-19 ) ) ;
#5294 = CARTESIAN_POINT ( 'NONE',  ( 0.001879238337364260098, 0.03330667567358300274, 0.04826760995606230176 ) ) ;
#5295 = CARTESIAN_POINT ( 'NONE',  ( -0.002776114258686139882, -0.02393957419088890010, 0.006352097006525819940 ) ) ;
#5296 =( GEOMETRIC_REPRESENTATION_CONTEXT ( 3 ) GLOBAL_UNCERTAINTY_ASSIGNED_CONTEXT ( ( #1508 ) ) GLOBAL_UNIT_ASSIGNED_CONTEXT ( ( #993, #2054, #1574 ) ) REPRESENTATION_CONTEXT ( 'NONE', 'WORKASPACE' ) );
#5297 = ORIENTED_EDGE ( 'NONE', *, *, #4671, .F. ) ;
#5298 = CARTESIAN_POINT ( 'NONE',  ( 0.02352018520687020053, 0.005254676991006240402, 0.04565834113730619925 ) ) ;
#5299 = CARTESIAN_POINT ( 'NONE',  ( 0.02412248654245809781, -3.585358290227260325E-05, 0.06053257203551829640 ) ) ;
#5300 = CARTESIAN_POINT ( 'NONE',  ( -0.001868323596797950110, 0.02404418543295649968, 0.006718426735642900327 ) ) ;
#5301 = ORIENTED_EDGE ( 'NONE', *, *, #3633, .T. ) ;
#5302 = CARTESIAN_POINT ( 'NONE',  ( 0.0003313041220334736426, -0.02518410203669202777, 0.05797333368270696230 ) ) ;
#5303 = CARTESIAN_POINT ( 'NONE',  ( 0.01210347882708783310, -0.003797319272488450595, -0.007594638544976902925 ) ) ;
#5304 = CARTESIAN_POINT ( 'NONE',  ( 0.02512165982172560180, -0.002582002418311149950, 0.05170529551082229947 ) ) ;
#5305 =( BOUNDED_SURFACE ( )  B_SPLINE_SURFACE ( 4, 3, ( 
 ( #3199, #4839, #731, #5822 ),
 ( #2376, #3878, #665, #3306 ),
 ( #5218, #5319, #1836, #6171 ),
 ( #3206, #5185, #263, #3037 ),
 ( #2088, #3474, #324, #2291 ),
 ( #4104, #2861, #1072, #4505 ),
 ( #1132, #1582, #5087, #3011 ),
 ( #167, #1615, #72, #2129 ),
 ( #4121, #2520, #4993, #3079 ),
 ( #609, #1550, #6004, #5056 ),
 ( #2061, #4568, #546, #1999 ),
 ( #3540, #3603, #5582, #5451 ),
 ( #1001, #643, #2620, #3045 ),
 ( #135, #104, #6041, #4024 ),
 ( #4055, #5517, #1483, #1067 ),
 ( #4600, #3473, #2031, #3570 ),
 ( #5025, #6073, #3506, #3989 ),
 ( #2586, #5973, #2977, #5547 ),
 ( #4471, #3109, #4961, #512 ),
 ( #41, #578, #2553, #1519 ),
 ( #2489, #5486, #1033, #4538 ),
 ( #1099, #2095, #4087, #230 ),
 ( #6203, #703, #2227, #1226 ),
 ( #5646, #5613, #2779, #1191 ),
 ( #4663, #3143, #1261, #3238 ),
 ( #2296, #2685, #5678, #5742 ),
 ( #3270, #3173, #670, #4763 ),
 ( #2196, #330, #5217, #2160 ),
 ( #4179, #4248, #2653, #1741 ),
 ( #4214, #4149, #805, #5184 ),
 ( #3205, #5710, #1646, #773 ),
 ( #6170, #1676, #6107, #2749 ),
 ( #1294, #3732, #3635, #4632 ),
 ( #1163, #4731, #3770, #5117 ),
 ( #198, #6239, #297, #5151 ),
 ( #1708, #5253, #2260, #6139 ),
 ( #1774, #3666, #3699, #738 ),
 ( #2717, #4697, #262, #2895 ) ),
 .UNSPECIFIED., .F., .F., .T. ) 
 B_SPLINE_SURFACE_WITH_KNOTS ( ( 5, 1, 1, 1, 1, 1, 1, 1, 1, 1, 1, 1, 1, 1, 1, 1, 1, 1, 1, 1, 1, 1, 1, 1, 1, 1, 1, 1, 1, 1, 1, 1, 1, 1, 5 ),
 ( 4, 4 ),
 ( 0.000000000000000000, 0.0002151748282479247769, 0.0004303496564958495538, 0.001197433867946453125, 0.001816684267350273697, 0.002648237424389112728, 0.003888298548714792021, 0.006009048239828076142, 0.009690402207698818951, 0.01626605809241634532, 0.02843013126682419900, 0.05028021559581110494, 0.08339066922638539714, 0.1452989323063062221, 0.2072069278057969421, 0.2691152892298330213, 0.3310232124410635857, 0.3929313455989270620, 0.5167475752337479245, 0.5786557072941594937, 0.6405637779947344068, 0.7024719602864770707, 0.7643800862177958511, 0.7953341109051116353, 0.8262881355924274196, 0.8572421933737847111, 0.8881962511551420025, 0.9191503033889321106, 0.9346273295058271646, 0.9501043556227221076, 0.9625782667170414975, 0.9750521778113609983, 0.9875260889056804992, 0.9937630444528402496, 1.000000000000000000 ),
 ( 0.000000000000000000, 1.000000000000000000 ),
 .UNSPECIFIED. ) 
 GEOMETRIC_REPRESENTATION_ITEM ( )  RATIONAL_B_SPLINE_SURFACE ( (
 ( 1.000000000000000000, 0.3333333333333334259, 0.3333333333333334259, 1.000000000000000000),
 ( 1.000000000000000000, 0.3333333333333334259, 0.3333333333333334259, 1.000000000000000000),
 ( 1.000000000000000000, 0.3333333333333334259, 0.3333333333333334259, 1.000000000000000000),
 ( 1.000000000000000000, 0.3333333333333334259, 0.3333333333333334259, 1.000000000000000000),
 ( 1.000000000000000000, 0.3333333333333334259, 0.3333333333333334259, 1.000000000000000000),
 ( 1.000000000000000000, 0.3333333333333334259, 0.3333333333333334259, 1.000000000000000000),
 ( 1.000000000000000000, 0.3333333333333334259, 0.3333333333333334259, 1.000000000000000000),
 ( 1.000000000000000000, 0.3333333333333334259, 0.3333333333333334259, 1.000000000000000000),
 ( 1.000000000000000000, 0.3333333333333334259, 0.3333333333333334259, 1.000000000000000000),
 ( 1.000000000000000000, 0.3333333333333334259, 0.3333333333333334259, 1.000000000000000000),
 ( 1.000000000000000000, 0.3333333333333334259, 0.3333333333333334259, 1.000000000000000000),
 ( 1.000000000000000000, 0.3333333333333334259, 0.3333333333333334259, 1.000000000000000000),
 ( 1.000000000000000000, 0.3333333333333334259, 0.3333333333333334259, 1.000000000000000000),
 ( 1.000000000000000000, 0.3333333333333334259, 0.3333333333333334259, 1.000000000000000000),
 ( 1.000000000000000000, 0.3333333333333334259, 0.3333333333333334259, 1.000000000000000000),
 ( 1.000000000000000000, 0.3333333333333334259, 0.3333333333333334259, 1.000000000000000000),
 ( 1.000000000000000000, 0.3333333333333334259, 0.3333333333333334259, 1.000000000000000000),
 ( 1.000000000000000000, 0.3333333333333334259, 0.3333333333333334259, 1.000000000000000000),
 ( 1.000000000000000000, 0.3333333333333334259, 0.3333333333333334259, 1.000000000000000000),
 ( 1.000000000000000000, 0.3333333333333334259, 0.3333333333333334259, 1.000000000000000000),
 ( 1.000000000000000000, 0.3333333333333334259, 0.3333333333333334259, 1.000000000000000000),
 ( 1.000000000000000000, 0.3333333333333334259, 0.3333333333333334259, 1.000000000000000000),
 ( 1.000000000000000000, 0.3333333333333334259, 0.3333333333333334259, 1.000000000000000000),
 ( 1.000000000000000000, 0.3333333333333334259, 0.3333333333333334259, 1.000000000000000000),
 ( 1.000000000000000000, 0.3333333333333334259, 0.3333333333333334259, 1.000000000000000000),
 ( 1.000000000000000000, 0.3333333333333334259, 0.3333333333333334259, 1.000000000000000000),
 ( 1.000000000000000000, 0.3333333333333334259, 0.3333333333333334259, 1.000000000000000000),
 ( 1.000000000000000000, 0.3333333333333334259, 0.3333333333333334259, 1.000000000000000000),
 ( 1.000000000000000000, 0.3333333333333334259, 0.3333333333333334259, 1.000000000000000000),
 ( 1.000000000000000000, 0.3333333333333334259, 0.3333333333333334259, 1.000000000000000000),
 ( 1.000000000000000000, 0.3333333333333334259, 0.3333333333333334259, 1.000000000000000000),
 ( 1.000000000000000000, 0.3333333333333334259, 0.3333333333333334259, 1.000000000000000000),
 ( 1.000000000000000000, 0.3333333333333334259, 0.3333333333333334259, 1.000000000000000000),
 ( 1.000000000000000000, 0.3333333333333334259, 0.3333333333333334259, 1.000000000000000000),
 ( 1.000000000000000000, 0.3333333333333334259, 0.3333333333333334259, 1.000000000000000000),
 ( 1.000000000000000000, 0.3333333333333334259, 0.3333333333333334259, 1.000000000000000000),
 ( 1.000000000000000000, 0.3333333333333334259, 0.3333333333333334259, 1.000000000000000000),
 ( 1.000000000000000000, 0.3333333333333334259, 0.3333333333333334259, 1.000000000000000000) ) ) 
 REPRESENTATION_ITEM ( '' )  SURFACE ( )  );
#5306 = DIRECTION ( 'NONE',  ( 0.000000000000000000, 0.000000000000000000, -1.000000000000000000 ) ) ;
#5307 = CARTESIAN_POINT ( 'NONE',  ( -0.02395349758143670155, -0.002653291091475649868, 0.005771300684615870112 ) ) ;
#5308 = CARTESIAN_POINT ( 'NONE',  ( -0.01748184511945480302, 6.765577060767530217E-05, -0.01495516321964580030 ) ) ;
#5309 = CARTESIAN_POINT ( 'NONE',  ( -0.000000000000000000, -0.002680792082837025851, 0.02592221071615637834 ) ) ;
#5310 = AXIS2_PLACEMENT_3D ( 'NONE', #75, #3606, #1135 ) ;
#5311 = APPLICATION_PROTOCOL_DEFINITION ( 'draft international standard', 'automotive_design', 1998, #2251 ) ;
#5312 = CARTESIAN_POINT ( 'NONE',  ( -0.02409649484081315129, 0.001003722023054614068, -0.0002153148712791904838 ) ) ;
#5313 = CARTESIAN_POINT ( 'NONE',  ( -0.002957818227729469909, 0.02648015124887349858, 0.03998019461668080032 ) ) ;
#5314 = CARTESIAN_POINT ( 'NONE',  ( -0.0009426204872616639847, 0.04967670737730139896, 0.03594950436496809759 ) ) ;
#5315 = CARTESIAN_POINT ( 'NONE',  ( -0.0004920938759086329302, -0.02501587683009379864, 0.0002727385780476499649 ) ) ;
#5316 = CARTESIAN_POINT ( 'NONE',  ( -0.02632456899872090070, -0.001628633694534020130, 0.02027576175512569787 ) ) ;
#5317 = CARTESIAN_POINT ( 'NONE',  ( -0.0005481116969203220137, -0.02512165982173140272, 0.05799276350477400310 ) ) ;
#5318 = CARTESIAN_POINT ( 'NONE',  ( -0.02393647225436880063, 0.002802988770867990281, 0.006573493990285870364 ) ) ;
#5319 = CARTESIAN_POINT ( 'NONE',  ( 1.223409797931033241E-05, -2.367459257430027810E-05, 4.734918514860052231E-05 ) ) ;
#5320 = CARTESIAN_POINT ( 'NONE',  ( -0.001958140998707280211, -0.02550437882607130280, 0.05478356120482599789 ) ) ;
#5321 = CARTESIAN_POINT ( 'NONE',  ( -0.04149169152544139594, -0.002934231443040499938, 0.03201911480559059553 ) ) ;
#5322 = CARTESIAN_POINT ( 'NONE',  ( 0.02583980575215179959, 0.002974749996921600016, 0.04277614418629560600 ) ) ;
#5323 = CARTESIAN_POINT ( 'NONE',  ( -0.002266207466781459956, 0.02616959608063370094, 0.02732084186596659900 ) ) ;
#5324 = CARTESIAN_POINT ( 'NONE',  ( -0.02355296669934419870, 0.005105839137111590348, 0.03277674274310120317 ) ) ;
#5325 = CARTESIAN_POINT ( 'NONE',  ( -0.002696803543654499678, 0.02394865091713839836, 0.006125385747090169794 ) ) ;
#5326 = CARTESIAN_POINT ( 'NONE',  ( 0.0009484447689679260116, 0.02512165982172400239, 0.05754937537719329727 ) ) ;
#5327 = CARTESIAN_POINT ( 'NONE',  ( -0.004598234847810699771, -0.02367007461252940148, 0.03993147340952710178 ) ) ;
#5328 = CARTESIAN_POINT ( 'NONE',  ( 0.02351180070024249877, 0.005292019911020779885, 0.04422883796092259845 ) ) ;
#5329 = CARTESIAN_POINT ( 'NONE',  ( 0.02356942820678519998, -0.005029343937061210232, 0.03134926258618070394 ) ) ;
#5330 = CARTESIAN_POINT ( 'NONE',  ( 0.001741740346370359996, 0.02483333394541980058, 0.01735483590874650067 ) ) ;
#5331 = CARTESIAN_POINT ( 'NONE',  ( -0.002010594407461548539, -0.02687975589824536174, 0.02307212995469199932 ) ) ;
#5332 = CARTESIAN_POINT ( 'NONE',  ( 0.01934902983291604539, -0.005342002697548649259, -0.01068400539509730025 ) ) ;
#5333 = CARTESIAN_POINT ( 'NONE',  ( 0.04967670737730139896, -0.001263013066965940068, 0.03548486484308169958 ) ) ;
#5334 = CARTESIAN_POINT ( 'NONE',  ( -0.002630055287146279910, 0.02395606139947220256, 0.005583422209151429894 ) ) ;
#5335 = EDGE_CURVE ( 'NONE', #5488, #718, #723, .T. ) ;
#5336 = VERTEX_POINT ( 'NONE', #5387 ) ;
#5337 = CARTESIAN_POINT ( 'NONE',  ( -0.02395606139948100108, -0.002630055287071790017, 0.005583422209162070687 ) ) ;
#5338 = CARTESIAN_POINT ( 'NONE',  ( 9.316952606696630361E-05, 0.02730712299637160292, 0.006174370305230250135 ) ) ;
#5339 = CARTESIAN_POINT ( 'NONE',  ( -0.000000000000000000, -0.002677297170844919298, 0.02586457557350494221 ) ) ;
#5340 = PRODUCT_CONTEXT ( 'NONE', #2995, 'mechanical' ) ;
#5341 = CARTESIAN_POINT ( 'NONE',  ( 0.02345393969811690113, -9.295366289648670176E-05, 0.009544381645201820141 ) ) ;
#5342 = CARTESIAN_POINT ( 'NONE',  ( -0.0005861845104773669851, 0.02719639805008210176, 0.01039990265198470140 ) ) ;
#5343 = CARTESIAN_POINT ( 'NONE',  ( 0.1512480240308354262, 0.02019165774830738308, 0.000000000000000000 ) ) ;
#5344 = CARTESIAN_POINT ( 'NONE',  ( -0.0008922555712694789885, -0.02669331373965670023, 0.0001423194678066200107 ) ) ;
#5345 = CARTESIAN_POINT ( 'NONE',  ( -0.02662864141104720125, 9.401047992609300332E-06, 0.006189755470551509993 ) ) ;
#5346 = CARTESIAN_POINT ( 'NONE',  ( -0.002761206190879380001, -0.03330667567358740200, 0.02565863985373779965 ) ) ;
#5347 = CARTESIAN_POINT ( 'NONE',  ( 0.002714850364266349712, 0.02394659914704220030, 0.005850319659650569937 ) ) ;
#5348 = VECTOR ( 'NONE', #4674, 1.000000000000000000 ) ;
#5349 = CARTESIAN_POINT ( 'NONE',  ( 0.002830993642880039966, -0.02597412673311949929, 0.03623205106580910245 ) ) ;
#5350 = EDGE_CURVE ( 'NONE', #5919, #3542, #5682, .T. ) ;
#5351 = CARTESIAN_POINT ( 'NONE',  ( -0.04149169152544249922, -3.761529150720369563E-05, -0.006233814811427510101 ) ) ;
#5352 = CARTESIAN_POINT ( 'NONE',  ( 0.02566729280681189981, 0.002538664308751359920, 0.05113086934671060013 ) ) ;
#5353 = CARTESIAN_POINT ( 'NONE',  ( 0.001598287645234949990, 0.02698337018049510108, 0.01883556361615990049 ) ) ;
#5354 = CARTESIAN_POINT ( 'NONE',  ( -0.02404033167443640068, 0.001917580719435939968, 0.006696159756015600088 ) ) ;
#5355 = LINE ( 'NONE', #5844, #2590 ) ;
#5356 = CARTESIAN_POINT ( 'NONE',  ( -0.002570383532412349754, 0.04967670737730729702, 0.02995616280963680003 ) ) ;
#5357 = ADVANCED_FACE ( 'NONE', ( #7 ), #4802, .F. ) ;
#5358 = CARTESIAN_POINT ( 'NONE',  ( -0.004585885714053410632, -0.02367164174509369876, 0.04560389961369349515 ) ) ;
#5359 = DIRECTION ( 'NONE',  ( 1.000000000000000000, 0.000000000000000000, 0.000000000000000000 ) ) ;
#5360 = CARTESIAN_POINT ( 'NONE',  ( 0.02403187854012239777, -0.002020585674782060179, 0.007520171942332599946 ) ) ;
#5361 = CARTESIAN_POINT ( 'NONE',  ( -0.001762892432863270029, 0.02405212563442680335, 0.005896235985678469939 ) ) ;
#5362 = CARTESIAN_POINT ( 'NONE',  ( 0.002852544847180994887, -0.02656916909478867356, 0.03623653771030180271 ) ) ;
#5363 = CARTESIAN_POINT ( 'NONE',  ( 0.06122476143659144610, -0.01203583586195126204, -1.473964786340153803E-18 ) ) ;
#5364 = CARTESIAN_POINT ( 'NONE',  ( 0.04149169152544309597, -0.0005318081265415739193, 0.04366578062640859986 ) ) ;
#5365 = B_SPLINE_CURVE_WITH_KNOTS ( 'NONE', 3,
 ( #6398, #5875, #3957, #1448 ),
 .UNSPECIFIED., .F., .F.,
 ( 4, 4 ),
 ( 1.014629931925011985E-05, 0.001211345273694740005 ),
 .UNSPECIFIED. ) ;
#5366 = CARTESIAN_POINT ( 'NONE',  ( 0.004145264759036110074, -0.02374127912732459933, 0.01998221262356109779 ) ) ;
#5367 = CARTESIAN_POINT ( 'NONE',  ( 0.04221725481721219642, -2.735994021829110190E-05, -0.007331533897108289885 ) ) ;
#5368 = CARTESIAN_POINT ( 'NONE',  ( -0.02395400324358240227, -0.002648723920126780287, 0.005734348965515010180 ) ) ;
#5369 = CARTESIAN_POINT ( 'NONE',  ( -0.0007858136224168709794, 0.02739608168831365181, 0.0001031901936009656012 ) ) ;
#5370 = CARTESIAN_POINT ( 'NONE',  ( -0.000000000000000000, -0.001862992230500547632, 0.01562700988791151241 ) ) ;
#5371 = SHAPE_DEFINITION_REPRESENTATION ( #2134, #4767 ) ;
#5372 = CARTESIAN_POINT ( 'NONE',  ( 2.827751929175869978E-05, 0.02731468076792820110, 0.005725352261985739918 ) ) ;
#5373 = EDGE_CURVE ( 'NONE', #4123, #2460, #2697, .T. ) ;
#5374 = CARTESIAN_POINT ( 'NONE',  ( -0.0001447047844041700110, 0.02727379557147199818, 0.006999033898480579857 ) ) ;
#5375 = B_SPLINE_CURVE_WITH_KNOTS ( 'NONE', 3,
 ( #1889, #837, #3332, #2805 ),
 .UNSPECIFIED., .F., .F.,
 ( 4, 4 ),
 ( 0.03422264407286200461, 0.03529414878554119894 ),
 .UNSPECIFIED. ) ;
#5376 = CARTESIAN_POINT ( 'NONE',  ( 0.01210347882708783310, 0.003797319272488451462, 0.000000000000000000 ) ) ;
#5377 = CARTESIAN_POINT ( 'NONE',  ( 0.0009904158329929961101, -0.02409696387249530072, -0.0001697696686596770056 ) ) ;
#5378 = CARTESIAN_POINT ( 'NONE',  ( -0.02493219438950199790, -0.0005664490133996959685, 0.05809939928209769539 ) ) ;
#5379 = CARTESIAN_POINT ( 'NONE',  ( -0.001277631744305070044, -0.02512165982173149986, 0.05696629148720500080 ) ) ;
#5380 = CARTESIAN_POINT ( 'NONE',  ( 0.02379950134224970149, -0.003794779403731600095, 0.01568141183449249867 ) ) ;
#5381 = CARTESIAN_POINT ( 'NONE',  ( -0.0003041419717108859774, 0.02498320985297020069, 0.006105234018345589986 ) ) ;
#5382 = CARTESIAN_POINT ( 'NONE',  ( -0.003015295890296230269, -0.02588290048728729767, 0.03996672481734130089 ) ) ;
#5383 = CARTESIAN_POINT ( 'NONE',  ( -0.04967670737730029568, -0.0003586059067325040347, -0.01106837121146690001 ) ) ;
#5384 = CARTESIAN_POINT ( 'NONE',  ( 0.02541647246033150107, 0.001583207488625360112, 0.05594312836193399835 ) ) ;
#5385 = CARTESIAN_POINT ( 'NONE',  ( 0.0006416608415887799536, 0.02718959485659130232, 0.01037697577710879927 ) ) ;
#5386 = CARTESIAN_POINT ( 'NONE',  ( -0.02404855162058459894, 0.001811155897796759952, 0.005872797973552840688 ) ) ;
#5387 = CARTESIAN_POINT ( 'NONE',  ( 0.02394811090137519832, -0.002701478161198450200, 0.005742451886731789537 ) ) ;
#5388 = CARTESIAN_POINT ( 'NONE',  ( -0.002281293988873630326, 0.04967670737729999730, 0.03187117607420240223 ) ) ;
#5389 = AXIS2_PLACEMENT_3D ( 'NONE', #921, #2894, #5830 ) ;
#5390 = CARTESIAN_POINT ( 'NONE',  ( -0.001839151905519940088, -0.02404644473007309935, 0.006078706346020579937 ) ) ;
#5391 = ORIENTED_EDGE ( 'NONE', *, *, #4946, .F. ) ;
#5392 = CARTESIAN_POINT ( 'NONE',  ( -0.001263013066965950042, -0.04967670737730139896, 0.03548486484308169958 ) ) ;
#5393 = CARTESIAN_POINT ( 'NONE',  ( 0.02401914878113199994, -0.002164268909340170011, 0.008697195298589269208 ) ) ;
#5394 = CARTESIAN_POINT ( 'NONE',  ( 0.002436899427072059757, 0.02472877938494779868, 0.02442241213085090054 ) ) ;
#5395 = CARTESIAN_POINT ( 'NONE',  ( 0.02395354939223150181, 0.002652823356354229879, 0.005767505141804200354 ) ) ;
#5396 = CARTESIAN_POINT ( 'NONE',  ( 0.0002554679774862222801, -0.02725699828654985432, 0.007822854458895920141 ) ) ;
#5397 = CARTESIAN_POINT ( 'NONE',  ( 0.1429219362925316372, -0.01977994956041831745, -0.03955989912083663490 ) ) ;
#5398 = CARTESIAN_POINT ( 'NONE',  ( 0.03330667567358390480, -0.001272756497479170159, 0.04980580446314920168 ) ) ;
#5399 = CARTESIAN_POINT ( 'NONE',  ( 0.005030449864187169946, -0.02356921854987630016, 0.03230699369788540137 ) ) ;
#5400 = DIRECTION ( 'NONE',  ( -0.7521489355498127694, -4.658274186638088998E-05, -0.6589931536680269097 ) ) ;
#5401 = CARTESIAN_POINT ( 'NONE',  ( -0.01748184511945599998, 0.0001011415847002880097, -0.01471355320828049949 ) ) ;
#5402 = CARTESIAN_POINT ( 'NONE',  ( 0.04967670737729299596, -0.003041894251109150248, 0.02139080718404419781 ) ) ;
#5403 = CARTESIAN_POINT ( 'NONE',  ( -0.02653307800631551916, 0.002950599377497797708, 0.03716995685092729790 ) ) ;
#5404 = CARTESIAN_POINT ( 'NONE',  ( 0.000000000000000000, 0.02409999999999999989, 0.06175378874876469998 ) ) ;
#5405 = CARTESIAN_POINT ( 'NONE',  ( 0.0005147036173102579595, 0.02525913287519340050, 0.05782208488732929613 ) ) ;
#5406 = CARTESIAN_POINT ( 'NONE',  ( 3.348511806106455999E-06, 8.298471112651620399E-06, 0.000000000000000000 ) ) ;
#5407 = CARTESIAN_POINT ( 'NONE',  ( -0.02387212470049340091, -0.003307511608112600164, 0.01144394592154650107 ) ) ;
#5408 = CARTESIAN_POINT ( 'NONE',  ( -0.02553357438103689980, 0.002058696601205089668, 0.05439354756078820102 ) ) ;
#5409 = CARTESIAN_POINT ( 'NONE',  ( -0.002819890817771359987, -0.02512165982173259968, 0.04958601377069300070 ) ) ;
#5410 = CARTESIAN_POINT ( 'NONE',  ( 0.02394811090137519832, -0.002701478161198450200, 0.005742451886731789537 ) ) ;
#5411 = CARTESIAN_POINT ( 'NONE',  ( -0.001738334253175379982, 0.02405390359206090178, 0.005710144703292380393 ) ) ;
#5412 = CARTESIAN_POINT ( 'NONE',  ( -0.002635850692147370146, -0.02606440263090459980, 0.03153502953122189895 ) ) ;
#5413 = CARTESIAN_POINT ( 'NONE',  ( -0.04967670737730060099, -3.583149667195850100E-05, -0.01342094156759589957 ) ) ;
#5414 = CARTESIAN_POINT ( 'NONE',  ( 0.02480679356907049965, -3.285630488489050556E-05, 0.05843653805638630155 ) ) ;
#5415 = CARTESIAN_POINT ( 'NONE',  ( -0.002150364978699830041, 0.02620045670018309944, 0.02591277937930150030 ) ) ;
#5416 = EDGE_CURVE ( 'NONE', #1629, #3967, #5365, .T. ) ;
#5417 = CARTESIAN_POINT ( 'NONE',  ( -0.02395349758143670155, -0.002653291091475649868, 0.005771300684615870112 ) ) ;
#5418 = LINE ( 'NONE', #1482, #842 ) ;
#5419 = CARTESIAN_POINT ( 'NONE',  ( -0.001444593689469989874, 0.04149169152544229799, 0.04214666528241640259 ) ) ;
#5420 = CARTESIAN_POINT ( 'NONE',  ( -0.003847404461000199834, -0.02380560246405790184, 0.02571450081595930137 ) ) ;
#5421 = ORIENTED_EDGE ( 'NONE', *, *, #5816, .F. ) ;
#5422 = CARTESIAN_POINT ( 'NONE',  ( -0.003041894251109190147, -0.04967670737729299596, 0.02139080718404419781 ) ) ;
#5423 = CARTESIAN_POINT ( 'NONE',  ( 0.02382916341978279923, 0.003606833151136530202, 0.01428896043342340119 ) ) ;
#5424 = CARTESIAN_POINT ( 'NONE',  ( -0.004505061670014020268, 0.02368819119135939788, 0.03852003234249899710 ) ) ;
#5425 = CARTESIAN_POINT ( 'NONE',  ( 0.02396976563227940296, 0.002502442247226030134, 0.004552089471867730268 ) ) ;
#5426 = CARTESIAN_POINT ( 'NONE',  ( 0.02648015049551901562, 0.002957817946543948428, 0.03998019366136079666 ) ) ;
#5427 = CARTESIAN_POINT ( 'NONE',  ( -0.02468085427746235030, -0.0002490004840277194702, -6.246867986000495093E-20 ) ) ;
#5428 = ORIENTED_EDGE ( 'NONE', *, *, #525, .F. ) ;
#5429 = CARTESIAN_POINT ( 'NONE',  ( 0.04967670737730079528, 0.001712458349813959953, 0.03424198695874380166 ) ) ;
#5430 = CARTESIAN_POINT ( 'NONE',  ( -0.0003639715790485400083, 0.02512165982172380116, 0.01049642400483780103 ) ) ;
#5431 = SHAPE_REPRESENTATION ( 'nosecone', ( #5181 ), #1755 ) ;
#5432 = CARTESIAN_POINT ( 'NONE',  ( 0.02468085422782877875, 0.0002490005329145196771, 2.079333536611300052E-19 ) ) ;
#5433 = CARTESIAN_POINT ( 'NONE',  ( 0.000000000000000000, 0.0001905741437084459901, 0.001227709053899799993 ) ) ;
#5434 = CARTESIAN_POINT ( 'NONE',  ( 2.782192094235530101E-05, 0.03475780225712390287, -0.0007959556547043170104 ) ) ;
#5435 = CARTESIAN_POINT ( 'NONE',  ( -0.02624684599530541576, -0.002645929026897006313, 0.04962785384140080275 ) ) ;
#5436 = CARTESIAN_POINT ( 'NONE',  ( 0.4570000000000000173, 2.510525938252074293E-18, -0.02050000000000000086 ) ) ;
#5437 = CARTESIAN_POINT ( 'NONE',  ( -0.002766738376010790135, 0.02661471247906030055, 0.03436172921885830012 ) ) ;
#5438 = CARTESIAN_POINT ( 'NONE',  ( 0.0005247730781380299803, 0.04967670737730160019, 0.03650194262433899967 ) ) ;
#5439 = CARTESIAN_POINT ( 'NONE',  ( -0.02361105778318479953, -0.004831195492954969313, 0.05150662551810240158 ) ) ;
#5440 = CARTESIAN_POINT ( 'NONE',  ( -0.02662893808390830175, 7.083076001579880106E-06, 0.006173635385843219588 ) ) ;
#5441 = CARTESIAN_POINT ( 'NONE',  ( 0.0008371063913712239535, -0.04149169152543969591, -0.0002188473049638919898 ) ) ;
#5442 = CARTESIAN_POINT ( 'NONE',  ( 0.004314946825340680407, 0.02371067814206069893, 0.02137150184418520199 ) ) ;
#5443 = CARTESIAN_POINT ( 'NONE',  ( -0.001607442126490520040, 0.02406313874883360057, 0.004678709653019880003 ) ) ;
#5444 = CARTESIAN_POINT ( 'NONE',  ( -0.0001045116482664379967, -0.02729263309801290005, 0.006267565573265689374 ) ) ;
#5445 = CARTESIAN_POINT ( 'NONE',  ( -0.03330667567358479991, -0.002960458266613409748, 0.03364425825554669819 ) ) ;
#5446 = CARTESIAN_POINT ( 'NONE',  ( 0.02615878233961339838, -0.002323245079426829954, 0.02730217893369170021 ) ) ;
#5447 = CARTESIAN_POINT ( 'NONE',  ( -0.001396817616135420095, 0.02702726873339890076, 0.01745680945013509955 ) ) ;
#5448 = CARTESIAN_POINT ( 'NONE',  ( -0.02393058025013449983, -0.002853591895306509859, 0.007426413006817629558 ) ) ;
#5449 = CIRCLE ( 'NONE', #3167, 0.02054999999999999882 ) ;
#5450 = CARTESIAN_POINT ( 'NONE',  ( 0.003040536619186490208, 0.02390761687419850137, 0.008581743203329141034 ) ) ;
#5451 = CARTESIAN_POINT ( 'NONE',  ( 0.003979251012898010406, 0.001661941657750860401, 4.070583063068474255E-19 ) ) ;
#5452 = CARTESIAN_POINT ( 'NONE',  ( -0.002331012702222580359, -0.02400332371586910013, 0.01011137977235290059 ) ) ;
#5453 = ORIENTED_EDGE ( 'NONE', *, *, #4069, .F. ) ;
#5454 = CARTESIAN_POINT ( 'NONE',  ( -0.002994831192286709874, -0.04967670737729369679, 0.01854478443794159784 ) ) ;
#5455 = EDGE_CURVE ( 'NONE', #6379, #3215, #967, .T. ) ;
#5456 = CARTESIAN_POINT ( 'NONE',  ( 0.02378527475394110260, 0.003885285400437200366, 0.01713618755684019959 ) ) ;
#5457 = B_SPLINE_SURFACE_WITH_KNOTS ( 'NONE', 3, 3, ( 
 ( #4368, #6362, #2391, #781, #6212, #3919, #4771, #5226, #1, #3778, #5750, #1926, #272, #1896, #2757, #446, #2419, #1302, #2269 ),
 ( #5934, #4256, #4739, #6247, #3889, #5411, #4397, #3280, #5443, #5262, #5868, #2451, #2903, #1959, #3400, #815, #5900, #2786, #305 ),
 ( #3951, #6391, #5381, #338, #929, #4886, #4705, #961, #1441, #3432, #1475, #2933, #1782, #1269, #4916, #476, #4430, #3466, #2726 ),
 ( #2236, #4223, #1749, #3742, #3247, #5718, #4530, #1606, #2087, #602, #2578, #570, #3102, #2969, #4080, #1060, #2023, #4113, #4593 ),
 ( #1511, #2545, #1543, #3499, #160, #6066, #5479, #4017, #3036, #1026, #5997, #1091, #3003, #4953, #1639, #5509, #2119, #3532, #3070 ) ),
 .UNSPECIFIED., .F., .F., .F.,
 ( 4, 1, 4 ),
 ( 4, 2, 1, 1, 1, 1, 1, 1, 1, 1, 1, 1, 3, 4 ),
 ( 0.000000000000000000, 0.5714285714285709528, 1.000000000000000000 ),
 ( 1.018903651354309984E-18, 0.001211915471556509810, 0.008831778982233789294, 0.01645164249291109979, 0.03169136951426559934, 0.06217082355697470253, 0.1231297316423930061, 0.1840886397278110043, 0.2450475478132290164, 0.3060064558986470007, 0.3669653639840659842, 0.4888831801549019529, 0.6108009963257380326, 0.6169090062889950321 ),
 .UNSPECIFIED. ) ;
#5458 = CARTESIAN_POINT ( 'NONE',  ( -0.003379137557242819969, 0.02449839707886470111, 0.04278129365936179929 ) ) ;
#5459 = CARTESIAN_POINT ( 'NONE',  ( 0.02408996046072819919, 0.001146700513383680032, 0.001057504856624089931 ) ) ;
#5460 = CARTESIAN_POINT ( 'NONE',  ( 0.02643382612638720333, -0.003031675329183248970, 0.04136164122576130309 ) ) ;
#5461 = CARTESIAN_POINT ( 'NONE',  ( 0.1621912153200378293, -0.02054251265073871527, -0.04108502530147743054 ) ) ;
#5462 = EDGE_LOOP ( 'NONE', ( #672, #4547, #3960 ) ) ;
#5463 = CARTESIAN_POINT ( 'NONE',  ( 0.04967670737730149610, 0.001979508078096259976, 0.03327148758153540553 ) ) ;
#5464 = CARTESIAN_POINT ( 'NONE',  ( 0.002853591746711009805, -0.02393058026494089899, 0.007426413419303009612 ) ) ;
#5465 = B_SPLINE_CURVE_WITH_KNOTS ( 'NONE', 3,
 ( #3896, #3926, #5325, #5812, #880, #936, #4321, #1842, #3838, #4859, #482, #2850, #397, #1966, #6369, #2366, #1902, #4894, #851, #452, #3407, #2819, #4504, #71, #2128, #3602, #6072, #5055, #3539, #4599, #4959, #4470, #2030, #4120, #1614, #6040, #5581, #5485, #5972, #1032, #608, #166, #5516, #4567, #6106, #577, #1518, #1000, #2060, #103, #5086, #5024, #4023, #1131, #1098, #4992, #1581, #3010, #3988, #2488, #4054, #6003, #2585, #2976, #3569, #5546, #3505, #3078, #134, #1549, #544, #511, #3472, #2518, #1066, #3044, #2552, #3108, #2094, #4537, #5450, #4086, #642, #40, #1997, #2619, #5251, #2195, #3730, #5182, #1772 ),
 .UNSPECIFIED., .F., .F.,
 ( 4, 1, 1, 1, 1, 1, 1, 1, 1, 1, 1, 1, 1, 1, 1, 1, 1, 1, 1, 1, 1, 1, 1, 1, 1, 1, 1, 1, 1, 1, 1, 1, 1, 1, 1, 1, 1, 1, 1, 1, 1, 1, 1, 1, 1, 1, 1, 1, 1, 1, 1, 1, 1, 1, 1, 1, 1, 1, 1, 1, 1, 1, 1, 1, 1, 1, 1, 1, 1, 1, 1, 1, 1, 1, 1, 1, 1, 1, 1, 1, 1, 1, 1, 1, 1, 1, 2, 4 ),
 ( 0.000000000000000000, 0.003124873475692221524, 0.006249746951384132533, 0.01249949390276826507, 0.02499898780554537722, 0.03749848170831379668, 0.04999797561109091404, 0.06249746951385917737, 0.07499696341663614207, 0.08749645731940455806, 0.09999595122218167542, 0.1124954451249500914, 0.1249949390277183547, 0.1374944329304953194, 0.1499939268332671494, 0.1624934207360400618, 0.1749929146388126966, 0.1874924085415845265, 0.1999919024443571336, 0.2124913963471289635, 0.2249908902499017371, 0.2374903841526745107, 0.2499898780554463407, 0.2624893719582189755, 0.2749888658609916936, 0.2874883597637634125, 0.2999878536665361861, 0.3124873475693089042, 0.3249868414720807897, 0.3374863353748534522, 0.3499858292776262259, 0.3624853231803980558, 0.3749848170831707739, 0.3874843109859434365, 0.3999838048887152664, 0.4166497967590782614, 0.4333157886294422001, 0.4499817804998052506, 0.4666477723701682456, 0.4833137642405312406, 0.4916467601757127937, 0.4999797561108942356, 0.5083127520460758442, 0.5166457479812581743, 0.5249787439164397274, 0.5333117398516211694, 0.5499777317219841644, 0.5666437235923472704, 0.5833097154627103764, 0.5999757073330733714, 0.6124752012358459785, 0.6249746951386186966, 0.6374741890413905265, 0.6499736829441632446, 0.6624731768469359627, 0.6749726707497077927, 0.6874721646524805108, 0.6999716585552532289, 0.7124711524580250588, 0.7249706463607977769, 0.7374701402635703840, 0.7499696341663423249, 0.7624691280691150430, 0.7749686219718868729, 0.7874681158746594800, 0.7999676097774323091, 0.8124671036802041391, 0.8249665975829768572, 0.8374660914857494642, 0.8499655853885212942, 0.8624650792912941233, 0.8749645731940667304, 0.8874640670968385603, 0.8999635609996112784, 0.9124630549023841075, 0.9249625488051559374, 0.9374620427079283225, 0.9499615366107005965, 0.9624610305134730925, 0.9749605244162455886, 0.9874600183190179736, 0.9937097652704042217, 0.9968346387460971236, 0.9983970754839438522, 0.9991782938528669389, 0.9995689030373287043, 0.9999595122217903587, 1.000000000000000000 ),
 .UNSPECIFIED. ) ;
#5466 = LINE ( 'NONE', #4905, #3425 ) ;
#5467 = CARTESIAN_POINT ( 'NONE',  ( -0.008740922559727930599, -0.0005737756765831989727, 0.04252508869293049332 ) ) ;
#5468 = CARTESIAN_POINT ( 'NONE',  ( 0.04967670737730049690, -0.0001273564404354439938, -0.01315511989376190113 ) ) ;
#5469 = CARTESIAN_POINT ( 'NONE',  ( -0.02725432245506879611, 0.0003114754312484848070, 0.007801802655143909651 ) ) ;
#5470 = CARTESIAN_POINT ( 'NONE',  ( -0.02498363212536941838, -0.0003059995612632717484, 0.006112483046039518704 ) ) ;
#5471 = CARTESIAN_POINT ( 'NONE',  ( -2.828339077277200033E-05, -0.02730659893060220084, 0.005732395045064270396 ) ) ;
#5472 = B_SPLINE_CURVE_WITH_KNOTS ( 'NONE', 3,
 ( #2010, #4003, #2890, #2531, #5464, #1531, #5885, #5854, #3519, #558, #1398, #3387, #5366, #434, #2407, #4383, #3907, #5399, #1428, #949, #2921, #4904, #3647, #4582, #1628, #243, #3615, #1594, #2698, #2565, #6152, #3122, #4549, #715, #4099, #5130, #4677, #1144, #2073, #1561, #2633, #590, #4611, #2108, #5036, #3090, #4162, #4067, #2175, #3552, #6086, #117, #1205, #5067, #3156, #5528, #179, #654, #6053, #1656, #5627, #1174, #685, #1689, #4036, #2666, #1111, #5593, #3581, #622, #5098, #5562, #2600, #4132, #147, #6017, #1079, #2141 ),
 .UNSPECIFIED., .F., .F.,
 ( 4, 1, 1, 1, 1, 1, 1, 1, 1, 1, 1, 1, 1, 1, 1, 1, 1, 1, 1, 1, 1, 1, 1, 1, 1, 1, 1, 1, 1, 1, 1, 1, 1, 1, 1, 1, 1, 1, 1, 1, 1, 1, 1, 1, 1, 1, 1, 1, 1, 1, 1, 1, 1, 1, 1, 1, 1, 1, 1, 1, 1, 1, 1, 1, 1, 1, 1, 1, 1, 1, 1, 1, 1, 2, 4 ),
 ( 0.000000000000000000, 0.003124873475692330812, 0.006249746951384351108, 0.01249949390276870222, 0.02499898780554625152, 0.03749848170831510813, 0.04999797561108396821, 0.06249746951386136312, 0.07499696341663006360, 0.08749645731940761118, 0.09999595122217647125, 0.1249949390277227262, 0.1499939268332672604, 0.1749929146388118084, 0.1999919024443563564, 0.2166578943147198510, 0.2333238861850827350, 0.2499898780554463684, 0.2666558699258090859, 0.2833218617961727470, 0.2999878536665352979, 0.3166538455368989591, 0.3333198374072617320, 0.3499858292776253377, 0.3666518211479888878, 0.3833178130183516052, 0.3999838048887152664, 0.4124832987914875404, 0.4249827926942598144, 0.4374822865970320884, 0.4499817804998043624, 0.4624812744025766365, 0.4749807683053497431, 0.4874802622081220171, 0.4999797561108942912, 0.5124792500136665652, 0.5249787439164388392, 0.5374782378192111132, 0.5499777317219833872, 0.5624772256247565494, 0.5749767195275288234, 0.5874762134303010974, 0.5999757073330733714, 0.6124752012358456454, 0.6249746951386179195, 0.6499736829441632446, 0.6749726707497077927, 0.6999716585552523407, 0.7249706463607978879, 0.7499696341663422139, 0.7749686219718867619, 0.7999676097774321981, 0.8249665975829767461, 0.8499655853885212942, 0.8749645731940658422, 0.8999635609996113894, 0.9124630549023834414, 0.9249625488051559374, 0.9374620427079283225, 0.9499615366107007075, 0.9624610305134729815, 0.9749605244162454776, 0.9874600183190178626, 0.9937097652704041106, 0.9938074175665195797, 0.9939050698626348268, 0.9941003744548657650, 0.9944909836393274194, 0.9952722020082506171, 0.9968346387460972347, 0.9983970754839437411, 0.9991782938528671609, 0.9995689030373285933, 0.9999595122217903587, 1.000000000000000000 ),
 .UNSPECIFIED. ) ;
#5473 = CARTESIAN_POINT ( 'NONE',  ( -0.02409353563390350186, -0.001069877217901969799, 0.0004538952780008639778 ) ) ;
#5474 = CARTESIAN_POINT ( 'NONE',  ( -0.04967670737730060099, -3.583149667195850100E-05, -0.01342094156759589957 ) ) ;
#5475 = CARTESIAN_POINT ( 'NONE',  ( -0.02644622891234139905, -0.001021849036104350000, 0.01462706657326210032 ) ) ;
#5476 = UNCERTAINTY_MEASURE_WITH_UNIT (LENGTH_MEASURE( 1.000000000000000082E-05 ), #289, 'distance_accuracy_value', 'NONE');
#5477 = CARTESIAN_POINT ( 'NONE',  ( 0.001975571031771069901, -0.04149169152544509437, 0.04045235607457610405 ) ) ;
#5478 = CARTESIAN_POINT ( 'NONE',  ( 0.02352482702126090092, -0.005233885923424040111, 0.03563370837041919537 ) ) ;
#5479 = CARTESIAN_POINT ( 'NONE',  ( 1.499185445132919896E-05, 0.02730761686092069915, 0.005825778850165360193 ) ) ;
#5480 = CARTESIAN_POINT ( 'NONE',  ( -0.0002169651740497969888, -0.02727192795199550115, 0.007096610965331850637 ) ) ;
#5481 = CARTESIAN_POINT ( 'NONE',  ( -0.04967670737729639602, -0.002728655842888149871, 0.01158843768467090161 ) ) ;
#5482 = CARTESIAN_POINT ( 'NONE',  ( 0.02730225827777189862, -9.458523035330159518E-05, 0.006188452128235959714 ) ) ;
#5483 = CARTESIAN_POINT ( 'NONE',  ( -0.002831778845553200013, 0.02658048463521199903, 0.03576779506301289852 ) ) ;
#5484 = CARTESIAN_POINT ( 'NONE',  ( -0.02392586565654969757, 0.002942760797923549710, 0.05858275325661769367 ) ) ;
#5485 = CARTESIAN_POINT ( 'NONE',  ( -0.004211222240453569958, 0.02373065172855320232, 0.05509576428992250113 ) ) ;
#5486 = CARTESIAN_POINT ( 'NONE',  ( 0.08669250358634569831, -0.01509096685871386817, 0.03018193371742771552 ) ) ;
#5487 = CARTESIAN_POINT ( 'NONE',  ( -0.003512820648987379727, -0.02385180914686770015, 0.05533874181681230214 ) ) ;
#5488 = VERTEX_POINT ( 'NONE', #3868 ) ;
#5489 = CARTESIAN_POINT ( 'NONE',  ( 0.002653291091475609969, -0.02395349758143670155, 0.005771300684615570005 ) ) ;
#5490 = CARTESIAN_POINT ( 'NONE',  ( 0.02398685408041899975, -0.002492496169804079946, 0.01152659265293550124 ) ) ;
#5491 = CARTESIAN_POINT ( 'NONE',  ( 0.003434406888233410091, 0.02447734484276829769, 0.04415752090849399403 ) ) ;
#5492 = CARTESIAN_POINT ( 'NONE',  ( 0.02698934606629992128, -2.841216987819354857E-05, 0.005892879774058355780 ) ) ;
#5493 = CARTESIAN_POINT ( 'NONE',  ( 0.02646667837327221912, -0.003016665691833608602, 0.03996738402616280272 ) ) ;
#5494 = CARTESIAN_POINT ( 'NONE',  ( 0.1606410331029352323, 0.02051151099262209926, -0.04102302198524419158 ) ) ;
#5495 = VERTEX_POINT ( 'NONE', #2910 ) ;
#5496 = CARTESIAN_POINT ( 'NONE',  ( -0.04967670737730060099, 6.890688674821709861E-05, -0.01356962858967569914 ) ) ;
#5497 = CARTESIAN_POINT ( 'NONE',  ( -0.002984339788984059858, 0.04967670737729979608, 0.02208792028287009934 ) ) ;
#5498 = ORIENTED_EDGE ( 'NONE', *, *, #108, .F. ) ;
#5499 = CARTESIAN_POINT ( 'NONE',  ( -0.008740922559728150909, 0.0008616848559476079699, -0.001324571421169650019 ) ) ;
#5500 = CARTESIAN_POINT ( 'NONE',  ( 2.689795949423540023E-05, 0.04967670737730060099, -0.01386711213951230016 ) ) ;
#5501 = CARTESIAN_POINT ( 'NONE',  ( -0.02709504573429359631, -0.001087833207839940209, 0.01463072943208749456 ) ) ;
#5502 = CARTESIAN_POINT ( 'NONE',  ( 9.260469515382479925E-05, 0.02730408991918979733, 0.006173173449181400090 ) ) ;
#5503 = CARTESIAN_POINT ( 'NONE',  ( -2.828101394242089989E-05, -0.02730659869093710057, 0.005732420953128890273 ) ) ;
#5504 = CARTESIAN_POINT ( 'NONE',  ( 0.1588327224262097992, 0.02046602387686770677, 0.000000000000000000 ) ) ;
#5505 = CARTESIAN_POINT ( 'NONE',  ( -0.02352533615550640028, -0.005231562663192030303, 0.03706764416707349769 ) ) ;
#5506 = CARTESIAN_POINT ( 'NONE',  ( -0.02628388688041450108, -0.002762592278094490057, 0.04827996820040460213 ) ) ;
#5507 = CARTESIAN_POINT ( 'NONE',  ( 0.0008391588756988680245, -0.03330667567358749914, 0.006973700652035620152 ) ) ;
#5508 = CARTESIAN_POINT ( 'NONE',  ( -0.005122283825493519939, 0.02354938716509679883, 0.03420923656222159964 ) ) ;
#5509 = CARTESIAN_POINT ( 'NONE',  ( 0.0008079131411233029863, 0.02738000709510170216, 0.0001381408674906020053 ) ) ;
#5510 = CARTESIAN_POINT ( 'NONE',  ( -0.0007570729708789659994, -0.02541113356190100037, 0.05750749314807750145 ) ) ;
#5511 = CARTESIAN_POINT ( 'NONE',  ( -0.04967670737729469599, 0.003007685733945449948, 0.02485341356265259941 ) ) ;
#5512 = PRODUCT_DEFINITION_SHAPE ( 'NONE', 'NONE',  #1494 ) ;
#5513 = CARTESIAN_POINT ( 'NONE',  ( 0.02730260009644469923, -9.229105831268820251E-05, 0.006172320664904459853 ) ) ;
#5514 = CARTESIAN_POINT ( 'NONE',  ( 0.002911329257143540229, 0.02630470775773910072, 0.04689722394196910171 ) ) ;
#5515 = CARTESIAN_POINT ( 'NONE',  ( -0.02367366334873130182, 0.004575342036623370606, 0.04560344157292540307 ) ) ;
#5516 = CARTESIAN_POINT ( 'NONE',  ( 3.525092537794370222E-05, 0.02410505835706729799, 0.06038544799635899712 ) ) ;
#5517 = CARTESIAN_POINT ( 'NONE',  ( 0.01934902983291604539, -0.005342002697548652729, 0.01068400539509730025 ) ) ;
#5518 = CARTESIAN_POINT ( 'NONE',  ( 0.003973040267146020314, -0.02378057757845510045, 0.05263935778069529781 ) ) ;
#5519 = ORIENTED_EDGE ( 'NONE', *, *, #5893, .F. ) ;
#5520 = CARTESIAN_POINT ( 'NONE',  ( 3.331026232109850254E-05, -0.02729982333128510089, 0.006175213203199689423 ) ) ;
#5521 = CARTESIAN_POINT ( 'NONE',  ( 0.02460318549593989990, -0.003083195742044620141, 0.03290528586846200310 ) ) ;
#5522 = CARTESIAN_POINT ( 'NONE',  ( -0.001980961756633429788, 0.02479889628929600118, 0.02021442435026159917 ) ) ;
#5523 = CARTESIAN_POINT ( 'NONE',  ( 0.02668275521896870325, -0.0007234823198435899909, 0.001349838455486429946 ) ) ;
#5524 = CARTESIAN_POINT ( 'NONE',  ( 0.02636946423691210670, -0.003011853250724091328, 0.04413958060822779916 ) ) ;
#5525 = CARTESIAN_POINT ( 'NONE',  ( 0.1543273542709824309, -0.02031583516610298984, -2.487972250817326381E-18 ) ) ;
#5526 = ORIENTED_EDGE ( 'NONE', *, *, #4308, .T. ) ;
#5527 = CARTESIAN_POINT ( 'NONE',  ( 0.04967670737730060099, 3.583149667195240236E-05, -0.01342094156759589957 ) ) ;
#5528 = CARTESIAN_POINT ( 'NONE',  ( -0.004194057209684029855, -0.02373270990310310039, 0.01994792521134659824 ) ) ;
#5529 = VERTEX_POINT ( 'NONE', #2425 ) ;
#5530 = CARTESIAN_POINT ( 'NONE',  ( -0.008740922559727850802, -0.001754052746093879905, 0.04041029522041490046 ) ) ;
#5531 = FACE_OUTER_BOUND ( 'NONE', #5615, .T. ) ;
#5532 = FACE_OUTER_BOUND ( 'NONE', #1142, .T. ) ;
#5533 = CARTESIAN_POINT ( 'NONE',  ( -6.963718720483201021E-05, -0.04221866210052149793, -0.007037125592767009934 ) ) ;
#5534 = CARTESIAN_POINT ( 'NONE',  ( 0.001961742402361319870, 0.02402002429093630029, 2.612695319706949787E-19 ) ) ;
#5535 = CYLINDRICAL_SURFACE ( 'NONE', #6208, 0.02409999999999999989 ) ;
#5536 = CARTESIAN_POINT ( 'NONE',  ( -0.02389316058236460108, -0.003152034978421429986, 0.01002461043382710075 ) ) ;
#5537 = CARTESIAN_POINT ( 'NONE',  ( -0.02701791573941009911, 0.001454047861282210027, 0.01742386355848080104 ) ) ;
#5538 = CARTESIAN_POINT ( 'NONE',  ( 0.001712458349813959953, -0.04967670737730069813, 0.03424198695874380166 ) ) ;
#5539 = CARTESIAN_POINT ( 'NONE',  ( 0.005233885927085350082, 0.02352482701902000248, 0.03563370835732869446 ) ) ;
#5540 = CARTESIAN_POINT ( 'NONE',  ( 0.1639999999999998959, 0.02056046467050398271, 0.000000000000000000 ) ) ;
#5541 = CARTESIAN_POINT ( 'NONE',  ( -0.0008139451706275270277, -0.02715519708511959784, 0.01178446146797699871 ) ) ;
#5542 = CARTESIAN_POINT ( 'NONE',  ( -0.04967670737729629887, -0.0008349623323015490902, -0.007411838175165389592 ) ) ;
#5543 = CARTESIAN_POINT ( 'NONE',  ( 0.02708644282395799782, -0.001142852362132950120, 0.01460254929205390129 ) ) ;
#5544 = CARTESIAN_POINT ( 'NONE',  ( 0.002824038484974260039, 0.02627104289372189996, 0.04826392538489940320 ) ) ;
#5545 = CARTESIAN_POINT ( 'NONE',  ( -0.02369678326012810213, -0.004460526795591639691, 0.03709601619509939746 ) ) ;
#5546 = CARTESIAN_POINT ( 'NONE',  ( 0.004945444953909039661, 0.02358718348213060048, 0.02992236394897579768 ) ) ;
#5547 = CARTESIAN_POINT ( 'NONE',  ( 0.04852371010633722836, 0.01025504949985577355, 2.511762709019207605E-18 ) ) ;
#5548 = EDGE_CURVE ( 'NONE', #4100, #6409, #5355, .T. ) ;
#5549 = CARTESIAN_POINT ( 'NONE',  ( 0.001029415957226499992, -0.02408574628452899921, 0.05966406162076180048 ) ) ;
#5550 = EDGE_LOOP ( 'NONE', ( #5951, #4486, #1235 ) ) ;
#5551 = CARTESIAN_POINT ( 'NONE',  ( 2.337689447587550017E-05, -0.02730296388982569877, 0.006102003917627440120 ) ) ;
#5552 = PRESENTATION_LAYER_ASSIGNMENT (  '', '', ( #4718 ) ) ;
#5553 = CARTESIAN_POINT ( 'NONE',  ( 0.02401883066541229961, 0.002171846035356020041, 0.009193318042236190910 ) ) ;
#5554 = CARTESIAN_POINT ( 'NONE',  ( -0.002622014392274980062, 0.02469451814212710039, 0.02726966264053920161 ) ) ;
#5555 = CARTESIAN_POINT ( 'NONE',  ( 0.02662529841422379973, -4.867866867067100210E-05, 0.006183142363046839965 ) ) ;
#5556 = B_SPLINE_CURVE_WITH_KNOTS ( 'NONE', 3,
 ( #1504, #1085, #5042, #4979, #2572, #123, #4010, #4491, #531, #1633, #58, #2016, #1053, #4524, #2080, #4074, #2048, #5600, #6060, #1600, #4587, #3620 ),
 .UNSPECIFIED., .F., .F.,
 ( 4, 2, 2, 2, 2, 2, 2, 2, 2, 2, 4 ),
 ( 7.211272050934388788E-17, 0.001707580356385081811, 0.003415160712770091197, 0.004268950890962595890, 0.005122741069155101017, 0.005549636158251353146, 0.005976531247347605276, 0.006189978791895731774, 0.006403426336443858273, 0.006616873880991983904, 0.006830321425540110403 ),
 .UNSPECIFIED. ) ;
#5557 = PRODUCT_DEFINITION ( 'UNKNOWN', '', #2170, #5931 ) ;
#5558 = CARTESIAN_POINT ( 'NONE',  ( 0.02670539815853510690, -0.002573813170109094661, 0.03013059952709910144 ) ) ;
#5559 = CARTESIAN_POINT ( 'NONE',  ( -0.02622276767918359924, -0.0001002078206141150018, -0.02236918080236529813 ) ) ;
#5560 = ORIENTED_EDGE ( 'NONE', *, *, #4308, .F. ) ;
#5561 = CARTESIAN_POINT ( 'NONE',  ( 0.04967670737729639602, 0.002728655842888099998, 0.01158843768467090161 ) ) ;
#5562 = CARTESIAN_POINT ( 'NONE',  ( -0.002727512380973580019, -0.02394516170724829765, 0.005953623739100599201 ) ) ;
#5563 = VERTEX_POINT ( 'NONE', #1389 ) ;
#5564 = CARTESIAN_POINT ( 'NONE',  ( -0.008740922559727460489, 0.002990416086116010237, 0.02393091288636369982 ) ) ;
#5565 = CARTESIAN_POINT ( 'NONE',  ( 0.0003076671304868352792, 0.0002431335355522661133, -0.0004862670711045320639 ) ) ;
#5566 = DIRECTION ( 'NONE',  ( 0.000000000000000000, 0.000000000000000000, -1.000000000000000000 ) ) ;
#5567 = CARTESIAN_POINT ( 'NONE',  ( 0.4570000000000000173, 2.326828918379970949E-18, -0.01899999999999999953 ) ) ;
#5568 = DIRECTION ( 'NONE',  ( -0.7521489355498118812, -4.658274186619159506E-05, -0.6589931536680280200 ) ) ;
#5569 = CARTESIAN_POINT ( 'NONE',  ( 0.1637415884084692519, 0.02056046466939306233, 0.000000000000000000 ) ) ;
#5570 = CARTESIAN_POINT ( 'NONE',  ( -0.002701478161198439792, -0.02394811090137519832, 0.005742451886731779996 ) ) ;
#5571 = CARTESIAN_POINT ( 'NONE',  ( -0.02658896682360240016, -0.0001768974264805369995, 0.007822628299922550210 ) ) ;
#5572 = CARTESIAN_POINT ( 'NONE',  ( 8.644873561279700419E-05, -0.02512165982173130210, 0.008464356759889640064 ) ) ;
#5573 = CARTESIAN_POINT ( 'NONE',  ( -0.003675448660579100097, 0.02382084759208159819, 0.05690544720878760315 ) ) ;
#5574 = CARTESIAN_POINT ( 'NONE',  ( -0.002950605145203440225, -0.02653319380107140024, 0.03717011674584969755 ) ) ;
#5575 = CARTESIAN_POINT ( 'NONE',  ( -0.04967670737729990016, -0.002281293988873630326, 0.03187117607420240223 ) ) ;
#5576 = APPLICATION_CONTEXT ( 'automotive_design' ) ;
#5577 = CARTESIAN_POINT ( 'NONE',  ( 0.02730263252102770044, -9.185096367410829532E-05, 0.006169254464327169479 ) ) ;
#5578 = CARTESIAN_POINT ( 'NONE',  ( 0.002972847490885290132, 0.02633743390531890008, 0.04552177264646140031 ) ) ;
#5579 = CARTESIAN_POINT ( 'NONE',  ( -0.02367671679547920030, -0.004561900940772019991, 0.04279135001726269705 ) ) ;
#5580 = VECTOR ( 'NONE', #850, 0.9999999999999998890 ) ;
#5581 = CARTESIAN_POINT ( 'NONE',  ( -0.004585725538310460141, 0.02366037490854809924, 0.05323435765765779926 ) ) ;
#5582 = CARTESIAN_POINT ( 'NONE',  ( 0.003979251012898010406, 0.001661941657750859317, 0.003323883315501719934 ) ) ;
#5583 = CARTESIAN_POINT ( 'NONE',  ( -0.001587692620852210060, -0.02485345244860499847, 0.01594286910349410058 ) ) ;
#5584 = ORIENTED_EDGE ( 'NONE', *, *, #6113, .T. ) ;
#5585 = CARTESIAN_POINT ( 'NONE',  ( -0.03330667567358479991, 9.181157997497619943E-05, 0.0009155855476393299445 ) ) ;
#5586 = CARTESIAN_POINT ( 'NONE',  ( 0.02477114038064710116, -0.002174098012473890153, 0.02159418342255630188 ) ) ;
#5587 = CARTESIAN_POINT ( 'NONE',  ( -0.003375948905489630034, 0.02448754199533769924, 0.04418282968852470238 ) ) ;
#5588 = CARTESIAN_POINT ( 'NONE',  ( 0.02501674755470094727, -0.0005278214550861950061, 1.131475257397479969E-05 ) ) ;
#5589 =( NAMED_UNIT ( * ) PLANE_ANGLE_UNIT ( ) SI_UNIT ( $, .RADIAN. ) );
#5590 = CARTESIAN_POINT ( 'NONE',  ( -0.02622276767918379700, 0.003072037248096260234, 0.01575284030187120224 ) ) ;
#5591 = CARTESIAN_POINT ( 'NONE',  ( 0.03475780225712400001, 1.327723033156239994E-05, -0.0005041724184803679770 ) ) ;
#5592 = CARTESIAN_POINT ( 'NONE',  ( -0.02730257154696320160, 2.827826925055479726E-05, 0.005735961721542260326 ) ) ;
#5593 = CARTESIAN_POINT ( 'NONE',  ( -0.002782368312030479920, -0.02393884776655290023, 0.006403759031497570364 ) ) ;
#5594 = EDGE_LOOP ( 'NONE', ( #5421, #4937, #4550 ) ) ;
#5595 = CARTESIAN_POINT ( 'NONE',  ( -0.01748184511945700265, 8.837496765301750936E-06, 0.03510223824970069850 ) ) ;
#5596 = CARTESIAN_POINT ( 'NONE',  ( 1.223409797931033241E-05, -2.367459257430026793E-05, -2.899301401723452123E-21 ) ) ;
#5597 = CARTESIAN_POINT ( 'NONE',  ( 0.02406860416752110154, -0.001544413289953690087, 0.003863597505592339994 ) ) ;
#5598 = PRODUCT_DEFINITION_FORMATION_WITH_SPECIFIED_SOURCE ( 'ANY', '', #77, .NOT_KNOWN. ) ;
#5599 = B_SPLINE_CURVE_WITH_KNOTS ( 'NONE', 3,
 ( #205, #4187, #4156, #6146 ),
 .UNSPECIFIED., .F., .F.,
 ( 4, 4 ),
 ( 1.014629976649714137E-05, 0.001211342269168130077 ),
 .UNSPECIFIED. ) ;
#5600 = CARTESIAN_POINT ( 'NONE',  ( 2.841216987820028078E-05, 0.02698934606629994903, 0.005892879774058361851 ) ) ;
#5601 = CARTESIAN_POINT ( 'NONE',  ( -0.02406822796299079928, -0.001530703045169729947, 0.004075182225004679928 ) ) ;
#5602 = CARTESIAN_POINT ( 'NONE',  ( 0.1326814563336177477, -0.01914736586798890250, -2.344876032233589121E-18 ) ) ;
#5603 = CARTESIAN_POINT ( 'NONE',  ( -0.02694913819042349737, 0.001742640060831199831, 0.02024762601561589867 ) ) ;
#5604 = CARTESIAN_POINT ( 'NONE',  ( -0.000000000000000000, 0.002873504839463196254, 0.04029781103698682615 ) ) ;
#5605 = CARTESIAN_POINT ( 'NONE',  ( -0.004142933514870729937, 0.02374134569138470000, 0.01998187580632750093 ) ) ;
#5606 = DIRECTION ( 'NONE',  ( 1.000000000000000000, 0.000000000000000000, 0.000000000000000000 ) ) ;
#5607 = DIRECTION ( 'NONE',  ( 0.000000000000000000, 0.000000000000000000, 1.000000000000000000 ) ) ;
#5608 = CARTESIAN_POINT ( 'NONE',  ( 0.02705236993388000083, -0.001299719709970829917, 0.01601321970402460118 ) ) ;
#5609 = CARTESIAN_POINT ( 'NONE',  ( 0.000000000000000000, -6.156564818772120040E-05, 0.0003405266876401209634 ) ) ;
#5610 = CARTESIAN_POINT ( 'NONE',  ( -0.02498461313134690137, 0.0003556076898979569851, 0.006094230376459010626 ) ) ;
#5611 = EDGE_CURVE ( 'NONE', #2277, #5529, #5418, .T. ) ;
#5612 = CARTESIAN_POINT ( 'NONE',  ( -9.086281134462539390E-05, -0.04149169152544419925, -0.006252660208348069862 ) ) ;
#5613 = CARTESIAN_POINT ( 'NONE',  ( 0.1186122119539707587, -0.01810906441835612515, 0.03621812883671223643 ) ) ;
#5614 = CARTESIAN_POINT ( 'NONE',  ( -0.0005844472512752779117, -0.02496180940452100150, 0.007726778654935690001 ) ) ;
#5615 = EDGE_LOOP ( 'NONE', ( #5265, #5712, #240, #4612, #822, #1819, #3349 ) ) ;
#5616 = CARTESIAN_POINT ( 'NONE',  ( -0.04967670737730289776, 0.0004128385556363500341, -0.01106966895594829921 ) ) ;
#5617 = EDGE_CURVE ( 'NONE', #5753, #2460, #5778, .T. ) ;
#5618 = CARTESIAN_POINT ( 'NONE',  ( 0.02456486440354620215, -0.003238907264360419910, 0.03572980330744299909 ) ) ;
#5619 = PRODUCT ( '2026-02-02-18-30-58-741.step', '2026-02-02-18-30-58-741.step', '', ( #836 ) ) ;
#5620 = CARTESIAN_POINT ( 'NONE',  ( 0.003022360354273699763, 0.02580012642806900000, 0.04414250833615800118 ) ) ;
#5621 = CARTESIAN_POINT ( 'NONE',  ( 0.02501654631110260263, -0.0005195640261177620614, 7.173554567547499674E-05 ) ) ;
#5622 = CARTESIAN_POINT ( 'NONE',  ( 0.02494384536677880099, -1.151866342497600030E-05, 6.768925697731020787E-15 ) ) ;
#5623 = AXIS2_PLACEMENT_3D ( 'NONE', #2461, #5359, #2980 ) ;
#5624 = CARTESIAN_POINT ( 'NONE',  ( -0.02622276767918379700, 0.0001002048453860620078, -0.02236855132341110039 ) ) ;
#5625 = CARTESIAN_POINT ( 'NONE',  ( 0.04967670737730060099, 3.583149667195240236E-05, -0.01342094156759589957 ) ) ;
#5626 = CARTESIAN_POINT ( 'NONE',  ( -0.04221866210052149793, 6.963718720482950299E-05, -0.007037125592767009934 ) ) ;
#5627 = CARTESIAN_POINT ( 'NONE',  ( -0.003356686470740249950, -0.02386525968388570132, 0.01141967609197140111 ) ) ;
#5628 = ORIENTED_EDGE ( 'NONE', *, *, #3986, .T. ) ;
#5629 = CARTESIAN_POINT ( 'NONE',  ( -0.0003111390542286972608, -0.02725311219270525401, 0.007800426488635520128 ) ) ;
#5630 = CARTESIAN_POINT ( 'NONE',  ( 3.348511806106455999E-06, 8.298471112651620399E-06, -1.659694222530323741E-05 ) ) ;
#5631 = EDGE_CURVE ( 'NONE', #5488, #1175, #2334, .T. ) ;
#5632 = CARTESIAN_POINT ( 'NONE',  ( -0.02725694560667739352, -0.0002554532256643138365, 0.007822793905807598827 ) ) ;
#5633 = EDGE_CURVE ( 'NONE', #3572, #2979, #5465, .T. ) ;
#5634 = CARTESIAN_POINT ( 'NONE',  ( 0.02730257154696320160, -2.827826925055819895E-05, 0.005735961721542260326 ) ) ;
#5635 = CARTESIAN_POINT ( 'NONE',  ( -0.02669367525417529891, 0.0008978956905812919206, 0.0001020130337649801923 ) ) ;
#5636 = CARTESIAN_POINT ( 'NONE',  ( 0.1639999999999998959, -0.02056046467050398271, -2.517930724771494389E-18 ) ) ;
#5637 = CARTESIAN_POINT ( 'NONE',  ( -6.845604521670450903E-05, -0.02500284064795280092, 0.004091030149850250104 ) ) ;
#5638 = CARTESIAN_POINT ( 'NONE',  ( -0.000000000000000000, 0.002644451574694886651, 0.02524470716568522413 ) ) ;
#5639 = DIRECTION ( 'NONE',  ( -1.000000000000000000, 0.000000000000000000, 0.000000000000000000 ) ) ;
#5640 = DIRECTION ( 'NONE',  ( 1.000000000000000000, 0.000000000000000000, 0.000000000000000000 ) ) ;
#5641 = DIRECTION ( 'NONE',  ( 0.000000000000000000, 0.000000000000000000, 1.000000000000000000 ) ) ;
#5642 = CARTESIAN_POINT ( 'NONE',  ( -0.02622276767918369986, 2.073122745411199775E-05, -0.02293180900479660153 ) ) ;
#5643 = CARTESIAN_POINT ( 'NONE',  ( -0.02374705786126599799, -0.004189571794952299741, 0.03140891685493230057 ) ) ;
#5644 = CARTESIAN_POINT ( 'NONE',  ( -0.0004143321045390440369, -0.03330667567358799874, 0.003265154529896559937 ) ) ;
#5645 = SHAPE_REPRESENTATION ( '2026-01-16-00-35-45-445.step', ( #5181 ), #6125 ) ;
#5646 = CARTESIAN_POINT ( 'NONE',  ( 0.1186122119539707587, -0.01810906441835612168, -2.217720777549305070E-18 ) ) ;
#5647 = CARTESIAN_POINT ( 'NONE',  ( -0.001801292680532930049, -0.02439482890971949799, 0.05728739190998449748 ) ) ;
#5648 = EDGE_LOOP ( 'NONE', ( #1743, #1080, #588, #4151 ) ) ;
#5649 = CARTESIAN_POINT ( 'NONE',  ( -0.04149169152544719685, 0.002577521596698099937, 0.03739033900337230404 ) ) ;
#5650 = CARTESIAN_POINT ( 'NONE',  ( 0.02498443138534369931, -0.0003583233096411889552, 0.006113424910418849799 ) ) ;
#5651 = CARTESIAN_POINT ( 'NONE',  ( -0.002798670025555879959, 0.02573182595911190085, 0.04829201378624519564 ) ) ;
#5652 = CARTESIAN_POINT ( 'NONE',  ( 0.02498619200829340151, 0.0002782399077274450255, 0.005929516625680310640 ) ) ;
#5653 = CARTESIAN_POINT ( 'NONE',  ( -3.331159113589920279E-05, 0.02729982896176980089, 0.006175217704936319593 ) ) ;
#5654 = CARTESIAN_POINT ( 'NONE',  ( -0.02622276767918499743, -0.0005893395980882780438, 0.02720473957501699791 ) ) ;
#5655 = CARTESIAN_POINT ( 'NONE',  ( 0.0008893904224652770564, 0.04149169152543939754, -0.0002513642722225560349 ) ) ;
#5656 = ORIENTED_EDGE ( 'NONE', *, *, #2194, .F. ) ;
#5657 = CARTESIAN_POINT ( 'NONE',  ( -0.004857929051784930057, -0.02360556721381009901, 0.02849569028698260148 ) ) ;
#5658 = EDGE_CURVE ( 'NONE', #4195, #1399, #6325, .T. ) ;
#5659 = FACE_OUTER_BOUND ( 'NONE', #1559, .T. ) ;
#5660 = CARTESIAN_POINT ( 'NONE',  ( -0.002991786202458679780, 0.02391376572933089778, 0.008608276140091018422 ) ) ;
#5661 = ORIENTED_EDGE ( 'NONE', *, *, #942, .T. ) ;
#5662 = CARTESIAN_POINT ( 'NONE',  ( -0.01748184511945360259, -0.003059189486573480211, 0.02343060706290189810 ) ) ;
#5663 = VECTOR ( 'NONE', #3492, 1.000000000000000000 ) ;
#5664 = CARTESIAN_POINT ( 'NONE',  ( 0.000000000000000000, -5.505714157152952204E-21, -6.742555219577630196E-37 ) ) ;
#5665 = CARTESIAN_POINT ( 'NONE',  ( 0.02402345093363239883, -0.001919331223626849926, -0.0003285862118405824712 ) ) ;
#5666 = CARTESIAN_POINT ( 'NONE',  ( 0.03476061682374229772, -9.164304593929670868E-05, -0.0003577421609080819751 ) ) ;
#5667 = CARTESIAN_POINT ( 'NONE',  ( -0.02501668047350140076, 0.0005250689787633839884, 3.145501694113979845E-05 ) ) ;
#5668 = CARTESIAN_POINT ( 'NONE',  ( 0.1262846389679519454, -0.01869886441939025076, -2.289950445889660116E-18 ) ) ;
#5669 = CARTESIAN_POINT ( 'NONE',  ( -0.02727370304740439969, -0.0001446789021519230166, 0.006998927649520850572 ) ) ;
#5670 = CARTESIAN_POINT ( 'NONE',  ( 0.000000000000000000, 0.002856208235625647737, 0.02869078845501038186 ) ) ;
#5671 = CARTESIAN_POINT ( 'NONE',  ( 0.02414865791162159117, -0.001240413215274813056, 4.065758146820640183E-19 ) ) ;
#5672 = CARTESIAN_POINT ( 'NONE',  ( 0.002666170980288959640, 0.02667075699397909727, 0.03154074111348909720 ) ) ;
#5673 = CARTESIAN_POINT ( 'NONE',  ( 0.001923791876105740038, 0.04967670737727229724, 0.001599139545538199973 ) ) ;
#5674 = CARTESIAN_POINT ( 'NONE',  ( -0.008740922559727909782, 8.067723203783370223E-07, -0.007763862679747399707 ) ) ;
#5675 = CARTESIAN_POINT ( 'NONE',  ( -0.02475703007774129882, 0.002265276043106319824, 0.02253659054418469948 ) ) ;
#5676 = CARTESIAN_POINT ( 'NONE',  ( -0.0008887940599424090432, -0.04967670737729789482, -0.007417489042003199730 ) ) ;
#5677 = CARTESIAN_POINT ( 'NONE',  ( 0.02725680223402939667, 0.0002554273469344517811, 0.007822735625167540063 ) ) ;
#5678 = CARTESIAN_POINT ( 'NONE',  ( 0.1326814563336177477, 0.01914736586798889209, 0.03829473173597780500 ) ) ;
#5679 = CARTESIAN_POINT ( 'NONE',  ( 0.001270270169112830069, -0.02435684194602239991, 0.05820480019162969920 ) ) ;
#5680 = ORIENTED_EDGE ( 'NONE', *, *, #759, .F. ) ;
#5681 = CARTESIAN_POINT ( 'NONE',  ( -0.04967670737730119773, 0.0009323122743887659681, 0.03606377774801369784 ) ) ;
#5682 = B_SPLINE_CURVE_WITH_KNOTS ( 'NONE', 3,
 ( #6341, #5906, #6307, #4830, #3440, #425 ),
 .UNSPECIFIED., .F., .F.,
 ( 4, 2, 4 ),
 ( 7.256249617926059886E-18, 0.001097461923581461189, 0.002194923847162915005 ),
 .UNSPECIFIED. ) ;
#5683 = CARTESIAN_POINT ( 'NONE',  ( 0.02496421534210909940, 0.0005317706429225010304, 0.007749976957228389869 ) ) ;
#5684 = CARTESIAN_POINT ( 'NONE',  ( 7.083076634284219940E-06, 0.02662893809325850292, 0.006173635398480050406 ) ) ;
#5685 = CARTESIAN_POINT ( 'NONE',  ( -0.02394659914704489953, 0.002714850363699419962, 0.005850319659836239992 ) ) ;
#5686 = CARTESIAN_POINT ( 'NONE',  ( 3.542347416917889966E-05, -0.04221725481721219642, -0.006885385405064400367 ) ) ;
#5687 = CARTESIAN_POINT ( 'NONE',  ( 3.460151092795355344E-05, -0.02729839739665304923, 0.006185642976533200534 ) ) ;
#5688 = CARTESIAN_POINT ( 'NONE',  ( -0.002653291091475649868, 0.02395349758143670155, 0.005771300684615960318 ) ) ;
#5689 = CARTESIAN_POINT ( 'NONE',  ( 0.03475780225712379878, 3.415093684462490415E-05, -0.0003559796631354559724 ) ) ;
#5690 = CARTESIAN_POINT ( 'NONE',  ( -0.003653401504169919919, -0.02382162255348710053, 0.01426023916430169992 ) ) ;
#5691 = CARTESIAN_POINT ( 'NONE',  ( 0.002608273320193899968, -0.02395844704177450130, 0.005407341021271300230 ) ) ;
#5692 = CARTESIAN_POINT ( 'NONE',  ( 0.02358718348014660071, -0.004945444964386409500, 0.02992236394912289876 ) ) ;
#5693 = CARTESIAN_POINT ( 'NONE',  ( 0.004150251638719380104, 0.02375391792358550261, 0.02997949493864479967 ) ) ;
#5694 = ORIENTED_EDGE ( 'NONE', *, *, #4002, .T. ) ;
#5695 = CARTESIAN_POINT ( 'NONE',  ( -0.02622276767918359924, -0.0003856646093753129858, -0.02028183975458359989 ) ) ;
#5696 = CARTESIAN_POINT ( 'NONE',  ( 0.0001860759479822949680, 0.0001673536066665146809, -0.0003347072133330293076 ) ) ;
#5697 = CARTESIAN_POINT ( 'NONE',  ( 0.03330667567358370357, -0.0002167938984013830005, 0.001812634475568890074 ) ) ;
#5698 = CARTESIAN_POINT ( 'NONE',  ( -0.02729863878364219981, -3.411972015215580057E-05, 0.006182001394073689815 ) ) ;
#5699 = CARTESIAN_POINT ( 'NONE',  ( 0.01210347882708783310, -0.003797319272488451462, -4.650374892393538109E-19 ) ) ;
#5700 = CARTESIAN_POINT ( 'NONE',  ( 0.0005088058243877870710, -0.02502290086194965124, 3.545941852025835347E-05 ) ) ;
#5701 = CARTESIAN_POINT ( 'NONE',  ( -0.000000000000000000, 0.002151575558026089501, 0.04635658142629667938 ) ) ;
#5702 = CARTESIAN_POINT ( 'NONE',  ( 2.811596773668859935E-05, 0.02730791774704624877, 0.005732431120066770400 ) ) ;
#5703 = CARTESIAN_POINT ( 'NONE',  ( 0.0002015501742405340221, 0.02727389989090010097, 0.006982368931196089937 ) ) ;
#5704 = CARTESIAN_POINT ( 'NONE',  ( -0.02562242303895494178, 2.118033097492132898E-05, 0.003636493184446214135 ) ) ;
#5705 = FACE_OUTER_BOUND ( 'NONE', #3287, .T. ) ;
#5706 = CARTESIAN_POINT ( 'NONE',  ( -0.02432783977578789961, -0.0009123434322875190704, 0.05871516278339759809 ) ) ;
#5707 = AXIS2_PLACEMENT_3D ( 'NONE', #2471, #3643, #5887 ) ;
#5708 = CARTESIAN_POINT ( 'NONE',  ( -2.194991326410429384E-05, -0.02569790285976253016, 0.003911101897155776913 ) ) ;
#5709 = CARTESIAN_POINT ( 'NONE',  ( -0.02349569786802389870, 0.005363036144326890561, 0.04277382946852680001 ) ) ;
#5710 = CARTESIAN_POINT ( 'NONE',  ( 0.1543273542709824309, -0.02031583516610299331, 0.04063167033220597274 ) ) ;
#5711 = CARTESIAN_POINT ( 'NONE',  ( 0.0004210321087752119857, -0.02497251600222119908, 0.006926484539197589468 ) ) ;
#5712 = ORIENTED_EDGE ( 'NONE', *, *, #5171, .F. ) ;
#5713 = CARTESIAN_POINT ( 'NONE',  ( -0.02512165982172710060, 0.001517258888832799957, 0.05644661915634630045 ) ) ;
#5714 = CARTESIAN_POINT ( 'NONE',  ( 0.02449839712229559888, 0.003379137459816519869, 0.04278129329488319921 ) ) ;
#5715 = CARTESIAN_POINT ( 'NONE',  ( -0.0006521982836506570996, 0.02497773580609780053, 0.05795269532819050107 ) ) ;
#5716 = CARTESIAN_POINT ( 'NONE',  ( -0.0002803618634382882831, -0.02574185489867186413, 0.006120301727763379808 ) ) ;
#5717 = CARTESIAN_POINT ( 'NONE',  ( 0.02409999999999999989, 0.000000000000000000, 0.06175378874876469998 ) ) ;
#5718 = CARTESIAN_POINT ( 'NONE',  ( 7.415793322098409310E-05, 0.02663166207624379986, 0.006004372473286079606 ) ) ;
#5719 = CARTESIAN_POINT ( 'NONE',  ( 0.002182490694093639806, 0.03330667567358289866, 0.04699347880202710270 ) ) ;
#5720 = CARTESIAN_POINT ( 'NONE',  ( 0.02730659893060220084, -2.828339077276920173E-05, 0.005732395045064299886 ) ) ;
#5721 = CARTESIAN_POINT ( 'NONE',  ( -0.003201140889887139993, -0.02388663177667280091, 0.01000035761793919946 ) ) ;
#5722 = CARTESIAN_POINT ( 'NONE',  ( 0.02364913802149690158, 0.004640833513175899802, 0.02614121136147410165 ) ) ;
#5723 = CARTESIAN_POINT ( 'NONE',  ( 0.02351050904869239969, 0.005297744846040179818, 0.03993143114465809440 ) ) ;
#5724 = CARTESIAN_POINT ( 'NONE',  ( 0.004611420915741499746, 0.02366728791256079989, 0.04134992338603619977 ) ) ;
#5725 = ORIENTED_EDGE ( 'NONE', *, *, #819, .T. ) ;
#5726 = CARTESIAN_POINT ( 'NONE',  ( -0.0004640039129332607223, -0.02722442779253335735, 0.008971187132415381002 ) ) ;
#5727 = CARTESIAN_POINT ( 'NONE',  ( 0.07394948935830365777, -0.01364000912233498744, -0.02728001824466997488 ) ) ;
#5728 = CARTESIAN_POINT ( 'NONE',  ( 0.02512165982172529996, -9.276034860533269701E-05, 0.008083831303626800441 ) ) ;
#5729 = FACE_OUTER_BOUND ( 'NONE', #137, .T. ) ;
#5730 = CARTESIAN_POINT ( 'NONE',  ( -0.02499692794514439889, -5.616068256072789973E-05, 0.004294654461130959985 ) ) ;
#5731 = CARTESIAN_POINT ( 'NONE',  ( -0.02395360497292610066, -0.002652321443635920119, 0.005763435695634600182 ) ) ;
#5732 = CARTESIAN_POINT ( 'NONE',  ( -0.001810315968549290090, -0.02404863888088860230, 0.005872943412309250370 ) ) ;
#5733 = CARTESIAN_POINT ( 'NONE',  ( -0.000000000000000000, 0.001373916305182460882, 0.01087221232194060354 ) ) ;
#5734 =( NAMED_UNIT ( * ) SI_UNIT ( $, .STERADIAN. ) SOLID_ANGLE_UNIT ( ) );
#5735 = CARTESIAN_POINT ( 'NONE',  ( -0.02054999999999999882, -0.02054999999999999882, 0.07343700320369954404 ) ) ;
#5736 = CARTESIAN_POINT ( 'NONE',  ( 0.003011851988047919808, 0.02636946469469830107, 0.04413958058085079572 ) ) ;
#5737 = CARTESIAN_POINT ( 'NONE',  ( -0.02494384536677880099, 1.151866342497830084E-05, 6.768093030462551099E-15 ) ) ;
#5738 = CARTESIAN_POINT ( 'NONE',  ( -0.02397587543569140028, 0.002455350631341769903, 0.003828290940475910075 ) ) ;
#5739 = CARTESIAN_POINT ( 'NONE',  ( -0.02463011253210609791, 0.002962429695684230205, 0.03102134608674260094 ) ) ;
#5740 = CARTESIAN_POINT ( 'NONE',  ( -2.667218010173400393E-05, -0.02635729430178213040, 0.005481044289953531691 ) ) ;
#5741 = CARTESIAN_POINT ( 'NONE',  ( -0.02410027219226359985, -1.122107250633060015E-08, 0.06034062480303480080 ) ) ;
#5742 = CARTESIAN_POINT ( 'NONE',  ( 0.1326814563336177477, 0.01914736586798890250, 4.689752064467178241E-18 ) ) ;
#5743 = CARTESIAN_POINT ( 'NONE',  ( 0.003381173561697999649, -0.02449076618392519861, 0.04371696401561519368 ) ) ;
#5744 = ORIENTED_EDGE ( 'NONE', *, *, #3746, .F. ) ;
#5745 = CARTESIAN_POINT ( 'NONE',  ( -0.04149169152544320005, -0.001203063499229570102, 0.04266245947162549540 ) ) ;
#5746 = CARTESIAN_POINT ( 'NONE',  ( 0.02475733042496430086, 0.002253628495483349804, 0.02303801318958200242 ) ) ;
#5747 = CARTESIAN_POINT ( 'NONE',  ( 0.003034213043363529795, 0.02582743469127670236, 0.04275378138702209951 ) ) ;
#5748 = CARTESIAN_POINT ( 'NONE',  ( -3.331043171619110067E-05, 0.02729982298248869940, 0.006175214710423389437 ) ) ;
#5749 = CARTESIAN_POINT ( 'NONE',  ( -6.313662641626630430E-06, -0.04967670737730060099, -0.01372070392779610112 ) ) ;
#5750 = CARTESIAN_POINT ( 'NONE',  ( -0.002352930155506309691, 0.02398490362383350061, 0.003344674423864979745 ) ) ;
#5751 = CARTESIAN_POINT ( 'NONE',  ( 0.0002167938984013850063, 0.03330667567358270437, 0.001812634475569689999 ) ) ;
#5752 = CARTESIAN_POINT ( 'NONE',  ( -0.002816728197275479920, -0.02393484660814490170, 0.006687905373967920064 ) ) ;
#5753 = VERTEX_POINT ( 'NONE', #1259 ) ;
#5754 = CARTESIAN_POINT ( 'NONE',  ( 0.02394213799693049871, 0.002754175956883720029, 0.006598235278810659493 ) ) ;
#5755 = CARTESIAN_POINT ( 'NONE',  ( 0.02394806709282289864, -0.002701866494877489932, 0.005745509008844400245 ) ) ;
#5756 = CARTESIAN_POINT ( 'NONE',  ( -0.0006746388950357899228, 0.02409436352538259912, 0.05977091021112499597 ) ) ;
#5757 = ORIENTED_EDGE ( 'NONE', *, *, #2564, .T. ) ;
#5758 = CARTESIAN_POINT ( 'NONE',  ( 0.000000000000000000, -0.0008686611464101460069, 0.006413377301782160513 ) ) ;
#5759 = CARTESIAN_POINT ( 'NONE',  ( 0.06122476143659144610, -0.01203583586195125857, -0.02407167172390251714 ) ) ;
#5760 = CARTESIAN_POINT ( 'NONE',  ( 0.02512165982172570242, -0.002412253166350989894, 0.05285809916575270190 ) ) ;
#5761 = CARTESIAN_POINT ( 'NONE',  ( 0.000000000000000000, 0.000000000000000000, 0.000000000000000000 ) ) ;
#5762 = CARTESIAN_POINT ( 'NONE',  ( -0.02669385601143459824, 0.0009007157502371979530, 8.185981674416030343E-05 ) ) ;
#5763 = AXIS2_PLACEMENT_3D ( 'NONE', #4879, #3912, #3297 ) ;
#5764 = CARTESIAN_POINT ( 'NONE',  ( -0.02399212372182039921, -0.002278131206237300321, 0.002740966859785740062 ) ) ;
#5765 = CARTESIAN_POINT ( 'NONE',  ( -0.002184009799335880249, -0.02400224714013029712, 0.001721876379266640018 ) ) ;
#5766 = CARTESIAN_POINT ( 'NONE',  ( -0.000000000000000000, -0.001176415340237554376, 0.04933345633750425840 ) ) ;
#5767 = DIRECTION ( 'NONE',  ( 1.000000000000000000, 0.000000000000000000, 0.000000000000000000 ) ) ;
#5768 = CARTESIAN_POINT ( 'NONE',  ( 0.02409999999999998949, 0.02409999999999998949, 0.06175378874876467222 ) ) ;
#5769 = CARTESIAN_POINT ( 'NONE',  ( 0.0008139032771448589726, 0.02715504690696569912, 0.01178429081408680079 ) ) ;
#5770 = DIRECTION ( 'NONE',  ( 1.000000000000000000, 0.000000000000000000, 0.000000000000000000 ) ) ;
#5771 = CARTESIAN_POINT ( 'NONE',  ( 0.0002064901817110739864, -0.02498992094091979921, 0.005401409846261829954 ) ) ;
#5772 = CARTESIAN_POINT ( 'NONE',  ( -0.02460320386861710243, 0.003083178895946669940, 0.03290531569941460011 ) ) ;
#5773 = CARTESIAN_POINT ( 'NONE',  ( 5.979468666163270234E-05, -0.03330667567358790160, 0.05095909797376040051 ) ) ;
#5774 = CARTESIAN_POINT ( 'NONE',  ( -0.02394806709282320048, 0.002701866494876040137, 0.005745509008844480042 ) ) ;
#5775 = CARTESIAN_POINT ( 'NONE',  ( -0.02523653217506355989, -0.0004502472222234888788, 0.05788735085374072109 ) ) ;
#5776 = CARTESIAN_POINT ( 'NONE',  ( -5.596088498661849943E-05, -0.02661554130911639865, 0.006517681484018539653 ) ) ;
#5777 = CARTESIAN_POINT ( 'NONE',  ( -0.02512165982172699999, -0.001699575188418199923, 0.05578068244287710115 ) ) ;
#5778 = B_SPLINE_CURVE_WITH_KNOTS ( 'NONE', 3,
 ( #4374, #1932, #1417, #5293, #2939, #4405 ),
 .UNSPECIFIED., .F., .F.,
 ( 4, 2, 4 ),
 ( 0.000000000000000000, 0.001097461923581462707, 0.002194923847162925414 ),
 .UNSPECIFIED. ) ;
#5779 = CARTESIAN_POINT ( 'NONE',  ( 0.02432785131349620225, 0.0009127739212041809406, 0.05871527803917420130 ) ) ;
#5780 = CARTESIAN_POINT ( 'NONE',  ( 0.002987241759444519713, 0.02649981751854140269, 0.03856958491444690412 ) ) ;
#5781 = CARTESIAN_POINT ( 'NONE',  ( -3.331159113589920279E-05, 0.02729982896176980089, 0.006175217704936319593 ) ) ;
#5782 = CARTESIAN_POINT ( 'NONE',  ( 0.02054999999999999882, 0.000000000000000000, 0.07343700320369959955 ) ) ;
#5783 = UNCERTAINTY_MEASURE_WITH_UNIT (LENGTH_MEASURE( 1.000000000000000082E-05 ), #697, 'distance_accuracy_value', 'NONE');
#5784 = CARTESIAN_POINT ( 'NONE',  ( 0.0004136010311976390220, 0.04149169152544389394, -0.003902260175356480048 ) ) ;
#5785 = CARTESIAN_POINT ( 'NONE',  ( -0.04221866210052149793, 9.077854432678109488E-05, -0.006889324062620460522 ) ) ;
#5786 = ORIENTED_EDGE ( 'NONE', *, *, #4268, .F. ) ;
#5787 = CARTESIAN_POINT ( 'NONE',  ( 0.02350741468421879699, 0.005311445906582169287, 0.04136437263675999537 ) ) ;
#5788 = CARTESIAN_POINT ( 'NONE',  ( 0.02349865704628609914, -0.005350070645823370649, 0.03991806078738729946 ) ) ;
#5789 = CARTESIAN_POINT ( 'NONE',  ( 0.001839115379430149950, 0.02404644965174549884, 0.006078796966500759659 ) ) ;
#5790 = ORIENTED_EDGE ( 'NONE', *, *, #3757, .T. ) ;
#5791 = CARTESIAN_POINT ( 'NONE',  ( 0.0005861578647284017502, -0.02719630079589645255, 0.01039979058118680084 ) ) ;
#5792 = CARTESIAN_POINT ( 'NONE',  ( 0.1262846389679519454, 0.01869886441939025076, 0.000000000000000000 ) ) ;
#5793 = CARTESIAN_POINT ( 'NONE',  ( 0.04967670737730259939, -0.002760735975640739911, 0.01133832123019509926 ) ) ;
#5794 = CARTESIAN_POINT ( 'NONE',  ( -0.001938162438590989916, 0.02402193843888615274, 0.000000000000000000 ) ) ;
#5795 = CARTESIAN_POINT ( 'NONE',  ( -0.02397745091015749883, -0.002427700506735069787, 0.003948382026123410139 ) ) ;
#5796 = CARTESIAN_POINT ( 'NONE',  ( 0.000000000000000000, 0.0003882809339076139649, 0.002679618583364170269 ) ) ;
#5797 = CARTESIAN_POINT ( 'NONE',  ( -0.000000000000000000, -0.001250730318274097426, 0.04919069688745106306 ) ) ;
#5798 = DIRECTION ( 'NONE',  ( 0.000000000000000000, 0.000000000000000000, 1.000000000000000000 ) ) ;
#5799 = CARTESIAN_POINT ( 'NONE',  ( -0.0005308362233160169620, 0.02529700129169689879, 0.05775415577041579512 ) ) ;
#5800 = CARTESIAN_POINT ( 'NONE',  ( 0.1262846389679519454, 0.01869886441939025076, 0.000000000000000000 ) ) ;
#5801 = CARTESIAN_POINT ( 'NONE',  ( 0.0003047933868093670147, -0.02498305425696679960, 0.006108907321685379949 ) ) ;
#5802 = CARTESIAN_POINT ( 'NONE',  ( -0.02496228141055160249, 0.0005840284705317499558, 0.007727997018171890546 ) ) ;
#5803 = CARTESIAN_POINT ( 'NONE',  ( -0.001872015784316520028, -0.04967670737730189856, 0.03395040142086400148 ) ) ;
#5804 = CARTESIAN_POINT ( 'NONE',  ( 0.02721691004349580806, 0.0004692767514567524798, 0.009461331229774661011 ) ) ;
#5805 = CARTESIAN_POINT ( 'NONE',  ( -0.0001358579090556790098, -0.02660208733277470011, 0.007096925436736309899 ) ) ;
#5806 = CARTESIAN_POINT ( 'NONE',  ( -0.02512165982172690284, -0.002271434179311459904, 0.05341865040334150411 ) ) ;
#5807 = CARTESIAN_POINT ( 'NONE',  ( -0.02643382982782470705, 0.003031673992492468772, 0.04136164590882750181 ) ) ;
#5808 = EDGE_CURVE ( 'NONE', #1399, #1788, #6008, .T. ) ;
#5809 = CARTESIAN_POINT ( 'NONE',  ( 0.02470836466431110268, 0.002545936051209400381, 0.02632943033193340179 ) ) ;
#5810 = CARTESIAN_POINT ( 'NONE',  ( -0.0006874815748490449791, 0.02650621104249029775, 0.01180529936242140018 ) ) ;
#5811 = FACE_OUTER_BOUND ( 'NONE', #1305, .T. ) ;
#5812 = CARTESIAN_POINT ( 'NONE',  ( -0.002754177750348390206, 0.02394213779541549958, 0.006598253252375190295 ) ) ;
#5813 = CARTESIAN_POINT ( 'NONE',  ( -0.001971958465186350162, 0.03330667567358300274, 0.04763333915137839963 ) ) ;
#5814 = CARTESIAN_POINT ( 'NONE',  ( 0.005043389469213969446, -0.02356655567505320029, 0.04945648475936569727 ) ) ;
#5815 = CARTESIAN_POINT ( 'NONE',  ( 0.02358579802879130077, 0.004952293067696730139, 0.03088211338036849982 ) ) ;
#5816 = EDGE_CURVE ( 'NONE', #4133, #3871, #4761, .T. ) ;
#5817 = CARTESIAN_POINT ( 'NONE',  ( 0.02382162215305419842, -0.003653403958872019925, 0.01426023854602710000 ) ) ;
#5818 = CARTESIAN_POINT ( 'NONE',  ( -0.004267347085941250104, 0.02373287192899529996, 0.03282937823895649976 ) ) ;
#5819 = CARTESIAN_POINT ( 'NONE',  ( -0.0007570729708789965739, -0.02541113356190092751, 0.05750749314807754309 ) ) ;
#5820 = CARTESIAN_POINT ( 'NONE',  ( 0.08669250358634569831, 0.01509096685871386297, 0.000000000000000000 ) ) ;
#5821 = CARTESIAN_POINT ( 'NONE',  ( 0.04967670737730039976, -0.0002153322155579749978, -0.01252326239111050017 ) ) ;
#5822 = CARTESIAN_POINT ( 'NONE',  ( 0.000000000000000000, 5.505714157152952204E-21, 1.348511043915526039E-36 ) ) ;
#5823 = CARTESIAN_POINT ( 'NONE',  ( -0.002178361158252240058, 0.02400144028553990311, 0.001936023713559180100 ) ) ;
#5824 = CARTESIAN_POINT ( 'NONE',  ( 2.781637110574679918E-05, 0.03476061682374229772, -0.0007983834657589329977 ) ) ;
#5825 = PRODUCT_RELATED_PRODUCT_CATEGORY ( 'part', '', ( #690 ) ) ;
#5826 = CARTESIAN_POINT ( 'NONE',  ( -0.0005116653165568900907, 0.02502297777466215220, 1.538270500793140100E-05 ) ) ;
#5827 = CARTESIAN_POINT ( 'NONE',  ( 0.000000000000000000, 0.002072637199720876559, 0.04671519479789509877 ) ) ;
#5828 = EDGE_CURVE ( 'NONE', #6254, #6283, #3268, .T. ) ;
#5829 = CIRCLE ( 'NONE', #4613, 0.01874999999999999931 ) ;
#5830 = DIRECTION ( 'NONE',  ( 1.000000000000000000, 0.000000000000000000, 0.000000000000000000 ) ) ;
#5831 = CARTESIAN_POINT ( 'NONE',  ( -0.02502282394923710171, -0.0005059463322183819925, 5.553613203471849743E-05 ) ) ;
#5832 = CARTESIAN_POINT ( 'NONE',  ( -0.001396817616135420095, 0.02702726873339890076, 0.01745680945013509955 ) ) ;
#5833 = CARTESIAN_POINT ( 'NONE',  ( 0.1429219362925316372, 0.01977994956041832092, 0.000000000000000000 ) ) ;
#5834 = PRODUCT_DEFINITION ( 'UNKNOWN', '', #1348, #3839 ) ;
#5835 = CARTESIAN_POINT ( 'NONE',  ( 3.365531697373339579E-05, -0.02729901965280829776, 0.006178365063180819849 ) ) ;
#5836 = CARTESIAN_POINT ( 'NONE',  ( -0.02520014936803529823, -0.001091044202860350044, 0.05722000407706799574 ) ) ;
#5837 = CARTESIAN_POINT ( 'NONE',  ( -0.002407100079350169789, -0.04149169152544949363, 0.03854273739595139719 ) ) ;
#5838 = CARTESIAN_POINT ( 'NONE',  ( 0.004854830239568819726, 0.02360600952614590187, 0.02849589118513259911 ) ) ;
#5839 = CARTESIAN_POINT ( 'NONE',  ( 0.002856922892473239863, -0.02575019255860290165, 0.04738475511408730273 ) ) ;
#5840 = CARTESIAN_POINT ( 'NONE',  ( -0.02512165982172680223, -5.093142188675800209E-05, 0.008210196460316518743 ) ) ;
#5841 = CARTESIAN_POINT ( 'NONE',  ( 0.02643852653507969969, -0.001076987337060009847, 0.01459873301978920068 ) ) ;
#5842 = CARTESIAN_POINT ( 'NONE',  ( 0.0004638282526932139605, 0.02722379612351449873, 0.008970469143760049016 ) ) ;
#5843 = CARTESIAN_POINT ( 'NONE',  ( -0.02365576320249290071, -0.004607623890584690123, 0.02566741067993530065 ) ) ;
#5844 = CARTESIAN_POINT ( 'NONE',  ( -0.04967670737730060099, 8.991404271426989921E-05, -0.01342090596433279971 ) ) ;
#5845 = CARTESIAN_POINT ( 'NONE',  ( -0.001979508078096230052, 0.04967670737730149610, 0.03327148758153550268 ) ) ;
#5846 = CARTESIAN_POINT ( 'NONE',  ( -0.003803661123711799767, -0.02380774840978209725, 0.05399642996831079816 ) ) ;
#5847 = CARTESIAN_POINT ( 'NONE',  ( -0.0008887940599424090432, -0.04967670737729789482, -0.007417489042003199730 ) ) ;
#5848 = CARTESIAN_POINT ( 'NONE',  ( 0.02378795475329809755, -0.003952478851658849934, 0.02713605013731490087 ) ) ;
#5849 = CARTESIAN_POINT ( 'NONE',  ( -0.004519789830015830123, 0.02368434991054509803, 0.04562935142330429988 ) ) ;
#5850 = CARTESIAN_POINT ( 'NONE',  ( 0.002917386582789066249, -0.02652447658210747503, 0.03811018709803119797 ) ) ;
#5851 = ADVANCED_FACE ( 'NONE', ( #1645 ), #24, .F. ) ;
#5852 = CARTESIAN_POINT ( 'NONE',  ( 0.1326814563336177477, -0.01914736586798889903, -0.03829473173597779806 ) ) ;
#5853 = CARTESIAN_POINT ( 'NONE',  ( 0.04149169152544309597, 6.762427836813200005E-05, 0.04379003240612749925 ) ) ;
#5854 = CARTESIAN_POINT ( 'NONE',  ( 0.003307510979769529881, -0.02387212479432669968, 0.01144394658816999880 ) ) ;
#5855 = ORIENTED_EDGE ( 'NONE', *, *, #6093, .T. ) ;
#5856 = CARTESIAN_POINT ( 'NONE',  ( 9.250754755180879882E-05, 0.02730257154696320160, 0.006173839740804289850 ) ) ;
#5857 = CARTESIAN_POINT ( 'NONE',  ( 0.02345393969811690113, -2.851662606458649785E-05, 0.009107929585226699418 ) ) ;
#5858 = CARTESIAN_POINT ( 'NONE',  ( 0.000000000000000000, 0.001957570730640951443, 0.04721969786918119721 ) ) ;
#5859 =( NAMED_UNIT ( * ) SI_UNIT ( $, .STERADIAN. ) SOLID_ANGLE_UNIT ( ) );
#5860 = PLANE ( 'NONE',  #5763 ) ;
#5861 = CARTESIAN_POINT ( 'NONE',  ( -0.001244892837254789851, 0.02706136684287799993, 0.01604396565213839915 ) ) ;
#5862 = CARTESIAN_POINT ( 'NONE',  ( -0.001979508078096230052, 0.04967670737730149610, 0.03327148758153550268 ) ) ;
#5863 = AXIS2_PLACEMENT_3D ( 'NONE', #1802, #5641, #5770 ) ;
#5864 = CARTESIAN_POINT ( 'NONE',  ( 3.113955697220730217E-05, -0.02730487919462419935, 0.006155385157793689770 ) ) ;
#5865 = CARTESIAN_POINT ( 'NONE',  ( -0.02577346011341669768, 0.002990945083195890343, 0.04552705261491339639 ) ) ;
#5866 = CARTESIAN_POINT ( 'NONE',  ( -0.002412253166350969945, -0.02512165982173170109, 0.05285809916574730344 ) ) ;
#5867 = CARTESIAN_POINT ( 'NONE',  ( 0.02384356629788229875, -0.003507397742539880049, 0.01283964930745690007 ) ) ;
#5868 = CARTESIAN_POINT ( 'NONE',  ( -0.001453956216461819995, 0.02407303060674299833, 0.003471604371125730070 ) ) ;
#5869 = CARTESIAN_POINT ( 'NONE',  ( 0.002159910813686760026, -0.02558257723755500215, 0.05357543901542500403 ) ) ;
#5870 = ITEM_DEFINED_TRANSFORMATION ( 'NONE', 'NONE', #835,  #5181 ) ;
#5871 = CARTESIAN_POINT ( 'NONE',  ( -0.03330667567358470277, -8.550298246920269509E-05, 0.001283038991061410039 ) ) ;
#5872 = CARTESIAN_POINT ( 'NONE',  ( 0.02623184563689940144, 0.002028364674275329963, 0.02450494322821280060 ) ) ;
#5873 = CARTESIAN_POINT ( 'NONE',  ( 0.001451561669166330070, 0.02701795410338080072, 0.01742419930914379869 ) ) ;
#5874 = CARTESIAN_POINT ( 'NONE',  ( -0.02394213776279130110, -0.002754178044258320020, 0.006598252622340209511 ) ) ;
#5875 = CARTESIAN_POINT ( 'NONE',  ( 0.02729864526382129800, 3.411192415000660096E-05, 0.006181940276958159883 ) ) ;
#5876 = CARTESIAN_POINT ( 'NONE',  ( 0.0005481116969203300368, 0.02512165982172390177, 0.05799276350478060199 ) ) ;
#5877 = CARTESIAN_POINT ( 'NONE',  ( 0.003928632480645520390, -0.02377794051057480207, 0.01761063405316570102 ) ) ;
#5878 = CARTESIAN_POINT ( 'NONE',  ( -0.001923791876105689948, -0.04967670737727229724, 0.001599139545538199973 ) ) ;
#5879 = CARTESIAN_POINT ( 'NONE',  ( 0.02368319444661000014, -0.004524342320149399820, 0.04701942563690059834 ) ) ;
#5880 = CARTESIAN_POINT ( 'NONE',  ( 0.0003556077910552199982, 0.02498461323814079801, 0.006094230363730739931 ) ) ;
#5881 = CARTESIAN_POINT ( 'NONE',  ( 0.02395349477619750089, 0.002653316416614680002, 0.005771506160578500182 ) ) ;
#5882 = CARTESIAN_POINT ( 'NONE',  ( -3.213113830086242200E-05, -0.02509312574728783662, 0.05813809038055796352 ) ) ;
#5883 = CARTESIAN_POINT ( 'NONE',  ( -0.02403683756763621421, -0.001753537885072658066, 3.509474403214129774E-19 ) ) ;
#5884 = CARTESIAN_POINT ( 'NONE',  ( 0.02512165982172550119, -0.001882834654983040141, 0.05542623583643530027 ) ) ;
#5885 = CARTESIAN_POINT ( 'NONE',  ( 0.003152035082869240196, -0.02389316055571320124, 0.01002461071941570039 ) ) ;
#5886 = VECTOR ( 'NONE', #2559, 1.000000000000000000 ) ;
#5887 = DIRECTION ( 'NONE',  ( 1.000000000000000000, 0.000000000000000000, 0.000000000000000000 ) ) ;
#5888 = CARTESIAN_POINT ( 'NONE',  ( 0.001938162445346914946, -0.02402193843834105058, 0.000000000000000000 ) ) ;
#5889 = CARTESIAN_POINT ( 'NONE',  ( 0.000000000000000000, -0.001260755883417017829, 0.04917073173299022631 ) ) ;
#5890 = CARTESIAN_POINT ( 'NONE',  ( -0.02620553763194201358, 0.002605430658545889420, 0.05066521170646069716 ) ) ;
#5891 = CARTESIAN_POINT ( 'NONE',  ( 0.02409999999999999989, 0.000000000000000000, 0.06175378874876469998 ) ) ;
#5892 = CARTESIAN_POINT ( 'NONE',  ( -0.002831778845553200013, 0.02658048463521199903, 0.03576779506301289852 ) ) ;
#5893 = EDGE_CURVE ( 'NONE', #2063, #755, #1045, .T. ) ;
#5894 = B_SPLINE_CURVE_WITH_KNOTS ( 'NONE', 3,
 ( #1007, #458, #974, #944 ),
 .UNSPECIFIED., .F., .F.,
 ( 4, 4 ),
 ( 1.014629976760024085E-05, 0.001211342269137900135 ),
 .UNSPECIFIED. ) ;
#5895 = CARTESIAN_POINT ( 'NONE',  ( 0.0001860759479822949409, 0.0001673536066665146809, 0.000000000000000000 ) ) ;
#5896 = CARTESIAN_POINT ( 'NONE',  ( 0.001223591533836620093, -0.02408608026583469730, 0.001660927436672060033 ) ) ;
#5897 = CARTESIAN_POINT ( 'NONE',  ( -0.02637732901045360123, 0.001392966996485250041, 0.01741905870789900099 ) ) ;
#5898 = CARTESIAN_POINT ( 'NONE',  ( -0.001882834654983030166, -0.02512165982173149986, 0.05542623583642990182 ) ) ;
#5899 = CARTESIAN_POINT ( 'NONE',  ( 0.02360600952865839902, -0.004854830226882340255, 0.02849589118556120071 ) ) ;
#5900 = CARTESIAN_POINT ( 'NONE',  ( -0.0009904158329929950259, 0.02409696387249530072, -0.0001697696686596780085 ) ) ;
#5901 = CARTESIAN_POINT ( 'NONE',  ( 0.0006874815971141040247, -0.02650615248087960160, 0.01180522467469679974 ) ) ;
#5902 = CARTESIAN_POINT ( 'NONE',  ( -0.04149169152544269351, -3.538378678624740315E-05, -0.006249687328746720248 ) ) ;
#5903 = CARTESIAN_POINT ( 'NONE',  ( 0.02604524446982300206, 0.002661033975505710213, 0.03294935639535430394 ) ) ;
#5904 = CARTESIAN_POINT ( 'NONE',  ( -0.001900606369948730067, 0.02626263354394699906, 0.02309574063931549986 ) ) ;
#5905 = CARTESIAN_POINT ( 'NONE',  ( -0.02350741469074919821, -0.005311445808707780138, 0.04136437268820379598 ) ) ;
#5906 = CARTESIAN_POINT ( 'NONE',  ( -0.02468008288288253346, 0.0002726644366755623448, -2.694954435697765609E-19 ) ) ;
#5907 = APPLICATION_CONTEXT ( 'automotive_design' ) ;
#5908 = CARTESIAN_POINT ( 'NONE',  ( 0.001872015784316490104, 0.04967670737730189856, 0.03395040142086400148 ) ) ;
#5909 = AXIS2_PLACEMENT_3D ( 'NONE', #410, #4815, #4789 ) ;
#5910 = CARTESIAN_POINT ( 'NONE',  ( 0.005200801766368830063, -0.02353217592670820216, 0.03611394967967550274 ) ) ;
#5911 = ORIENTED_EDGE ( 'NONE', *, *, #2908, .T. ) ;
#5912 = CARTESIAN_POINT ( 'NONE',  ( 0.002281293988873630326, -0.04967670737729990016, 0.03187117607420240223 ) ) ;
#5913 = CARTESIAN_POINT ( 'NONE',  ( 0.02368655598111460078, -0.004514380079143789741, 0.03709070916394249795 ) ) ;
#5914 = CARTESIAN_POINT ( 'NONE',  ( -0.002598464684288709879, 0.02397544653094450112, 0.01296882569828970017 ) ) ;
#5915 = CARTESIAN_POINT ( 'NONE',  ( 0.02725220829119099145, -2.836173584335002998E-05, 0.005779524943036903201 ) ) ;
#5916 = CARTESIAN_POINT ( 'NONE',  ( -0.001851382823698333874, -0.02598998766973518657, 0.05472637814496621872 ) ) ;
#5917 = CIRCLE ( 'NONE', #932, 0.02050000000000000086 ) ;
#5918 = CARTESIAN_POINT ( 'NONE',  ( -0.02402193843834110262, -0.001938162445346465002, 0.000000000000000000 ) ) ;
#5919 = VERTEX_POINT ( 'NONE', #3060 ) ;
#5920 = CARTESIAN_POINT ( 'NONE',  ( 0.02512165982172540057, 0.001699575188418189949, 0.05578068244287850280 ) ) ;
#5921 = CARTESIAN_POINT ( 'NONE',  ( -0.002730303972217919782, 0.03330667567358220477, 0.02597481397783090243 ) ) ;
#5922 = CARTESIAN_POINT ( 'NONE',  ( 0.0005491989264191201106, -0.02446803309572724225, -7.623296525288707866E-19 ) ) ;
#5923 = CARTESIAN_POINT ( 'NONE',  ( 0.04967670737730160019, 7.500976252172390356E-05, 0.03662082091003470569 ) ) ;
#5924 = ADVANCED_FACE ( 'NONE', ( #5531 ), #4007, .F. ) ;
#5925 = CARTESIAN_POINT ( 'NONE',  ( -0.02558913577819514965, 0.001008343268562142230, 0.05708145934687192113 ) ) ;
#5926 = CARTESIAN_POINT ( 'NONE',  ( -0.02666248627741949970, -0.0002844783862236189599, 0.004166624205273299943 ) ) ;
#5927 = CARTESIAN_POINT ( 'NONE',  ( -0.008740922559727909782, -6.114257822864629791E-05, -0.007324193501903350154 ) ) ;
#5928 = CARTESIAN_POINT ( 'NONE',  ( -0.0008349623323015180820, 0.04967670737729629887, -0.007411838175165380051 ) ) ;
#5929 = CARTESIAN_POINT ( 'NONE',  ( -0.0008163582119361659836, -0.02738067932929084958, 7.765033561037139288E-05 ) ) ;
#5930 = CARTESIAN_POINT ( 'NONE',  ( -0.02592483948649099840, -0.002914844613891019818, 0.03857472885875989910 ) ) ;
#5931 = PRODUCT_DEFINITION_CONTEXT ( 'detailed design', #2340, 'design' ) ;
#5932 = CARTESIAN_POINT ( 'NONE',  ( 0.001868412592618000096, -0.04967670737731640085, 0.001598896181240010020 ) ) ;
#5933 = CARTESIAN_POINT ( 'NONE',  ( 0.02368882000643699956, -0.004433333442912820374, 0.02279533796724320105 ) ) ;
#5934 = CARTESIAN_POINT ( 'NONE',  ( -0.001762932965939360006, 0.02405212209754799962, 0.005896404036842359947 ) ) ;
#5935 = EDGE_CURVE ( 'NONE', #2655, #5495, #1500, .T. ) ;
#5936 = CARTESIAN_POINT ( 'NONE',  ( -0.0005679534571496140096, -0.02652973561917360001, 0.01037483862744830072 ) ) ;
#5937 = CARTESIAN_POINT ( 'NONE',  ( -0.04149169152544359557, -0.001975571031771079875, 0.04045235607457740162 ) ) ;
#5938 = CARTESIAN_POINT ( 'NONE',  ( 0.02650730134409000002, 0.0006900317537953460419, 0.01180465593317790024 ) ) ;
#5939 = CARTESIAN_POINT ( 'NONE',  ( 0.0007599030683584749460, 0.02541275287622559928, 0.05748299269358420061 ) ) ;
#5940 = CARTESIAN_POINT ( 'NONE',  ( -0.02404745190072209854, 0.001825933486150559983, 0.005975963504048449615 ) ) ;
#5941 = CARTESIAN_POINT ( 'NONE',  ( 0.000000000000000000, 0.000000000000000000, 0.000000000000000000 ) ) ;
#5942 = CARTESIAN_POINT ( 'NONE',  ( -5.240920250803110200E-05, 0.02512165982172400239, 0.05812830946985809988 ) ) ;
#5943 = CARTESIAN_POINT ( 'NONE',  ( 0.003746039837062190014, -0.02380722170279469738, 0.01571251381746299747 ) ) ;
#5944 = ORIENTED_EDGE ( 'NONE', *, *, #5658, .F. ) ;
#5945 = CARTESIAN_POINT ( 'NONE',  ( -0.0009323122743887720396, -0.04967670737730119773, 0.03606377774801369784 ) ) ;
#5946 = CARTESIAN_POINT ( 'NONE',  ( 0.02398264602335109866, -0.002466308409127000029, 0.05823910367743790478 ) ) ;
#5947 = CARTESIAN_POINT ( 'NONE',  ( -0.0008665219156127989923, 0.02493370472899680140, 0.01032750063663869997 ) ) ;
#5948 = CARTESIAN_POINT ( 'NONE',  ( 0.02407303060674299833, 0.001453956216462019922, 0.003471604371124730002 ) ) ;
#5949 = CARTESIAN_POINT ( 'NONE',  ( 0.02633743553605691692, -0.002972843635988432244, 0.04552177345289622201 ) ) ;
#5950 = CARTESIAN_POINT ( 'NONE',  ( 0.1588327224262097992, 0.02046602387686770677, 0.000000000000000000 ) ) ;
#5951 = ORIENTED_EDGE ( 'NONE', *, *, #4671, .T. ) ;
#5952 = CARTESIAN_POINT ( 'NONE',  ( 0.03330667567358380071, 0.002798062127871309927, 0.04183838003581800274 ) ) ;
#5953 = CARTESIAN_POINT ( 'NONE',  ( -0.002731102990112190161, 0.02512165982172320094, 0.03316793383875309836 ) ) ;
#5954 = SURFACE_STYLE_USAGE ( .BOTH. , #6081 ) ;
#5955 = CARTESIAN_POINT ( 'NONE',  ( -0.01748184511945780062, 0.001847524723963560019, 0.03238177835942569749 ) ) ;
#5956 = CARTESIAN_POINT ( 'NONE',  ( -3.518045293303589721E-05, 0.04967670737730060099, -0.01342557219210769974 ) ) ;
#5957 = CARTESIAN_POINT ( 'NONE',  ( -0.02651332018318340589, -0.002928523071339208562, 0.03857783469028589624 ) ) ;
#5958 = CARTESIAN_POINT ( 'NONE',  ( -2.735447296092860281E-05, -0.04221866210052149793, -0.007332728653060130442 ) ) ;
#5959 = DIRECTION ( 'NONE',  ( 1.000000000000000000, 0.000000000000000000, 0.000000000000000000 ) ) ;
#5960 = CARTESIAN_POINT ( 'NONE',  ( -0.02409685857323839997, -0.0009929857008871680133, -0.0001496151470979710074 ) ) ;
#5961 = CARTESIAN_POINT ( 'NONE',  ( -0.02382095446663130139, -0.003675935325460340068, 0.05690592739392270200 ) ) ;
#5962 = CARTESIAN_POINT ( 'NONE',  ( -0.02598422581129810130, -0.002808824274854960102, 0.03576314525676069916 ) ) ;
#5963 = CARTESIAN_POINT ( 'NONE',  ( 0.002932823928908679777, -0.03330667567358810283, 0.03920667310099069935 ) ) ;
#5964 = FACE_OUTER_BOUND ( 'NONE', #4409, .T. ) ;
#5965 = CARTESIAN_POINT ( 'NONE',  ( -0.02345393969811690113, 9.295366289648389639E-05, 0.009544381645201820141 ) ) ;
#5966 = CARTESIAN_POINT ( 'NONE',  ( 0.001074042605323200080, -0.02566614885106810115, 0.05678776043949759766 ) ) ;
#5967 =( BOUNDED_SURFACE ( )  B_SPLINE_SURFACE ( 2, 2, ( 
 ( #2679, #765, #5209, #1767, #2253, #5735, #4241, #1286, #2352 ),
 ( #4307, #2926, #896, #2444, #1377, #1403, #3794, #2896, #6326 ),
 ( #5891, #5768, #5404, #1320, #954, #4909, #3362, #4790, #439 ) ),
 .UNSPECIFIED., .F., .T., .T. ) 
 B_SPLINE_SURFACE_WITH_KNOTS ( ( 3, 3 ),
 ( 3, 2, 2, 2, 3 ),
 ( -0.5899789668299220136, 0.000000000000000000 ),
 ( -3.141592653589790007, -1.570796326794899889, 0.000000000000000000, 1.570796326794899889, 3.141592653589790007 ),
 .UNSPECIFIED. ) 
 GEOMETRIC_REPRESENTATION_ITEM ( )  RATIONAL_B_SPLINE_SURFACE ( (
 ( 1.000000000000000000, 0.7071067811865480168, 1.000000000000000000, 0.7071067811865480168, 1.000000000000000000, 0.7071067811865480168, 1.000000000000000000, 0.7071067811865480168, 1.000000000000000000),
 ( 0.9568051998584570228, 0.6765634450944649769, 0.9568051998584570228, 0.6765634450944649769, 0.9568051998584570228, 0.6765634450944649769, 0.9568051998584570228, 0.6765634450944649769, 0.9568051998584570228),
 ( 1.000000000000000000, 0.7071067811865480168, 1.000000000000000000, 0.7071067811865480168, 1.000000000000000000, 0.7071067811865480168, 1.000000000000000000, 0.7071067811865480168, 1.000000000000000000) ) ) 
 REPRESENTATION_ITEM ( '' )  SURFACE ( )  );
#5968 = CARTESIAN_POINT ( 'NONE',  ( -0.04967670737730049690, 0.0001273564404354379765, -0.01315511989376190113 ) ) ;
#5969 = CARTESIAN_POINT ( 'NONE',  ( 0.02633743553605700019, -0.002972843635988429642, 0.04552177345289620120 ) ) ;
#5970 = CARTESIAN_POINT ( 'NONE',  ( -0.002886040365569060139, 0.02654681810511080181, 0.03717349394790239736 ) ) ;
#5971 = CARTESIAN_POINT ( 'NONE',  ( -0.02391376560980940091, -0.002991787226153480150, 0.008608274322883120375 ) ) ;
#5972 = CARTESIAN_POINT ( 'NONE',  ( -0.003675448660579100097, 0.02382084759208159819, 0.05690544720878760315 ) ) ;
#5973 = CARTESIAN_POINT ( 'NONE',  ( 0.04852371010633722836, -0.01025504949985577528, 0.02051009899971154363 ) ) ;
#5974 = CARTESIAN_POINT ( 'NONE',  ( -0.002037370409875109700, -0.02479227380109939871, 0.02018044388379119924 ) ) ;
#5975 = ORIENTED_EDGE ( 'NONE', *, *, #5828, .T. ) ;
#5976 = CARTESIAN_POINT ( 'NONE',  ( -0.0002726644366755596885, -0.02468008288288252305, 4.788184606599949063E-19 ) ) ;
#5977 = CARTESIAN_POINT ( 'NONE',  ( 0.02367680303709840048, 0.004497022404660939998, 0.02424645683511929967 ) ) ;
#5978 = B_SPLINE_SURFACE_WITH_KNOTS ( 'NONE', 3, 3, ( 
 ( #2447, #1954, #989, #5474 ),
 ( #2019, #4012, #2965, #4949 ),
 ( #4653, #660, #5173, #187 ),
 ( #221, #1181, #4202, #2676 ),
 ( #2706, #725, #2184, #4720 ),
 ( #3195, #4620, #4171, #4686 ) ),
 .UNSPECIFIED., .F., .F., .F.,
 ( 4, 2, 4 ),
 ( 4, 4 ),
 ( 0.000000000000000000, 0.01556923179892660131, 1.000085847075699919 ),
 ( 0.1466058062959700037, 1.000000000000000000 ),
 .UNSPECIFIED. ) ;
#5979 = CARTESIAN_POINT ( 'NONE',  ( -0.003154734080422569829, 0.02446321082751009776, 0.04971951480918320593 ) ) ;
#5980 = CARTESIAN_POINT ( 'NONE',  ( 0.02402528898701354956, 0.001896192461877875025, -0.0003380546380991175030 ) ) ;
#5981 = CARTESIAN_POINT ( 'NONE',  ( 0.02612665360376242862, -0.002302232478492451367, 0.05268873659463132325 ) ) ;
#5982 = CARTESIAN_POINT ( 'NONE',  ( 0.1474045838693498756, -0.02001452565399520350, -2.451072477861781130E-18 ) ) ;
#5983 = ORIENTED_EDGE ( 'NONE', *, *, #4694, .F. ) ;
#5984 = CARTESIAN_POINT ( 'NONE',  ( 0.02512165982172550119, -0.001517258888832789983, 0.05644661915634779925 ) ) ;
#5985 = CARTESIAN_POINT ( 'NONE',  ( -0.0008391588756988789749, 0.03330667567358250314, 0.006973700652039989921 ) ) ;
#5986 = ORIENTED_EDGE ( 'NONE', *, *, #6045, .F. ) ;
#5987 = CARTESIAN_POINT ( 'NONE',  ( 0.000000000000000000, -0.0005663410080438559908, 0.05018543895552459583 ) ) ;
#5988 = CARTESIAN_POINT ( 'NONE',  ( 0.04967670737730119773, 0.001208486282665689835, 0.03548552656566000135 ) ) ;
#5989 = CARTESIAN_POINT ( 'NONE',  ( -0.02706134896917300817, -0.001244888005766610264, 0.01604394504154960099 ) ) ;
#5990 = DIRECTION ( 'NONE',  ( 4.658274186614549614E-05, -0.7521489355498118812, -0.6589931536680280200 ) ) ;
#5991 = CARTESIAN_POINT ( 'NONE',  ( 0.4570000000000000173, 0.000000000000000000, 0.02050000000000000086 ) ) ;
#5992 = CARTESIAN_POINT ( 'NONE',  ( 0.1621912153200378293, 0.02054251265073871874, 0.000000000000000000 ) ) ;
#5993 = CARTESIAN_POINT ( 'NONE',  ( -0.0003024555478581870157, -0.02733624864533700308, 0.003761715473120139965 ) ) ;
#5994 = CARTESIAN_POINT ( 'NONE',  ( -0.02721230448867860072, 0.0005249978668542200529, 0.009438750965028131282 ) ) ;
#5995 = CARTESIAN_POINT ( 'NONE',  ( 0.001449443473609510029, -0.04967670737730119773, 0.03496845202896579907 ) ) ;
#5996 = CARTESIAN_POINT ( 'NONE',  ( -0.004977737550702019884, 0.02358038082278329783, 0.03135719712605630066 ) ) ;
#5997 = CARTESIAN_POINT ( 'NONE',  ( 0.0003023845121057050066, 0.02733649830734360270, 0.003762000497768360104 ) ) ;
#5998 = CARTESIAN_POINT ( 'NONE',  ( -0.0006415940102997559451, -0.02718934889784839840, 0.01037669582803230073 ) ) ;
#5999 = CARTESIAN_POINT ( 'NONE',  ( -0.04967670737730519454, 0.002575290905111700043, 0.03023284672936920117 ) ) ;
#6000 = CARTESIAN_POINT ( 'NONE',  ( 0.02627105023739500014, -0.002824019870129439950, 0.04826392857627209709 ) ) ;
#6001 = CARTESIAN_POINT ( 'NONE',  ( -0.001087841722958919925, 0.02709507611378110178, 0.01463076436894270027 ) ) ;
#6002 = CARTESIAN_POINT ( 'NONE',  ( -0.02372334490974159840, -0.004319119663285639690, 0.03377643998815080262 ) ) ;
#6003 = CARTESIAN_POINT ( 'NONE',  ( 0.005233885927085350082, 0.02352482701902000248, 0.03563370835732869446 ) ) ;
#6004 = CARTESIAN_POINT ( 'NONE',  ( 0.001290098280607729266, 0.0007140993512418971614, 0.001428198702483794973 ) ) ;
#6005 = CARTESIAN_POINT ( 'NONE',  ( 0.002598476706552479889, -0.02397545700349140024, 0.01296880739692989927 ) ) ;
#6006 = ORIENTED_EDGE ( 'NONE', *, *, #6055, .F. ) ;
#6007 = CARTESIAN_POINT ( 'NONE',  ( -0.04967670737730039976, 0.0002153322155579700105, -0.01252326239111050017 ) ) ;
#6008 = B_SPLINE_CURVE_WITH_KNOTS ( 'NONE', 3,
 ( #4729, #3698, #6138, #2777 ),
 .UNSPECIFIED., .F., .F.,
 ( 4, 4 ),
 ( 0.03422264407283460291, 0.03529414878551259682 ),
 .UNSPECIFIED. ) ;
#6009 = CARTESIAN_POINT ( 'NONE',  ( 0.02391064826552249944, 0.003089991085267149943, 0.05665805514738250087 ) ) ;
#6010 = CARTESIAN_POINT ( 'NONE',  ( 0.003083195727023819999, 0.02460318562020529995, 0.03290528588889960609 ) ) ;
#6011 = CARTESIAN_POINT ( 'NONE',  ( 0.02395469091472689910, 0.002642501196860280038, 0.005684040048391889900 ) ) ;
#6012 = CARTESIAN_POINT ( 'NONE',  ( 0.02613791023293812743, 0.002239113750029751888, 0.05270000082362719801 ) ) ;
#6013 = CARTESIAN_POINT ( 'NONE',  ( 0.1588327224262097992, 0.02046602387686770677, -0.04093204775373540660 ) ) ;
#6014 = EDGE_CURVE ( 'NONE', #556, #1943, #4306, .T. ) ;
#6015 = ORIENTED_EDGE ( 'NONE', *, *, #3354, .T. ) ;
#6016 = CARTESIAN_POINT ( 'NONE',  ( 0.02512165982172520282, 3.742855073386269727E-05, 0.008113751710889630792 ) ) ;
#6017 = CARTESIAN_POINT ( 'NONE',  ( -0.002701866495161900014, -0.02394806709278870030, 0.005745509008719970265 ) ) ;
#6018 = CIRCLE ( 'NONE', #2065, 0.02409999999999999989 ) ;
#6019 = ORIENTED_EDGE ( 'NONE', *, *, #770, .T. ) ;
#6020 = CARTESIAN_POINT ( 'NONE',  ( -0.01748184511945760286, -0.001190719265269839970, 0.03411813935813700488 ) ) ;
#6021 = CARTESIAN_POINT ( 'NONE',  ( 0.04967670737730259939, -0.002760735975640739911, 0.01133832123019509926 ) ) ;
#6022 = CARTESIAN_POINT ( 'NONE',  ( -0.02054999999999999882, 2.516649172247810738E-18, 0.07343700320369959955 ) ) ;
#6023 = CARTESIAN_POINT ( 'NONE',  ( 0.001188357668194725807, 0.02445650449501676760, 0.005968332553229415208 ) ) ;
#6024 = CARTESIAN_POINT ( 'NONE',  ( 2.828339077277200033E-05, 0.02730659893060220084, 0.005732395045064299886 ) ) ;
#6025 = PRODUCT_RELATED_PRODUCT_CATEGORY ( 'part', '', ( #3490 ) ) ;
#6026 = CARTESIAN_POINT ( 'NONE',  ( -0.02409717447100915080, -0.0009852760972046559901, -0.0002100787117830975131 ) ) ;
#6027 = ADVANCED_FACE ( 'NONE', ( #6089 ), #2851, .T. ) ;
#6028 = CARTESIAN_POINT ( 'NONE',  ( -0.02355373044828040080, -0.005102449041631859639, 0.03373308993875529654 ) ) ;
#6029 = CARTESIAN_POINT ( 'NONE',  ( -0.02661618863049430156, 3.207393922843110258E-05, 0.006294947054112739852 ) ) ;
#6030 = CARTESIAN_POINT ( 'NONE',  ( 0.002934231443040499938, -0.04149169152544289474, 0.03201911480558920081 ) ) ;
#6031 = CARTESIAN_POINT ( 'NONE',  ( 0.005105837370344439366, 0.02355296708396640085, 0.03277675416089410182 ) ) ;
#6032 = DIRECTION ( 'NONE',  ( 1.000000000000000000, 0.000000000000000000, 0.000000000000000000 ) ) ;
#6033 = CARTESIAN_POINT ( 'NONE',  ( -0.002368541650644820189, -0.02614372506146839942, 0.05225616331869380182 ) ) ;
#6034 = CARTESIAN_POINT ( 'NONE',  ( -0.04967670737731679637, 0.002814682857649420007, 0.02811403963872950024 ) ) ;
#6035 = PRODUCT_DEFINITION_SHAPE ( 'NONE', 'NONE',  #6420 ) ;
#6036 = APPLICATION_CONTEXT ( 'automotive_design' ) ;
#6037 = CARTESIAN_POINT ( 'NONE',  ( 0.02661571746158009760, 6.564146386735110770E-07, 0.006534416673842500384 ) ) ;
#6038 = CARTESIAN_POINT ( 'NONE',  ( -0.0004083469229540320181, 0.02722875197103009903, 0.008994053555118980414 ) ) ;
#6039 = CARTESIAN_POINT ( 'NONE',  ( -0.02370724947399870108, -0.004405464193728129453, 0.03567272973521730395 ) ) ;
#6040 = CARTESIAN_POINT ( 'NONE',  ( -0.004831249073440929687, 0.02361106800840299946, 0.05150667126207029989 ) ) ;
#6041 = CARTESIAN_POINT ( 'NONE',  ( 0.01210347882708783310, 0.003797319272488450161, 0.007594638544976902925 ) ) ;
#6042 = CARTESIAN_POINT ( 'NONE',  ( -0.0004548442017258639701, -0.02497332330737269887, 0.006780861592521060001 ) ) ;
#6043 = ORIENTED_EDGE ( 'NONE', *, *, #6312, .T. ) ;
#6044 = CARTESIAN_POINT ( 'NONE',  ( -0.03330667567358440440, 0.002761206190879340102, 0.02565863985374040174 ) ) ;
#6045 = EDGE_CURVE ( 'NONE', #2529, #6087, #5148, .T. ) ;
#6046 = CARTESIAN_POINT ( 'NONE',  ( 0.02367671820385489762, 0.004561902524249109893, 0.04279134994917209445 ) ) ;
#6047 = CARTESIAN_POINT ( 'NONE',  ( 0.0009437953864694779331, 0.02433009576143509850, 0.05863163009777539597 ) ) ;
#6048 = CARTESIAN_POINT ( 'NONE',  ( 0.02498993435585670012, 0.0002064802429068909873, 0.005401441364323409863 ) ) ;
#6049 = CARTESIAN_POINT ( 'NONE',  ( 0.02628388687412680502, 0.002762592232642595205, 0.04827996836009699338 ) ) ;
#6050 = CARTESIAN_POINT ( 'NONE',  ( -0.02622276767918359924, -0.0003856646093753129858, -0.02028183975458359989 ) ) ;
#6051 = ORIENTED_EDGE ( 'NONE', *, *, #5658, .T. ) ;
#6052 = CARTESIAN_POINT ( 'NONE',  ( 0.02512165982172460260, 0.002731102990112349756, 0.03316793383875189793 ) ) ;
#6053 = CARTESIAN_POINT ( 'NONE',  ( -0.003653401504169919919, -0.02382162255348710053, 0.01426023916430169992 ) ) ;
#6054 = ORIENTED_EDGE ( 'NONE', *, *, #5145, .T. ) ;
#6055 = EDGE_CURVE ( 'NONE', #2979, #2460, #2597, .T. ) ;
#6056 = CARTESIAN_POINT ( 'NONE',  ( 0.000000000000000000, -0.002238538907499079775, 0.04604989700475539682 ) ) ;
#6057 = CARTESIAN_POINT ( 'NONE',  ( 0.04967670737730289776, -0.0004128385556363559973, -0.01106966895594829921 ) ) ;
#6058 = DIRECTION ( 'NONE',  ( -1.345248005336729958E-13, 1.000000000000000000, 0.000000000000000000 ) ) ;
#6059 = CARTESIAN_POINT ( 'NONE',  ( 4.274984169998069641E-05, 0.02690960892489525219, 0.006174226967179067410 ) ) ;
#6060 = CARTESIAN_POINT ( 'NONE',  ( 2.844354503633972540E-05, 0.02706126746707485098, 0.005877936846290700984 ) ) ;
#6061 = CARTESIAN_POINT ( 'NONE',  ( -0.02396316746572669729, -0.002564703203845999750, 0.005055178769997379674 ) ) ;
#6062 = CARTESIAN_POINT ( 'NONE',  ( 0.1632247789736557542, -0.02055518108694219526, -2.517283672401797244E-18 ) ) ;
#6063 = CARTESIAN_POINT ( 'NONE',  ( -0.02648014869426069950, -0.002957817987210239943, 0.03998019144172829803 ) ) ;
#6064 = CARTESIAN_POINT ( 'NONE',  ( 0.001198264028911089985, -0.03330667567358790160, 0.04983959723528660207 ) ) ;
#6065 = CARTESIAN_POINT ( 'NONE',  ( 0.003737461158315079877, 0.02381123306129670145, 0.05689134060404080206 ) ) ;
#6066 = CARTESIAN_POINT ( 'NONE',  ( -9.779232826115699374E-06, 0.02730590515353800013, 0.006002978719494849943 ) ) ;
#6067 = CARTESIAN_POINT ( 'NONE',  ( 0.002827393009958090002, -0.02630697268670060054, 0.04737535454814389979 ) ) ;
#6068 = CARTESIAN_POINT ( 'NONE',  ( -0.04967670737729299596, 0.003041894251109160223, 0.02139080718404419781 ) ) ;
#6069 = CARTESIAN_POINT ( 'NONE',  ( 0.02660352952053239919, 6.504267259296970063E-05, 0.006999237483458389808 ) ) ;
#6070 = CARTESIAN_POINT ( 'NONE',  ( -0.002972572662232220164, 0.02644721353322010068, 0.04137949941136579574 ) ) ;
#6071 = CARTESIAN_POINT ( 'NONE',  ( -0.02378155072482230140, 0.003967950084194839938, 0.05308905855224590326 ) ) ;
#6072 = CARTESIAN_POINT ( 'NONE',  ( -0.005270664171904680152, 0.02351660007987859888, 0.03849901797604460274 ) ) ;
#6073 = CARTESIAN_POINT ( 'NONE',  ( 0.03838076630220227381, -0.008708065292970723278, 0.01741613058594143962 ) ) ;
#6074 = CARTESIAN_POINT ( 'NONE',  ( -0.0009205248769716560314, -0.02492954821876889812, 0.01030375930662509945 ) ) ;
#6075 = ORIENTED_EDGE ( 'NONE', *, *, #5455, .F. ) ;
#6076 = CARTESIAN_POINT ( 'NONE',  ( -2.827751929175539974E-05, -0.02731468076792820110, 0.005725352261985739918 ) ) ;
#6077 = CARTESIAN_POINT ( 'NONE',  ( 0.02481282138480029806, -0.001890829524337460073, 0.01876732252263210027 ) ) ;
#6078 = CLOSED_SHELL ( 'NONE', ( #2268, #4028, #4458, #1674, #466 ) ) ;
#6079 = CARTESIAN_POINT ( 'NONE',  ( -0.001026000476968449981, 0.02433790610952630065, 0.05853631612484799795 ) ) ;
#6080 = CARTESIAN_POINT ( 'NONE',  ( 0.02669385601143459824, -0.0009007157502371969772, 8.185981674416130632E-05 ) ) ;
#6081 = SURFACE_SIDE_STYLE ('',( #1139 ) ) ;
#6082 = CARTESIAN_POINT ( 'NONE',  ( 0.02627105023739491688, -0.002824019870129445154, 0.04826392857627209709 ) ) ;
#6083 = CARTESIAN_POINT ( 'NONE',  ( -0.02731219053754675025, 4.988542413710876996E-05, 0.005874846207190341681 ) ) ;
#6084 = CARTESIAN_POINT ( 'NONE',  ( 0.02729834969703559891, 1.278025071373829985E-05, 0.006030887249564880447 ) ) ;
#6085 = CARTESIAN_POINT ( 'NONE',  ( 0.04967670737730029568, 8.392809770254769895E-05, -0.01307724465576839967 ) ) ;
#6086 = CARTESIAN_POINT ( 'NONE',  ( -0.005178677439917439736, -0.02353714173978129973, 0.03420468838296500391 ) ) ;
#6087 = VERTEX_POINT ( 'NONE', #3905 ) ;
#6088 = CARTESIAN_POINT ( 'NONE',  ( -0.02622276767918569826, 0.001843739628168779851, 0.02473694876021999972 ) ) ;
#6089 = FACE_OUTER_BOUND ( 'NONE', #4518, .T. ) ;
#6090 = CARTESIAN_POINT ( 'NONE',  ( 0.02409627225378990073, -0.001009054469035346050, -0.0001751297032771964850 ) ) ;
#6091 = CARTESIAN_POINT ( 'NONE',  ( -2.811706715479415160E-05, -0.02730790884454534911, 0.005732431055142869943 ) ) ;
#6092 = B_SPLINE_CURVE_WITH_KNOTS ( 'NONE', 3,
 ( #5918, #5883, #1458, #2985, #2496, #3019, #5427, #2950 ),
 .UNSPECIFIED., .F., .F.,
 ( 4, 2, 2, 4 ),
 ( 0.000000000000000000, 0.0005473067806847777906, 0.001094613561369555581, 0.002189227122739115065 ),
 .UNSPECIFIED. ) ;
#6093 = EDGE_CURVE ( 'NONE', #611, #5919, #6092, .T. ) ;
#6094 = CARTESIAN_POINT ( 'NONE',  ( -0.02395469091473189857, -0.002642501196818389936, 0.005684040048398879968 ) ) ;
#6095 = CARTESIAN_POINT ( 'NONE',  ( 0.02826114334772389380, -0.007013549795020895469, -8.589121307132914630E-19 ) ) ;
#6096 = CARTESIAN_POINT ( 'NONE',  ( -0.02730225839598799872, 9.458526520673399122E-05, 0.006188452262372620694 ) ) ;
#6097 = CARTESIAN_POINT ( 'NONE',  ( -0.000000000000000000, 0.002861650579705931133, 0.04049894773223558508 ) ) ;
#6098 = CARTESIAN_POINT ( 'NONE',  ( -0.004894112133959330549, 0.02359788752948100213, 0.02993334765679149870 ) ) ;
#6099 = CARTESIAN_POINT ( 'NONE',  ( 0.1889999999999998903, 2.296212748401287186E-18, -0.01874999999999999931 ) ) ;
#6100 = EDGE_CURVE ( 'NONE', #4450, #5037, #4048, .T. ) ;
#6101 = CARTESIAN_POINT ( 'NONE',  ( -0.002557168176090150128, -0.02619354719627749878, 0.05095104706867920052 ) ) ;
#6102 = CARTESIAN_POINT ( 'NONE',  ( 0.000000000000000000, 6.578515956843808779E-05, 0.0003309238554237160226 ) ) ;
#6103 = CARTESIAN_POINT ( 'NONE',  ( 0.02603739897330940162, 0.001893666788354919986, 0.05435616394519159761 ) ) ;
#6104 = CARTESIAN_POINT ( 'NONE',  ( 0.002630055287071819941, -0.02395606139948100108, 0.005583422209162270181 ) ) ;
#6105 = CARTESIAN_POINT ( 'NONE',  ( -0.02368560192145149901, 0.004519692877668509551, 0.03709131810691240067 ) ) ;
#6106 = CARTESIAN_POINT ( 'NONE',  ( 0.001663269014174829918, 0.02404619504388309792, 0.05985478547136909716 ) ) ;
#6107 = CARTESIAN_POINT ( 'NONE',  ( 0.1566420320640504182, 0.02039840714278207123, 0.04079681428556416328 ) ) ;
#6108 = CARTESIAN_POINT ( 'NONE',  ( 0.001779086849193780000, -0.02405095789480720184, 0.006011117702744199487 ) ) ;
#6109 = VERTEX_POINT ( 'NONE', #4607 ) ;
#6110 = CARTESIAN_POINT ( 'NONE',  ( -0.02512165982172699999, 0.002761450477331429953, 0.03281880737046230512 ) ) ;
#6111 = CARTESIAN_POINT ( 'NONE',  ( 0.02498461313134690137, -0.0003556076898979599666, 0.006094230376459010626 ) ) ;
#6112 = CARTESIAN_POINT ( 'NONE',  ( 0.0001203802724753619984, 0.02660380607873480061, 0.006982738403191910033 ) ) ;
#6113 = EDGE_CURVE ( 'NONE', #2040, #3274, #2693, .T. ) ;
#6114 = CARTESIAN_POINT ( 'NONE',  ( 0.02730761686091789930, -1.499185445220889858E-05, 0.005825778850161509974 ) ) ;
#6115 = FILL_AREA_STYLE_COLOUR ( '', #4259 ) ;
#6116 = EDGE_CURVE ( 'NONE', #1109, #2071, #2287, .T. ) ;
#6117 = CARTESIAN_POINT ( 'NONE',  ( -0.02730849498876379913, 2.128270777436029986E-05, 0.005780388548373499406 ) ) ;
#6118 = FACE_OUTER_BOUND ( 'NONE', #1193, .T. ) ;
#6119 = CARTESIAN_POINT ( 'NONE',  ( 0.04967670737729629887, 0.0008349623323015330440, -0.007411838175165389592 ) ) ;
#6120 = CARTESIAN_POINT ( 'NONE',  ( 0.4570000000000000173, 0.000000000000000000, 0.000000000000000000 ) ) ;
#6121 = ORIENTED_EDGE ( 'NONE', *, *, #288, .T. ) ;
#6122 = CARTESIAN_POINT ( 'NONE',  ( -0.01748184511945560099, -6.691274895752779065E-05, -0.01494491556968940114 ) ) ;
#6123 = CARTESIAN_POINT ( 'NONE',  ( 0.0007737221445894071955, 0.0004862275238850545783, 0.000000000000000000 ) ) ;
#6124 = CARTESIAN_POINT ( 'NONE',  ( -0.02716257824679599656, -0.0007584490845766189444, 0.01180762932764370041 ) ) ;
#6125 =( GEOMETRIC_REPRESENTATION_CONTEXT ( 3 ) GLOBAL_UNCERTAINTY_ASSIGNED_CONTEXT ( ( #2725 ) ) GLOBAL_UNIT_ASSIGNED_CONTEXT ( ( #2613, #3981, #5734 ) ) REPRESENTATION_CONTEXT ( 'NONE', 'WORKASPACE' ) );
#6126 = FILL_AREA_STYLE ('',( #5237 ) ) ;
#6127 = CARTESIAN_POINT ( 'NONE',  ( -0.02499300151697399913, -0.0001383574515785299986, 0.004897772603871620133 ) ) ;
#6128 = CARTESIAN_POINT ( 'NONE',  ( 0.0001860759479822949409, -0.0001673536066665146809, -2.049490587299123433E-20 ) ) ;
#6129 = CARTESIAN_POINT ( 'NONE',  ( -0.02727399132997250161, 0.0002015774308087689870, 0.006982472692983110116 ) ) ;
#6130 = CARTESIAN_POINT ( 'NONE',  ( 0.000000000000000000, 0.001376150592750561988, 0.01089265837987870439 ) ) ;
#6131 = CARTESIAN_POINT ( 'NONE',  ( 0.02345393969811698787, -2.716850332799836121E-05, 0.02071345778977801144 ) ) ;
#6132 = CARTESIAN_POINT ( 'NONE',  ( 0.02468008288288250918, -0.0002726644366755386008, -1.321172874369695080E-19 ) ) ;
#6133 = DIRECTION ( 'NONE',  ( -0.000000000000000000, 0.000000000000000000, 1.000000000000000000 ) ) ;
#6134 = CARTESIAN_POINT ( 'NONE',  ( 0.02654681448487089881, 0.002886039276008340280, 0.03717348957360389755 ) ) ;
#6135 = DIRECTION ( 'NONE',  ( 1.000000000000000000, 0.000000000000000000, 0.000000000000000000 ) ) ;
#6136 = CARTESIAN_POINT ( 'NONE',  ( -0.02372647158138789861, -0.004288695497375150101, 0.04985319596047940033 ) ) ;
#6137 = EDGE_CURVE ( 'NONE', #2307, #1109, #1129, .T. ) ;
#6138 = CARTESIAN_POINT ( 'NONE',  ( -2.827763675642080176E-05, -0.02731199422730399770, 0.005727706139979630261 ) ) ;
#6139 = CARTESIAN_POINT ( 'NONE',  ( 0.1632247789736557542, 0.02055518108694219526, 5.034567344803594488E-18 ) ) ;
#6140 = CARTESIAN_POINT ( 'NONE',  ( 0.002256266857900589805, -0.02475741735115960171, 0.02303840392126000128 ) ) ;
#6141 = VERTEX_POINT ( 'NONE', #3707 ) ;
#6142 = CARTESIAN_POINT ( 'NONE',  ( 9.778185335118459772E-06, -0.02730590147202919746, 0.006002974516530330124 ) ) ;
#6143 = CARTESIAN_POINT ( 'NONE',  ( 0.02487310514033500009, -0.001428780186301530130, 0.01453144296112819991 ) ) ;
#6144 = CARTESIAN_POINT ( 'NONE',  ( -0.002316479110288990374, 0.02561911490026850050, 0.05273332922067999751 ) ) ;
#6145 = LINE ( 'NONE', #5031, #5886 ) ;
#6146 = CARTESIAN_POINT ( 'NONE',  ( -0.02729982896176980089, -3.331159113590849983E-05, 0.006175217704936349951 ) ) ;
#6147 = CIRCLE ( 'NONE', #3022, 0.02056046467050398271 ) ;
#6148 = CARTESIAN_POINT ( 'NONE',  ( -0.02730487919462199972, -3.113955697154770067E-05, 0.006155385157790949774 ) ) ;
#6149 = CARTESIAN_POINT ( 'NONE',  ( 0.002701478161198450200, 0.02394811090137519832, 0.005742451886731779996 ) ) ;
#6150 = CARTESIAN_POINT ( 'NONE',  ( 0.02729834969703550177, 3.406834207256149955E-05, 0.006181889013820550047 ) ) ;
#6151 = CARTESIAN_POINT ( 'NONE',  ( 0.04967670737730039976, 4.931329513802669602E-05, -0.01332476220755379921 ) ) ;
#6152 = CARTESIAN_POINT ( 'NONE',  ( 0.004082290392022239894, -0.02375269536855790023, 0.05555007748341540125 ) ) ;
#6153 = CARTESIAN_POINT ( 'NONE',  ( -0.003089346389454799766, 0.02391055531183160221, 0.05665764356963089859 ) ) ;
#6154 = ORIENTED_EDGE ( 'NONE', *, *, #4929, .F. ) ;
#6155 = CARTESIAN_POINT ( 'NONE',  ( -9.625444954087241268E-05, -0.02729324911567164447, 0.006208199196711280260 ) ) ;
#6156 = CARTESIAN_POINT ( 'NONE',  ( 0.0001036876196782918463, 0.0001089463074955814438, -0.0002178926149911628333 ) ) ;
#6157 = CARTESIAN_POINT ( 'NONE',  ( 0.02402365881396084993, -0.001916736335629754939, -0.0003486887862628014955 ) ) ;
#6158 = PLANE ( 'NONE',  #1607 ) ;
#6159 = CARTESIAN_POINT ( 'NONE',  ( -0.02501654631110250201, 0.0005195640261177620614, 7.173554567547330268E-05 ) ) ;
#6160 = CARTESIAN_POINT ( 'NONE',  ( 0.000000000000000000, 0.000000000000000000, 0.02050000000000000086 ) ) ;
#6161 = CARTESIAN_POINT ( 'NONE',  ( -0.02728830161330769721, -4.860720474104890046E-05, 0.006294174026215500727 ) ) ;
#6162 = CARTESIAN_POINT ( 'NONE',  ( -0.000000000000000000, 0.001011339825917907187, 0.007657723727245455657 ) ) ;
#6163 = DIRECTION ( 'NONE',  ( 1.000000000000000000, 0.000000000000000000, 0.000000000000000000 ) ) ;
#6164 = CARTESIAN_POINT ( 'NONE',  ( 0.0001446863794110510152, -0.02727372978816470020, 0.006998958361461140101 ) ) ;
#6165 = CARTESIAN_POINT ( 'NONE',  ( 0.1889999999999998903, 0.000000000000000000, 0.000000000000000000 ) ) ;
#6166 = CARTESIAN_POINT ( 'NONE',  ( 0.0002153322155579780065, 0.04967670737730039976, -0.01252326239111050017 ) ) ;
#6167 = CARTESIAN_POINT ( 'NONE',  ( 0.001738334898151149823, -0.02405390401316160123, 0.005710143294358889683 ) ) ;
#6168 = CARTESIAN_POINT ( 'NONE',  ( -0.02446850983534399823, 0.003413133284201459727, 0.04555361522860360002 ) ) ;
#6169 = CARTESIAN_POINT ( 'NONE',  ( -1.741152579622096808E-05, -0.02530438510248631673, 0.002248336329238458629 ) ) ;
#6170 = CARTESIAN_POINT ( 'NONE',  ( 0.1566420320640504182, -0.02039840714278208164, -2.498084401511258400E-18 ) ) ;
#6171 = CARTESIAN_POINT ( 'NONE',  ( 1.223409797931033241E-05, 2.367459257430026793E-05, 5.798602803446904245E-21 ) ) ;
#6172 = CARTESIAN_POINT ( 'NONE',  ( -0.002792741997529670037, -0.02466479722220990198, 0.02866502014745300059 ) ) ;
#6173 = EDGE_LOOP ( 'NONE', ( #789, #2687 ) ) ;
#6174 = CARTESIAN_POINT ( 'NONE',  ( -0.04149169152544789768, 0.002179466390596129788, 0.03983547891524490125 ) ) ;
#6175 = CARTESIAN_POINT ( 'NONE',  ( 0.02454705282099390110, -0.003302386799243800086, 0.03714012866593110335 ) ) ;
#6176 = CARTESIAN_POINT ( 'NONE',  ( 0.001822654150342979977, 0.02628424132981969918, 0.02165400280423560031 ) ) ;
#6177 = DIRECTION ( 'NONE',  ( 0.000000000000000000, 0.000000000000000000, 1.000000000000000000 ) ) ;
#6178 = DIRECTION ( 'NONE',  ( 0.000000000000000000, 0.000000000000000000, 1.000000000000000000 ) ) ;
#6179 = CARTESIAN_POINT ( 'NONE',  ( -0.02622276767918129900, -0.003060762250457750317, 0.01575470110423880105 ) ) ;
#6180 = CARTESIAN_POINT ( 'NONE',  ( 0.003007685733945380125, 0.04967670737729480007, 0.02485341356265259941 ) ) ;
#6181 = ORIENTED_EDGE ( 'NONE', *, *, #1203, .T. ) ;
#6182 = CARTESIAN_POINT ( 'NONE',  ( -0.002701866495161900014, -0.02394806709278870030, 0.005745509008719970265 ) ) ;
#6183 = CARTESIAN_POINT ( 'NONE',  ( 0.001938162445346914946, -0.02402193843834105058, 0.000000000000000000 ) ) ;
#6184 = CARTESIAN_POINT ( 'NONE',  ( 0.02361105812402740020, 0.004831200753331930595, 0.05150662683492239491 ) ) ;
#6185 = CARTESIAN_POINT ( 'NONE',  ( -0.003604509015898369959, 0.02382906985888380222, 0.01428887664508239966 ) ) ;
#6186 = ORIENTED_EDGE ( 'NONE', *, *, #1843, .T. ) ;
#6187 = CARTESIAN_POINT ( 'NONE',  ( -0.0001387031868239264768, -0.02728733046295874279, 0.006516885652813770094 ) ) ;
#6188 = CIRCLE ( 'NONE', #3803, 0.01899999999999999953 ) ;
#6189 = CARTESIAN_POINT ( 'NONE',  ( 0.04967670737730009445, 0.0001619348072018310099, -0.01251463545584600122 ) ) ;
#6190 = CARTESIAN_POINT ( 'NONE',  ( 0.04967670737727229724, -0.001923791876105629883, 0.001599139545538189999 ) ) ;
#6191 = CARTESIAN_POINT ( 'NONE',  ( 0.04221866210052149793, -4.849583008288289843E-05, -0.007184927122913570621 ) ) ;
#6192 = CARTESIAN_POINT ( 'NONE',  ( -0.02663165868271440140, 7.415794859493830512E-05, 0.006004368120480840093 ) ) ;
#6193 = CARTESIAN_POINT ( 'NONE',  ( 1.223409797931033241E-05, -2.367459257430026793E-05, -2.899301401723452123E-21 ) ) ;
#6194 = CARTESIAN_POINT ( 'NONE',  ( 0.0004883675134226809654, -0.02737080095008699934, 0.002153697595065619599 ) ) ;
#6195 = CARTESIAN_POINT ( 'NONE',  ( -0.000000000000000000, 0.001331672369306330199, 0.01048714223451318282 ) ) ;
#6196 =( NAMED_UNIT ( * ) SI_UNIT ( $, .STERADIAN. ) SOLID_ANGLE_UNIT ( ) );
#6197 = CARTESIAN_POINT ( 'NONE',  ( 0.002007789058317400229, 0.02687961131723020161, 0.02307199690321069807 ) ) ;
#6198 = CARTESIAN_POINT ( 'NONE',  ( 0.02729844559941960180, 3.460743440938160426E-05, 0.006185642895680229514 ) ) ;
#6199 = CARTESIAN_POINT ( 'NONE',  ( 0.001716100214744349824, -0.02405551168311579821, 0.005533766602131139946 ) ) ;
#6200 = CARTESIAN_POINT ( 'NONE',  ( -0.02448754219418580041, -0.003375950308682100238, 0.04418282989825509516 ) ) ;
#6201 = CARTESIAN_POINT ( 'NONE',  ( -0.0001300137924454679999, -0.02512165982173130210, 0.008349336275530919865 ) ) ;
#6202 = CARTESIAN_POINT ( 'NONE',  ( -0.02349547810868200109, 0.005364003089293799785, 0.04134574866704900098 ) ) ;
#6203 = CARTESIAN_POINT ( 'NONE',  ( 0.1096666310221343366, -0.01735134774780398154, -2.124927248024078249E-18 ) ) ;
#6204 = CARTESIAN_POINT ( 'NONE',  ( -0.001334843512112760021, -0.02435339118756419882, 0.05819847610205700073 ) ) ;
#6205 = ORIENTED_EDGE ( 'NONE', *, *, #6014, .T. ) ;
#6206 = CARTESIAN_POINT ( 'NONE',  ( -0.04149169152544359557, -6.762427836814629797E-05, 0.04379003240612709680 ) ) ;
#6207 = CARTESIAN_POINT ( 'NONE',  ( 0.02445345420170529777, -0.003214576093129929788, 0.04970805291522470415 ) ) ;
#6208 = AXIS2_PLACEMENT_3D ( 'NONE', #597, #565, #1986 ) ;
#6209 = CARTESIAN_POINT ( 'NONE',  ( 0.002973639723561440074, 0.02591232338968360235, 0.03856643018196220102 ) ) ;
#6210 = DIRECTION ( 'NONE',  ( -1.000000000000000000, -0.000000000000000000, -0.000000000000000000 ) ) ;
#6211 = CARTESIAN_POINT ( 'NONE',  ( 0.02409999999999999296, 0.02409999999999999296, 0.06813473812597228840 ) ) ;
#6212 = CARTESIAN_POINT ( 'NONE',  ( -0.002642501196860349861, 0.02395469091472689910, 0.005684040048392530013 ) ) ;
#6213 = CARTESIAN_POINT ( 'NONE',  ( 0.003044401677081210074, 0.02512165982172359993, 0.04286488461258040200 ) ) ;
#6214 = CARTESIAN_POINT ( 'NONE',  ( 0.1639999999999998959, 0.000000000000000000, 0.01874999999999999931 ) ) ;
#6215 = CARTESIAN_POINT ( 'NONE',  ( -0.004710502887297359810, -0.02363551123368489923, 0.05275132697484259670 ) ) ;
#6216 = CARTESIAN_POINT ( 'NONE',  ( 0.02730408992393754813, -9.260469555341528907E-05, 0.006173173447804349706 ) ) ;
#6217 = B_SPLINE_CURVE_WITH_KNOTS ( 'NONE', 3,
 ( #3611, #2811, #362, #2748, #874, #3831, #1356, #2327, #4314, #2841, #3204, #737, #928, #1990, #1895, #34, #1383, #3918, #4367, #5478, #2902, #3368, #4885, #4984, #5899, #1025, #505, #6390, #5933, #2968, #3979, #538, #1473, #5380, #1440, #5867, #445, #1925, #6361, #2418, #1958, #1510, #3950, #3002, #475, #4396, #992, #3431, #5410 ),
 .UNSPECIFIED., .F., .F.,
 ( 4, 1, 1, 1, 1, 1, 1, 1, 1, 1, 1, 1, 1, 1, 1, 1, 1, 1, 1, 1, 1, 1, 1, 1, 1, 1, 1, 1, 1, 1, 1, 1, 1, 1, 1, 1, 1, 1, 1, 1, 1, 1, 1, 1, 2, 4 ),
 ( 0.4996299139351041418, 0.4999797561108939026, 0.5166457479812575082, 0.5333117398516201701, 0.5499777317219837203, 0.5666437235923464932, 0.5833097154627101544, 0.5999757073330737045, 0.6124752012358456454, 0.6249746951386176974, 0.6374741890413906376, 0.6499736829441626895, 0.6624731768469356297, 0.6749726707497076816, 0.6874721646524806218, 0.6999716585552526738, 0.7124711524580247257, 0.7249706463607975548, 0.7374701402635696068, 0.7499696341663424359, 0.7624691280691144879, 0.7749686219718865399, 0.7874681158746594800, 0.7999676097774315320, 0.8124671036802044721, 0.8249665975829765241, 0.8374660914857494642, 0.8499655853885215162, 0.8624650792912934572, 0.8749645731940663973, 0.8874640670968384493, 0.8999635609996112784, 0.9124630549023833304, 0.9249625488051558264, 0.9374620427079282114, 0.9499615366107007075, 0.9624610305134730925, 0.9749605244162455886, 0.9874600183190178626, 0.9937097652704041106, 0.9968346387460971236, 0.9983970754839437411, 0.9991782938528670499, 0.9995689030373287043, 0.9999595122217902476, 1.000000000000000000 ),
 .UNSPECIFIED. ) ;
#6218 = CARTESIAN_POINT ( 'NONE',  ( 0.02405848497929440055, 0.001655454474567860049, 0.05996208292699709702 ) ) ;
#6219 = CARTESIAN_POINT ( 'NONE',  ( 0.003844716643126959866, 0.02380577260187249911, 0.02571463292040060064 ) ) ;
#6220 = ORIENTED_EDGE ( 'NONE', *, *, #6293, .F. ) ;
#6221 = CARTESIAN_POINT ( 'NONE',  ( -0.0001842608567085077926, -0.02727726148775874368, 0.006854744181892639260 ) ) ;
#6222 = CARTESIAN_POINT ( 'NONE',  ( 0.0004817771452915797304, 0.0003404228950179932593, 0.000000000000000000 ) ) ;
#6223 = CARTESIAN_POINT ( 'NONE',  ( 0.02512165982172540057, -0.0004150945801003209901, 0.01043256331049160004 ) ) ;
#6224 = CARTESIAN_POINT ( 'NONE',  ( 0.02730257154696320160, -9.250754755180709121E-05, 0.006173839740804289850 ) ) ;
#6225 = CARTESIAN_POINT ( 'NONE',  ( -0.02737777076049650177, 0.0007798187591258270253, 0.0003393759012199139584 ) ) ;
#6226 = CARTESIAN_POINT ( 'NONE',  ( 0.02395844704174479936, 0.002608273320434970153, 0.005407341021234530164 ) ) ;
#6227 = CARTESIAN_POINT ( 'NONE',  ( -0.02709504573429370039, -0.001087833207839949967, 0.01463072943208749976 ) ) ;
#6228 = CARTESIAN_POINT ( 'NONE',  ( -0.000000000000000000, 0.002674024367033337856, 0.02571976937549171061 ) ) ;
#6229 = CARTESIAN_POINT ( 'NONE',  ( -3.466569458198779936E-05, 0.04221725481721219642, -0.006890775929810969563 ) ) ;
#6230 = CARTESIAN_POINT ( 'NONE',  ( -0.02345393969811690113, -3.439714485967550021E-05, 0.009553984477418229690 ) ) ;
#6231 = CARTESIAN_POINT ( 'NONE',  ( 0.001876614439124289855, 0.02691438737894909922, 0.02165980388999079811 ) ) ;
#6232 = EDGE_CURVE ( 'NONE', #3476, #6109, #3993, .T. ) ;
#6233 = CARTESIAN_POINT ( 'NONE',  ( 0.02675249179162370039, 0.002420065709962510112, 0.02873448345286960109 ) ) ;
#6234 = CARTESIAN_POINT ( 'NONE',  ( 0.001671251931875189977, -0.02405870500247559926, 0.005181958129584749578 ) ) ;
#6235 = CARTESIAN_POINT ( 'NONE',  ( -0.02485922236979489983, -0.001533865883670930191, 0.01597402911429100097 ) ) ;
#6236 = AXIS2_PLACEMENT_3D ( 'NONE', #1705, #195, #6135 ) ;
#6237 = CARTESIAN_POINT ( 'NONE',  ( -0.0002161468344099859982, -0.04149169152544399802, -0.005355337513910619733 ) ) ;
#6238 = CARTESIAN_POINT ( 'NONE',  ( -0.02360556861066850226, 0.004857922000957189818, 0.02849565284696079989 ) ) ;
#6239 = CARTESIAN_POINT ( 'NONE',  ( 0.1621912153200378293, -0.02054251265073872221, 0.04108502530147743054 ) ) ;
#6240 = CARTESIAN_POINT ( 'NONE',  ( 0.003192366382576880199, -0.02446398602183379872, 0.04926461068095550067 ) ) ;
#6241 = ORIENTED_EDGE ( 'NONE', *, *, #4974, .T. ) ;
#6242 = CARTESIAN_POINT ( 'NONE',  ( -0.04967670737730149610, 0.0005247730781380139341, 0.03650194262433899967 ) ) ;
#6243 = CARTESIAN_POINT ( 'NONE',  ( 0.02661399480844809859, -6.409291015681159399E-05, 0.006575694280949679303 ) ) ;
#6244 = CARTESIAN_POINT ( 'NONE',  ( 0.001956301631264160002, 0.02625289500175379681, 0.02306596794889769972 ) ) ;
#6245 = CARTESIAN_POINT ( 'NONE',  ( 3.331159113593510344E-05, -0.02729982896176980089, 0.006175217704936550311 ) ) ;
#6246 = CARTESIAN_POINT ( 'NONE',  ( -7.752104750416778688E-06, -0.02729834969703550177, 0.005885252926493710415 ) ) ;
#6247 = CARTESIAN_POINT ( 'NONE',  ( -0.001757325451604920029, 0.02405252023859439856, 0.005861492531582199531 ) ) ;
#6248 = CARTESIAN_POINT ( 'NONE',  ( 0.001923791876105740038, 0.04967670737727229724, 0.001599139545538199973 ) ) ;
#6249 = CARTESIAN_POINT ( 'NONE',  ( -0.002360447759929709764, -0.02398989424150459876, 0.05929427965662480149 ) ) ;
#6250 = CARTESIAN_POINT ( 'NONE',  ( 0.02366039954485840008, 0.004585860149077780265, 0.05323446873446600197 ) ) ;
#6251 =( REPRESENTATION_RELATIONSHIP ('NONE','NONE', #4767, #3272 ) REPRESENTATION_RELATIONSHIP_WITH_TRANSFORMATION ( #5870 )SHAPE_REPRESENTATION_RELATIONSHIP( ) );
#6252 = CARTESIAN_POINT ( 'NONE',  ( 0.02381145009066980289, -0.003737061806548630256, 0.05689200931953299761 ) ) ;
#6253 = CARTESIAN_POINT ( 'NONE',  ( 0.002580189321420209986, 0.02396941572499200132, 0.05797493791891510095 ) ) ;
#6254 = VERTEX_POINT ( 'NONE', #5160 ) ;
#6255 = CARTESIAN_POINT ( 'NONE',  ( -0.008740922559727909782, -6.204376545848440069E-05, -0.007317781994031259847 ) ) ;
#6256 = CARTESIAN_POINT ( 'NONE',  ( 0.01934902983291604539, -0.005342002697548650994, -6.542066504589481445E-19 ) ) ;
#6257 = CARTESIAN_POINT ( 'NONE',  ( 0.04149169152544189554, -0.0002161468344099889798, -0.005355337513908839907 ) ) ;
#6258 = DIRECTION ( 'NONE',  ( 0.000000000000000000, 0.000000000000000000, 1.000000000000000000 ) ) ;
#6259 = CARTESIAN_POINT ( 'NONE',  ( 0.4570000000000000173, 2.510525938252074293E-18, -0.02050000000000000086 ) ) ;
#6260 = CARTESIAN_POINT ( 'NONE',  ( -0.02395355126310079810, -0.002652806461803030019, 0.005767368159644520841 ) ) ;
#6261 = CARTESIAN_POINT ( 'NONE',  ( -0.02699300854080619733, -0.001543508549933760065, 0.01886909736511310082 ) ) ;
#6262 = CARTESIAN_POINT ( 'NONE',  ( -0.000000000000000000, -0.002714171462107211035, 0.02648419075829309272 ) ) ;
#6263 = CARTESIAN_POINT ( 'NONE',  ( 2.716850332799836121E-05, 0.02345393969811700174, 0.02071345778977801144 ) ) ;
#6264 = FILL_AREA_STYLE ('',( #192 ) ) ;
#6265 = CARTESIAN_POINT ( 'NONE',  ( 0.0001466097591597669968, 0.02728554823658959835, 0.006574937263416450427 ) ) ;
#6266 = CARTESIAN_POINT ( 'NONE',  ( -0.02698934594255346375, 2.841210771721486620E-05, 0.005892879341580876604 ) ) ;
#6267 = CARTESIAN_POINT ( 'NONE',  ( 0.0003041419687756580161, -0.02498320985674769984, 0.006105234027478620255 ) ) ;
#6268 = CARTESIAN_POINT ( 'NONE',  ( -0.02494158875104689893, 0.0008021649796963738980, 0.009365512336647171393 ) ) ;
#6269 = CARTESIAN_POINT ( 'NONE',  ( -0.003008877065065609663, -0.04149169152543819711, 0.03201092367927789450 ) ) ;
#6270 = CARTESIAN_POINT ( 'NONE',  ( -0.02364934496904290070, 0.004642515555994920079, 0.05322122782082389786 ) ) ;
#6271 = CARTESIAN_POINT ( 'NONE',  ( -0.02644721463838920622, -0.002972572859510988572, 0.04137950082117590467 ) ) ;
#6272 = CARTESIAN_POINT ( 'NONE',  ( 0.0003556588824170130105, -0.02497883809476509828, 0.006460805923511329929 ) ) ;
#6273 = CARTESIAN_POINT ( 'NONE',  ( -0.03330667567358510522, 0.002579771726724730107, 0.04454780323681770127 ) ) ;
#6274 = CARTESIAN_POINT ( 'NONE',  ( 0.02438710780611319864, 0.001605394019602639829, 0.05764719064446760521 ) ) ;
#6275 = CARTESIAN_POINT ( 'NONE',  ( 0.002890354222697680102, 0.02656711578437529961, 0.03576411284235329890 ) ) ;
#6276 = CARTESIAN_POINT ( 'NONE',  ( 0.000000000000000000, 2.510525938252074293E-18, -0.02050000000000000086 ) ) ;
#6277 = CARTESIAN_POINT ( 'NONE',  ( 1.278025071373839980E-05, -0.02729834969703569952, 0.006030887249564860497 ) ) ;
#6278 = CARTESIAN_POINT ( 'NONE',  ( 0.003041894251109240020, 0.04967670737729299596, 0.02139080718404419781 ) ) ;
#6279 = CARTESIAN_POINT ( 'NONE',  ( 0.004654342317728410103, -0.02364663911742949723, 0.05276323476688250108 ) ) ;
#6280 = CARTESIAN_POINT ( 'NONE',  ( 0.02351050904869239969, 0.005297744846040179818, 0.03993143114465809440 ) ) ;
#6281 = CARTESIAN_POINT ( 'NONE',  ( 0.02366729565360439769, -0.004546797543958579560, 0.02421969263016329754 ) ) ;
#6282 = CARTESIAN_POINT ( 'NONE',  ( 0.002800715126554930226, 0.02395242321222499846, 0.01435943607664770007 ) ) ;
#6283 = VERTEX_POINT ( 'NONE', #711 ) ;
#6284 = CARTESIAN_POINT ( 'NONE',  ( 0.02725433077140949553, -0.0003114775022744477816, 0.007801812582645039837 ) ) ;
#6285 = CARTESIAN_POINT ( 'NONE',  ( 0.1096666310221343366, -0.01735134774780398154, -2.124927248024078249E-18 ) ) ;
#6286 = CARTESIAN_POINT ( 'NONE',  ( 0.03330667567358390480, -0.0004143321045390440369, 0.003265154529900119590 ) ) ;
#6287 = FACE_OUTER_BOUND ( 'NONE', #514, .T. ) ;
#6288 = CARTESIAN_POINT ( 'NONE',  ( 0.02706126746707483016, -2.844354503633301351E-05, 0.005877936846290691443 ) ) ;
#6289 = CARTESIAN_POINT ( 'NONE',  ( -0.02402084958175899898, -0.001951657932118410106, 0.0001087134773265019876 ) ) ;
#6290 = CARTESIAN_POINT ( 'NONE',  ( 0.001753537885072658283, -0.02403683756763621074, 8.750658005922815696E-20 ) ) ;
#6291 = CARTESIAN_POINT ( 'NONE',  ( -0.000000000000000000, -0.002685657182316956819, 0.02600280918052239390 ) ) ;
#6292 = DIRECTION ( 'NONE',  ( 1.000000000000000000, 0.000000000000000000, 0.000000000000000000 ) ) ;
#6293 = EDGE_CURVE ( 'NONE', #2097, #6087, #4608, .T. ) ;
#6294 = DIRECTION ( 'NONE',  ( 8.720158745976695606E-05, -0.7522870727714127126, -0.6588354517911906294 ) ) ;
#6295 = CARTESIAN_POINT ( 'NONE',  ( 0.000000000000000000, -6.098987242249010045E-05, 0.0003364272128793809893 ) ) ;
#6296 = CARTESIAN_POINT ( 'NONE',  ( 0.03838076630220227381, 0.008708065292970721544, 0.000000000000000000 ) ) ;
#6297 = CARTESIAN_POINT ( 'NONE',  ( -0.0006391443749094210180, -0.02667650915487869770, 0.001953180320374630144 ) ) ;
#6298 = CARTESIAN_POINT ( 'NONE',  ( -0.02446671716545549893, -0.003246535226812969927, 0.04834802367420559799 ) ) ;
#6299 = CARTESIAN_POINT ( 'NONE',  ( -0.002185477076020880035, -0.02512165982173170109, 0.05415152050172020171 ) ) ;
#6300 = CARTESIAN_POINT ( 'NONE',  ( -0.02372004397301820042, 0.004269891424926449547, 0.05507889928210830260 ) ) ;
#6301 = CARTESIAN_POINT ( 'NONE',  ( 0.0003322419265101519579, -0.02656423723541979920, 0.008992966002235569176 ) ) ;
#6302 = CARTESIAN_POINT ( 'NONE',  ( -0.04149169152544789768, 0.002407100079350159814, 0.03854273739595269477 ) ) ;
#6303 = CARTESIAN_POINT ( 'NONE',  ( 0.04967670737730060099, -6.313662641626370391E-06, -0.01372070392779610112 ) ) ;
#6304 = CARTESIAN_POINT ( 'NONE',  ( 0.02444483742165179732, -0.002581226085841830005, 0.05458671330249159626 ) ) ;
#6305 = CARTESIAN_POINT ( 'NONE',  ( -0.0003322441360001560009, 0.02656435552120479937, 0.008993121573721530107 ) ) ;
#6306 = CARTESIAN_POINT ( 'NONE',  ( -2.337748516130670138E-05, 0.02730296596584709870, 0.006102006287700069594 ) ) ;
#6307 = CARTESIAN_POINT ( 'NONE',  ( -0.02446730543952008521, 0.0005724932093984606840, 2.541098841762901499E-19 ) ) ;
#6308 = UNCERTAINTY_MEASURE_WITH_UNIT (LENGTH_MEASURE( 1.000000000000000082E-05 ), #3853, 'distance_accuracy_value', 'NONE');
#6309 = CARTESIAN_POINT ( 'NONE',  ( -0.001435205218255179932, 0.02512165982172410300, 0.05650321353124320573 ) ) ;
#6310 = CARTESIAN_POINT ( 'NONE',  ( -0.001857729091738230098, -0.02404500596738450013, 0.006226234588513790413 ) ) ;
#6311 = CARTESIAN_POINT ( 'NONE',  ( 0.002128447546869549969, -0.02400586582984060025, 0.001533552523338580029 ) ) ;
#6312 = EDGE_CURVE ( 'NONE', #2040, #740, #734, .T. ) ;
#6313 = CARTESIAN_POINT ( 'NONE',  ( 0.02352533630918370033, 0.005231561963405509906, 0.03706764513470829636 ) ) ;
#6314 = EDGE_CURVE ( 'NONE', #4713, #43, #1971, .T. ) ;
#6315 = CARTESIAN_POINT ( 'NONE',  ( -0.004405484644768970295, 0.02370727332911010121, 0.03567271688566909377 ) ) ;
#6316 = CARTESIAN_POINT ( 'NONE',  ( 0.001244890667682985739, -0.02706132626042415459, 0.01604391690396880094 ) ) ;
#6317 = CARTESIAN_POINT ( 'NONE',  ( 0.01210347882708783310, 0.003797319272488451462, 0.000000000000000000 ) ) ;
#6318 = CARTESIAN_POINT ( 'NONE',  ( 0.04149169152543439459, -0.003042728238616509984, 0.02854883648352959935 ) ) ;
#6319 = FACE_OUTER_BOUND ( 'NONE', #1101, .T. ) ;
#6320 = PLANE ( 'NONE',  #4406 ) ;
#6321 = CARTESIAN_POINT ( 'NONE',  ( 0.02402193843888615274, 0.001938162438590935056, 0.000000000000000000 ) ) ;
#6322 = CARTESIAN_POINT ( 'NONE',  ( -0.0001973232016933730028, 0.02734131036354900054, 0.004164030710748399360 ) ) ;
#6323 = CARTESIAN_POINT ( 'NONE',  ( -0.000000000000000000, -0.002847068019336459425, 0.04064584619658007797 ) ) ;
#6324 = SHAPE_REPRESENTATION_RELATIONSHIP ( 'NONE' , 'NONE' ,  #5431, #154 ) ;
#6325 = B_SPLINE_CURVE_WITH_KNOTS ( 'NONE', 3,
 ( #2159, #3634, #2294, #6169, #803, #4178, #5708, #736, #3768, #2715, #3203, #5740, #1291, #4631, #4695, #2747, #2225, #328, #4246, #4148, #669, #702 ),
 .UNSPECIFIED., .F., .F.,
 ( 4, 2, 2, 2, 2, 2, 2, 2, 2, 2, 4 ),
 ( 7.264632480205209761E-17, 0.001707580017957222940, 0.003415160035914374323, 0.004268950044892950123, 0.005122740053871525055, 0.005549635058360812521, 0.005976530062850099988, 0.006189977565094740251, 0.006403425067339380515, 0.006616872569584019911, 0.006830320071828659308 ),
 .UNSPECIFIED. ) ;
#6326 = CARTESIAN_POINT ( 'NONE',  ( 0.02409999999999999296, 0.000000000000000000, 0.06813473812597234391 ) ) ;
#6327 = CARTESIAN_POINT ( 'NONE',  ( -0.002972572662232220164, 0.02644721353322010068, 0.04137949941136579574 ) ) ;
#6328 = CARTESIAN_POINT ( 'NONE',  ( 0.002404526638431369982, 0.04967670737730599945, 0.03138504530125099667 ) ) ;
#6329 = CARTESIAN_POINT ( 'NONE',  ( -0.0007234790659745680020, -0.02668234945268749964, 0.001349511975376209991 ) ) ;
#6330 = CARTESIAN_POINT ( 'NONE',  ( -0.02662896567651269752, 6.646357125307360111E-06, 0.006170570179622600002 ) ) ;
#6331 = CARTESIAN_POINT ( 'NONE',  ( -0.001508684843571919936, -0.04149169152544529560, 0.04212731087740669705 ) ) ;
#6332 = CARTESIAN_POINT ( 'NONE',  ( -0.02355296669934419870, 0.005105839137111590348, 0.03277674274310120317 ) ) ;
#6333 = CARTESIAN_POINT ( 'NONE',  ( 0.002378543776357409673, -0.02563227344011919859, 0.05229675531442059405 ) ) ;
#6334 = ITEM_DEFINED_TRANSFORMATION ( 'NONE', 'NONE', #112,  #5181 ) ;
#6335 = CARTESIAN_POINT ( 'NONE',  ( -0.03330667567358500114, -0.001971958465186360136, 0.04763333915137659552 ) ) ;
#6336 = VECTOR ( 'NONE', #4039, 1.000000000000000000 ) ;
#6337 = CARTESIAN_POINT ( 'NONE',  ( 0.02573183047054789993, 0.002798661538622530288, 0.04829201290623109932 ) ) ;
#6338 = ADVANCED_FACE ( 'NONE', ( #1410 ), #5457, .T. ) ;
#6339 = CARTESIAN_POINT ( 'NONE',  ( -0.002028348554453890049, 0.02623189236011580147, 0.02450499793798570011 ) ) ;
#6340 = CARTESIAN_POINT ( 'NONE',  ( -0.02358614018073009952, 0.004952897184144389349, 0.05102639965593220445 ) ) ;
#6341 = CARTESIAN_POINT ( 'NONE',  ( -0.02494384536677880099, 1.151866342497830084E-05, 6.768093030462551099E-15 ) ) ;
#6342 = CARTESIAN_POINT ( 'NONE',  ( -0.0005401527661486709960, 0.02512165982172390177, 0.05793822995962739919 ) ) ;
#6343 = CARTESIAN_POINT ( 'NONE',  ( -0.001818519155899280025, -0.02404801320489809852, 0.005916851932148819819 ) ) ;
#6344 = CARTESIAN_POINT ( 'NONE',  ( 0.002642501196818419860, -0.02395469091473189857, 0.005684040048399080329 ) ) ;
#6345 = CARTESIAN_POINT ( 'NONE',  ( 0.02364913802149690158, 0.004640833513175899802, 0.02614121136147410165 ) ) ;
#6346 = CARTESIAN_POINT ( 'NONE',  ( -0.003909865071210309566, 0.02379117204665519986, 0.05310154416824459933 ) ) ;
#6347 = CARTESIAN_POINT ( 'NONE',  ( 8.203185272028659463E-05, -0.02728767847910784639, 0.006533656315777010108 ) ) ;
#6348 = CARTESIAN_POINT ( 'NONE',  ( 0.01210347882708783310, -0.003797319272488451462, -4.650374892393538109E-19 ) ) ;
#6349 = CARTESIAN_POINT ( 'NONE',  ( 0.04967670737730160019, 7.500976252172390356E-05, 0.03662082091003470569 ) ) ;
#6350 = ORIENTED_EDGE ( 'NONE', *, *, #364, .T. ) ;
#6351 = CARTESIAN_POINT ( 'NONE',  ( -0.0002490005329145067751, 0.02468085422782882038, 4.804264997707990152E-20 ) ) ;
#6352 = CARTESIAN_POINT ( 'NONE',  ( 0.001003722023055095888, 0.02409649484081315129, -0.0002153148712756274973 ) ) ;
#6353 = CARTESIAN_POINT ( 'NONE',  ( 0.000000000000000000, 0.0002543153367487415426, 0.05032455140151713413 ) ) ;
#6354 = APPLICATION_PROTOCOL_DEFINITION ( 'draft international standard', 'automotive_design', 1998, #3128 ) ;
#6355 = CARTESIAN_POINT ( 'NONE',  ( -0.02400224714012989813, 0.002184009799340480302, 0.001721876379302310052 ) ) ;
#6356 = CARTESIAN_POINT ( 'NONE',  ( -0.01748184511945580222, -6.252188272924760098E-05, -0.01497609067570260070 ) ) ;
#6357 = CARTESIAN_POINT ( 'NONE',  ( 0.003007685733945380125, 0.04967670737729480007, 0.02485341356265259941 ) ) ;
#6358 = CARTESIAN_POINT ( 'NONE',  ( -9.872904318276570898E-05, -0.02663309369324000017, 0.005827208723202259751 ) ) ;
#6359 = CARTESIAN_POINT ( 'NONE',  ( -0.02658672297090599809, 0.0002320296285833309995, 0.007801598077434459752 ) ) ;
#6360 = CARTESIAN_POINT ( 'NONE',  ( -0.001517258888832789983, -0.02512165982173149986, 0.05644661915634240079 ) ) ;
#6361 = CARTESIAN_POINT ( 'NONE',  ( 0.02390761684844409929, -0.003040536819904630234, 0.008581743190296049068 ) ) ;
#6362 = CARTESIAN_POINT ( 'NONE',  ( -0.002652823356354249828, 0.02395354939223150181, 0.005767505141804430205 ) ) ;
#6363 = CARTESIAN_POINT ( 'NONE',  ( 0.001216823612868589985, -0.02525715803924479669, 0.05690691956451079947 ) ) ;
#6364 = ITEM_DEFINED_TRANSFORMATION ( 'NONE', 'NONE', #3844,  #5181 ) ;
#6365 = CARTESIAN_POINT ( 'NONE',  ( -0.04967670737730149610, -0.001979508078096270385, 0.03327148758153540553 ) ) ;
#6366 = CARTESIAN_POINT ( 'NONE',  ( 0.02591232364342559852, -0.002973639746781059877, 0.03856643043578039665 ) ) ;
#6367 = CARTESIAN_POINT ( 'NONE',  ( -0.001484670515324399906, 0.02635503497541830109, 0.01886407451893349838 ) ) ;
#6368 = CARTESIAN_POINT ( 'NONE',  ( -0.02395265218983749778, 0.002803037328782600080, 0.01435912204378850081 ) ) ;
#6369 = CARTESIAN_POINT ( 'NONE',  ( -0.004265862630748499910, 0.02371955758104279943, 0.02140385968764150007 ) ) ;
#6370 = CARTESIAN_POINT ( 'NONE',  ( -0.002562257007863920095, 0.02512165982172440137, 0.05150874381174250227 ) ) ;
#6371 = CARTESIAN_POINT ( 'NONE',  ( 0.004607604410238969918, -0.02365576690723589920, 0.02566741153500200212 ) ) ;
#6372 = CARTESIAN_POINT ( 'NONE',  ( -0.001872015784316520028, -0.04967670737730189856, 0.03395040142086400148 ) ) ;
#6373 = CARTESIAN_POINT ( 'NONE',  ( 0.02366610760014949827, -0.004616425599691970083, 0.04276831791792439635 ) ) ;
#6374 = CARTESIAN_POINT ( 'NONE',  ( -0.003039803849639589797, 0.02392293388770560039, 0.01722815595133780214 ) ) ;
#6375 = CARTESIAN_POINT ( 'NONE',  ( 0.001447425847471096351, -0.02701584102260045153, 0.01792769636417478746 ) ) ;
#6376 = CARTESIAN_POINT ( 'NONE',  ( 0.1639999999999998959, 0.02056046467050398271, 0.000000000000000000 ) ) ;
#6377 = CARTESIAN_POINT ( 'NONE',  ( 0.02512165982172540057, 5.240920250803600124E-05, 0.05812830946985689945 ) ) ;
#6378 = CARTESIAN_POINT ( 'NONE',  ( -0.002960825893239610145, 0.04149169152544309597, 0.02645406978912629922 ) ) ;
#6379 = VERTEX_POINT ( 'NONE', #6099 ) ;
#6380 = CARTESIAN_POINT ( 'NONE',  ( -0.0008686125815274579670, 0.02670724897241140081, 0.0001482569609459779940 ) ) ;
#6381 = CARTESIAN_POINT ( 'NONE',  ( -0.000000000000000000, -0.001508302677428283167, 0.01216963461403200962 ) ) ;
#6382 = CARTESIAN_POINT ( 'NONE',  ( -0.02658995183969390871, 0.002850183366332436231, 0.03482699068456970165 ) ) ;
#6383 = CYLINDRICAL_SURFACE ( 'NONE', #576, 0.01899999999999999953 ) ;
#6384 = CARTESIAN_POINT ( 'NONE',  ( 0.000000000000000000, -6.053938880592439761E-05, 0.0003332247351875300152 ) ) ;
#6385 = AXIS2_PLACEMENT_3D ( 'NONE', #2188, #1254, #5639 ) ;
#6386 = CARTESIAN_POINT ( 'NONE',  ( -8.392809770254470384E-05, 0.04967670737730019853, -0.01307724465576839967 ) ) ;
#6387 = CARTESIAN_POINT ( 'NONE',  ( -4.813195489823400195E-05, -0.02662503704592479939, 0.006186864140998269736 ) ) ;
#6388 = CARTESIAN_POINT ( 'NONE',  ( -0.02613835758947100074, -0.002379139223164019983, 0.02872820456275370152 ) ) ;
#6389 = CARTESIAN_POINT ( 'NONE',  ( -0.002761450477331469852, -0.02512165982173149986, 0.03281880737045830138 ) ) ;
#6390 = CARTESIAN_POINT ( 'NONE',  ( 0.02366729565360439769, -0.004546797543958579560, 0.02421969263016329754 ) ) ;
#6391 = CARTESIAN_POINT ( 'NONE',  ( -0.0003047933868093519985, 0.02498305425696679960, 0.006108907321685309692 ) ) ;
#6392 = CARTESIAN_POINT ( 'NONE',  ( 0.001631225996996819990, -0.02632458426315590141, 0.02027613124851319892 ) ) ;
#6393 = CONTEXT_DEPENDENT_SHAPE_REPRESENTATION ( #2671, #1565 ) ;
#6394 = CARTESIAN_POINT ( 'NONE',  ( -0.04149169152544249922, -4.984091812437619874E-05, -0.006146545716694910670 ) ) ;
#6395 = CARTESIAN_POINT ( 'NONE',  ( 0.02649948483841989971, -0.0007429585570963339594, 0.01178174711616570072 ) ) ;
#6396 = CARTESIAN_POINT ( 'NONE',  ( 0.0001045067605053240042, 0.02729261459665580092, 0.006267544529941730148 ) ) ;
#6397 = CARTESIAN_POINT ( 'NONE',  ( -0.02366039916450679917, -0.004585836190941010651, 0.05323446686546470102 ) ) ;
#6398 = CARTESIAN_POINT ( 'NONE',  ( 0.02729839739665199799, 3.460151092782065059E-05, 0.006185642976533210075 ) ) ;
#6399 = CARTESIAN_POINT ( 'NONE',  ( -0.002981556986462490042, 0.02512165982172390177, 0.04365480219973010001 ) ) ;
#6400 = CARTESIAN_POINT ( 'NONE',  ( 0.003604506865178470042, -0.02382907021258010016, 0.01428887826512729997 ) ) ;
#6401 = VERTEX_POINT ( 'NONE', #5540 ) ;
#6402 = CARTESIAN_POINT ( 'NONE',  ( -0.002404526638431339625, -0.04967670737730589536, 0.03138504530125089953 ) ) ;
#6403 = CARTESIAN_POINT ( 'NONE',  ( 0.02393057884607370164, 0.002853603931880159972, 0.007426516648540190495 ) ) ;
#6404 = CARTESIAN_POINT ( 'NONE',  ( -0.003177456667366870043, 0.02390486385814379749, 0.01864775397965379861 ) ) ;
#6405 = CARTESIAN_POINT ( 'NONE',  ( 0.02587081780267438610, -2.350964186155069370E-05, 0.004454410993212352433 ) ) ;
#6406 = EDGE_CURVE ( 'NONE', #6109, #6409, #3626, .T. ) ;
#6407 = CARTESIAN_POINT ( 'NONE',  ( 0.002516348325271062971, -0.02621122068060067686, 0.05081450122343932063 ) ) ;
#6408 = CARTESIAN_POINT ( 'NONE',  ( -0.02730659893060220084, 2.828339077276530199E-05, 0.005732395045064299886 ) ) ;
#6409 = VERTEX_POINT ( 'NONE', #5018 ) ;
#6410 = CARTESIAN_POINT ( 'NONE',  ( 0.03330667567358390480, 5.979468666162790475E-05, 0.05095909797376400180 ) ) ;
#6411 = CARTESIAN_POINT ( 'NONE',  ( -0.002983378745826580254, 0.04149169152544089634, 0.02927686816869309872 ) ) ;
#6412 = SURFACE_SIDE_STYLE ('',( #3487 ) ) ;
#6413 = CARTESIAN_POINT ( 'NONE',  ( 0.002442990193286470081, 0.02397726976084780040, 0.003732162450670740116 ) ) ;
#6414 = CARTESIAN_POINT ( 'NONE',  ( 0.004655095815421149592, 0.02364622467042000117, 0.02564456829632520002 ) ) ;
#6415 = NEXT_ASSEMBLY_USAGE_OCCURRENCE ( 'NAUO1', ' ', ' ', #1694, #1494, $ ) ;
#6416 = NEXT_ASSEMBLY_USAGE_OCCURRENCE ( 'NAUO2', ' ', ' ', #1694, #2377, $ ) ;
#6417 = NEXT_ASSEMBLY_USAGE_OCCURRENCE ( 'NAUO3', ' ', ' ', #1694, #2570, $ ) ;
#6418 = NEXT_ASSEMBLY_USAGE_OCCURRENCE ( 'NAUO4', ' ', ' ', #2377, #5557, $ ) ;
#6419 = NEXT_ASSEMBLY_USAGE_OCCURRENCE ( 'NAUO5', ' ', ' ', #2377, #5834, $ ) ;
#6420 = NEXT_ASSEMBLY_USAGE_OCCURRENCE ( 'NAUO6', ' ', ' ', #2377, #5834, $ ) ;
#6421 = NEXT_ASSEMBLY_USAGE_OCCURRENCE ( 'NAUO7', ' ', ' ', #2377, #5834, $ ) ;
#6422 = NEXT_ASSEMBLY_USAGE_OCCURRENCE ( 'NAUO8', ' ', ' ', #2377, #5834, $ ) ;
ENDSEC;
END-ISO-10303-21;
